id,examYear,examRound,questionNumber,category,questionText,choice1,choice2,choice3,choice4,choice5,correctChoice,explanation,source,keywords,needsLegalReview
2024-36-001,2024,36,1,人間の尊厳と自立,"Ａさん（76歳、女性、要支援1）は、一人暮らしである。週1回介護予防通所リハビリテーションを利用しながら、近所の友人たちとの麻雀｛まーじゃん｝を楽しみに生活している。最近、膝に痛みを感じ、変形性膝関節症（knee osteoarthritis）と診断された。同時期に友人が入院し、楽しみにしていた麻雀｛まーじゃん｝ができなくなった。Ａさんは徐々に今後の生活に不安を感じるようになった。ある日、「自宅で暮らし続けたいけど、心配なの…」と介護福祉職に話した。
Ａさんに対する介護福祉職の対応として、最も適切なものを1つ選びなさい。",要介護認定の申請を勧める。,友人のお見舞いを勧める。,膝の精密検査を勧める。,別の趣味活動の希望を聞く。,生活に対する思いを聞く。,5,正解は選択肢5「生活に対する思いを聞く。」である。本人の言葉を遮らずに確認することで、表面の訴えだけでなく背景にあるニーズを把握できる。本人の価値観と意思決定を起点に、残存能力を生かす支援を考える。,公益財団法人 社会福祉振興・試験センター 第36回（令和5年度）介護福祉士国家試験; 問題: https://www.sssc.or.jp/kaigo/past_exam/pdf/no36/listen_k_am_36.html; 正答: https://www.sssc.or.jp/kaigo/past_exam/pdf/no36/k_kijun_seitou.pdf,,true
2024-36-002,2024,36,2,人間の尊厳と自立,次の記述のうち、介護を必要とする人の自立についての考え方として、最も適切なものを1つ選びなさい。,自立は、他者の支援を受けないことである。,精神的自立は、生活の目標をもち、自らが主体となって物事を進めていくことである。,社会的自立は、社会的な役割から離れて自由になることである。,身体的自立は、介護者の身体的負担を軽減することである。,経済的自立は、経済活動や社会活動に参加せずに、生活を営むことである。,2,正解は選択肢2「精神的自立は、生活の目標をもち、自らが主体となって物事を進めていくことである。」である。精神的自立は、自ら目標をもち、主体的に判断して生活を組み立てる状態を指す。本人の価値観と意思決定を起点に、残存能力を生かす支援を考える。,公益財団法人 社会福祉振興・試験センター 第36回（令和5年度）介護福祉士国家試験; 問題: https://www.sssc.or.jp/kaigo/past_exam/pdf/no36/listen_k_am_36.html; 正答: https://www.sssc.or.jp/kaigo/past_exam/pdf/no36/k_kijun_seitou.pdf,,true
2024-36-003,2024,36,3,人間関係とコミュニケーション,"Ｕ介護老人福祉施設では、利用者の介護計画を担当の介護福祉職が作成している。このため、利用者の個別の介護目標を、介護福祉職のチーム全員で共有することが課題になっている。
この課題を解決するための取り組みとして、最も適切なものを1つ選びなさい。",管理職がチーム全体に注意喚起して、集団規範を形成する。,現場経験の長い介護福祉職の意見を優先して、同調行動を促す。,チームメンバーの懇談会を実施して、内集団バイアスを強化する。,チームメンバー間の集団圧力を利用して、多数派の意見に統一する。,担当以外のチームメンバーもカンファレンス（conference）に参加して、集団凝集性を高める。,5,正解は選択肢5「担当以外のチームメンバーもカンファレンス（conference）に参加して、集団凝集性を高める。」である。カンファレンスに関係職種・担当者が参加すると、目標、観察事項、支援方法を共通理解にできる。集団凝集性は、メンバーが共通目標に向かってまとまろうとする力を指す。相手の理解力や感情に合わせ、言語・準言語・非言語の手段を使い分けることが基本である。,公益財団法人 社会福祉振興・試験センター 第36回（令和5年度）介護福祉士国家試験; 問題: https://www.sssc.or.jp/kaigo/past_exam/pdf/no36/listen_k_am_36.html; 正答: https://www.sssc.or.jp/kaigo/past_exam/pdf/no36/k_kijun_seitou.pdf,,true
2024-36-004,2024,36,4,人間関係とコミュニケーション,"Ｂさん（90歳、女性、要介護3）は、介護老人福祉施設に入所している。入浴日に、担当の介護福祉職が居室を訪問し、「Ｂさん、今日はお風呂の日です。時間は午後3時からです」と伝えた。しかし、Ｂさんは言っていることがわからなかったようで、「はい、何ですか」と困った様子で言った。
このときの、介護福祉職の準言語を活用した対応として、最も適切なものを1つ選びなさい。",強い口調で伝えた。,抑揚をつけずに伝えた。,大きな声でゆっくり伝えた。,急かすように伝えた。,早口で伝えた。,3,正解は選択肢3「大きな声でゆっくり伝えた。」である。準言語は声量、速さ、抑揚、間など言葉以外の声の要素であり、聞き取りに応じて調整する。相手の理解力や感情に合わせ、言語・準言語・非言語の手段を使い分けることが基本である。,公益財団法人 社会福祉振興・試験センター 第36回（令和5年度）介護福祉士国家試験; 問題: https://www.sssc.or.jp/kaigo/past_exam/pdf/no36/listen_k_am_36.html; 正答: https://www.sssc.or.jp/kaigo/past_exam/pdf/no36/k_kijun_seitou.pdf,,true
2024-36-005,2024,36,5,人間関係とコミュニケーション,"Ｖ介護老人福祉施設では、感染症が流行したために、緊急的な介護体制で事業を継続することになった。さらに労務管理を担当する職員からは、介護福祉職の精神的健康を守ることを目的とした組織的なマネジメントに取り組む必要性について提案があった。
次の記述のうち、このマネジメントに該当するものとして、最も適切なものを1つ選びなさい。",感染防止対策を強化する。,多職種チームでの連携を強化する。,利用者のストレスをコントロールする。,介護福祉職の燃え尽き症候群（バーンアウト（burnout））を防止する。,利用者家族の面会方法を見直す。,4,正解は選択肢4「介護福祉職の燃え尽き症候群（バーンアウト（burnout））を防止する。」である。バーンアウトの予防には、過重負担の把握、相談体制、休息、職場内の支援など組織的な対策が必要である。相手の理解力や感情に合わせ、言語・準言語・非言語の手段を使い分けることが基本である。,公益財団法人 社会福祉振興・試験センター 第36回（令和5年度）介護福祉士国家試験; 問題: https://www.sssc.or.jp/kaigo/past_exam/pdf/no36/listen_k_am_36.html; 正答: https://www.sssc.or.jp/kaigo/past_exam/pdf/no36/k_kijun_seitou.pdf,,true
2024-36-006,2024,36,6,人間関係とコミュニケーション,次のうち、介護老人福祉施設における全体の指揮命令系統を把握するために必要なものとして、最も適切なものを1つ選びなさい。,組織図,勤務表,経営理念,施設の歴史,資格保有者数,1,正解は選択肢1「組織図」である。組織図は、部署間の関係や指揮命令系統、責任の所在を把握する資料である。相手の理解力や感情に合わせ、言語・準言語・非言語の手段を使い分けることが基本である。,公益財団法人 社会福祉振興・試験センター 第36回（令和5年度）介護福祉士国家試験; 問題: https://www.sssc.or.jp/kaigo/past_exam/pdf/no36/listen_k_am_36.html; 正答: https://www.sssc.or.jp/kaigo/past_exam/pdf/no36/k_kijun_seitou.pdf,,true
2024-36-007,2024,36,7,社会の理解,次のうち、セルフヘルプグループ（self-help group）の活動に該当するものとして、最も適切なものを1つ選びなさい。,断酒会,施設の社会貢献活動,子ども食堂の運営,傾聴ボランティア,地域の町内会,1,正解は選択肢1「断酒会」である。セルフヘルプグループは、同じ課題をもつ当事者が相互に支え合う集まりで、断酒会が代表例である。制度問題は、対象者、実施主体、給付・サービスの内容、相談窓口を組み合わせて整理する。,公益財団法人 社会福祉振興・試験センター 第36回（令和5年度）介護福祉士国家試験; 問題: https://www.sssc.or.jp/kaigo/past_exam/pdf/no36/listen_k_am_36.html; 正答: https://www.sssc.or.jp/kaigo/past_exam/pdf/no36/k_kijun_seitou.pdf,,true
2024-36-008,2024,36,8,社会の理解,特定非営利活動法人（ＮＰＯ法人）に関する次の記述のうち、最も適切なものを1つ選びなさい。,社会福祉法に基づいて設置される。,市町村が認証する。,保健、医療又は福祉の増進を図る活動が最も多い。,収益活動は禁じられている。,宗教活動を主たる目的とする団体もある。,3,正解は選択肢3「保健、医療又は福祉の増進を図る活動が最も多い。」である。この選択肢は、制度・機関の対象者と役割の組合せが正しい。類似する制度は、実施主体、対象、給付内容、相談窓口で区別する。制度問題は、対象者、実施主体、給付・サービスの内容、相談窓口を組み合わせて整理する。,公益財団法人 社会福祉振興・試験センター 第36回（令和5年度）介護福祉士国家試験; 問題: https://www.sssc.or.jp/kaigo/past_exam/pdf/no36/listen_k_am_36.html; 正答: https://www.sssc.or.jp/kaigo/past_exam/pdf/no36/k_kijun_seitou.pdf,,true
2024-36-009,2024,36,9,社会の理解,地域福祉において、19世紀後半に始まった、貧困地域に住み込んで実態調査を行いながら住民への教育や生活上の援助を行ったものとして、最も適切なものを1つ選びなさい。,世界保健機関（ＷＨＯ）,福祉事務所,地域包括支援センター,生活協同組合,セツルメント,5,正解は選択肢5「セツルメント」である。セツルメントは、支援者が貧困地域に住み込み、調査・教育・生活援助を通じて住民と地域改善に取り組む活動である。制度問題は、対象者、実施主体、給付・サービスの内容、相談窓口を組み合わせて整理する。,公益財団法人 社会福祉振興・試験センター 第36回（令和5年度）介護福祉士国家試験; 問題: https://www.sssc.or.jp/kaigo/past_exam/pdf/no36/listen_k_am_36.html; 正答: https://www.sssc.or.jp/kaigo/past_exam/pdf/no36/k_kijun_seitou.pdf,,true
2024-36-010,2024,36,10,社会の理解,社会福祉基礎構造改革に関する次の記述のうち、適切なものを1つ選びなさい。,社会福祉法が社会福祉事業法に改正された。,利用契約制度から措置制度に変更された。,サービス提供事業者は、社会福祉法人に限定された。,障害福祉分野での制度改正は見送られた。,判断能力が不十分な者に対する地域福祉権利擁護事業が創設された。,5,正解は選択肢5「判断能力が不十分な者に対する地域福祉権利擁護事業が創設された。」である。この選択肢は、制度・機関の対象者と役割の組合せが正しい。類似する制度は、実施主体、対象、給付内容、相談窓口で区別する。制度問題は、対象者、実施主体、給付・サービスの内容、相談窓口を組み合わせて整理する。,公益財団法人 社会福祉振興・試験センター 第36回（令和5年度）介護福祉士国家試験; 問題: https://www.sssc.or.jp/kaigo/past_exam/pdf/no36/listen_k_am_36.html; 正答: https://www.sssc.or.jp/kaigo/past_exam/pdf/no36/k_kijun_seitou.pdf,,true
2024-36-011,2024,36,11,社会の理解,"Ｃさん（77歳、男性）は、60歳で公務員を定年退職し、年金生活をしている。持病や障害はなく、退職後も趣味のゴルフを楽しみながら健康に過ごしている。ある日、Ｃさんはゴルフ中にけがをして医療機関を受診した。
このとき、Ｃさんに適用される公的医療制度として、正しいものを1つ選びなさい。",国民健康保険,後期高齢者医療制度,共済組合保険,育成医療,更生医療,2,正解は選択肢2「後期高齢者医療制度」である。後期高齢者医療制度は原則75歳以上を対象とする公的医療保険制度である。制度問題は、対象者、実施主体、給付・サービスの内容、相談窓口を組み合わせて整理する。法令・制度・金額・対象要件は改正されることがあるため、受験時点の最新情報も確認する。,公益財団法人 社会福祉振興・試験センター 第36回（令和5年度）介護福祉士国家試験; 問題: https://www.sssc.or.jp/kaigo/past_exam/pdf/no36/listen_k_am_36.html; 正答: https://www.sssc.or.jp/kaigo/past_exam/pdf/no36/k_kijun_seitou.pdf,,true
2024-36-012,2024,36,12,社会の理解,次のうち、介護保険法に基づき、都道府県・指定都市・中核市が指定（許可）、監督を行うサービスとして、正しいものを1つ選びなさい。,地域密着型介護サービス,居宅介護支援,施設サービス,夜間対応型訪問介護,介護予防支援,3,正解は選択肢3「施設サービス」である。介護保険の施設サービスは、介護保険施設への入所を前提に提供され、指定・監督主体を居宅サービスと区別して覚える。制度問題は、対象者、実施主体、給付・サービスの内容、相談窓口を組み合わせて整理する。法令・制度・金額・対象要件は改正されることがあるため、受験時点の最新情報も確認する。,公益財団法人 社会福祉振興・試験センター 第36回（令和5年度）介護福祉士国家試験; 問題: https://www.sssc.or.jp/kaigo/past_exam/pdf/no36/listen_k_am_36.html; 正答: https://www.sssc.or.jp/kaigo/past_exam/pdf/no36/k_kijun_seitou.pdf,,true
2024-36-013,2024,36,13,社会の理解,"「障害者差別解消法」に関する次の記述のうち、適切なものを1つ選びなさい。
（注）  「障害者差別解消法」とは、「障害を理由とする差別の解消の推進に関する法律」のことである。",法の対象者は、身体障害者手帳を交付された者に限定されている。,合理的配慮は、実施するときの負担の大小に関係なく提供する。,個人による差別行為への罰則規定がある。,雇用分野での、障害を理由とした使用者による虐待の禁止が目的である。,障害者基本法の基本的な理念を具体的に実施するために制定された。,5,正解は選択肢5「障害者基本法の基本的な理念を具体的に実施するために制定された。」である。この選択肢は、制度・機関の対象者と役割の組合せが正しい。類似する制度は、実施主体、対象、給付内容、相談窓口で区別する。制度問題は、対象者、実施主体、給付・サービスの内容、相談窓口を組み合わせて整理する。法令・制度・金額・対象要件は改正されることがあるため、受験時点の最新情報も確認する。,公益財団法人 社会福祉振興・試験センター 第36回（令和5年度）介護福祉士国家試験; 問題: https://www.sssc.or.jp/kaigo/past_exam/pdf/no36/listen_k_am_36.html; 正答: https://www.sssc.or.jp/kaigo/past_exam/pdf/no36/k_kijun_seitou.pdf,,true
2024-36-014,2024,36,14,社会の理解,"「障害者総合支援法」に規定された移動に関する支援の説明として、最も適切なものを1つ選びなさい。
（注）  「障害者総合支援法」とは、「障害者の日常生活及び社会生活を総合的に支援するための法律」のことである。",移動支援については、介護給付費が支給される。,行動援護は、周囲の状況把握ができない視覚障害者が利用する。,同行援護は、危険を回避できない知的障害者が利用する。,重度訪問介護は、重度障害者の外出支援も行う。,共同生活援助（グループホーム）は、地域で生活する障害者の外出支援を行う。,4,正解は選択肢4「重度訪問介護は、重度障害者の外出支援も行う。」である。重度訪問介護は、重度の障害がある人に居宅での介護や外出時の移動支援などを総合的に提供する。制度問題は、対象者、実施主体、給付・サービスの内容、相談窓口を組み合わせて整理する。法令・制度・金額・対象要件は改正されることがあるため、受験時点の最新情報も確認する。,公益財団法人 社会福祉振興・試験センター 第36回（令和5年度）介護福祉士国家試験; 問題: https://www.sssc.or.jp/kaigo/past_exam/pdf/no36/listen_k_am_36.html; 正答: https://www.sssc.or.jp/kaigo/past_exam/pdf/no36/k_kijun_seitou.pdf,,true
2024-36-015,2024,36,15,社会の理解,"Ｄさん（80歳、男性、要介護2）は、認知症（dementia）がある。訪問介護（ホームヘルプサービス）を利用しながら一人暮らしをしている。
ある日、訪問介護員（ホームヘルパー）がＤさんの自宅を訪問すると、近所に住むＤさんの長女から、「父が、高額な投資信託の電話勧誘を受けて、契約しようかどうか悩んでいるようで心配だ」と相談された。
訪問介護員（ホームヘルパー）が長女に助言する相談先として、最も適切なものを1つ選びなさい。",公正取引委員会,都道府県障害者権利擁護センター,運営適正化委員会,消費生活センター,市町村保健センター,4,正解は選択肢4「消費生活センター」である。消費生活センターは、商品・サービスの契約や悪質商法など消費生活上の相談を受け、解決を支援する窓口である。制度問題は、対象者、実施主体、給付・サービスの内容、相談窓口を組み合わせて整理する。,公益財団法人 社会福祉振興・試験センター 第36回（令和5年度）介護福祉士国家試験; 問題: https://www.sssc.or.jp/kaigo/past_exam/pdf/no36/listen_k_am_36.html; 正答: https://www.sssc.or.jp/kaigo/past_exam/pdf/no36/k_kijun_seitou.pdf,,true
2024-36-016,2024,36,16,社会の理解,災害時の福祉避難所に関する次の記述のうち、適切なものを1つ選びなさい。,介護老人福祉施設の入所者は、原則として福祉避難所の対象外である。,介護保険法に基づいて指定される避難所である。,医療的ケアを必要とする者は対象にならない。,訪問介護員（ホームヘルパー）が、災害対策基本法に基づいて派遣される。,同行援護のヘルパーが、災害救助法に基づいて派遣される。,1,正解は選択肢1「介護老人福祉施設の入所者は、原則として福祉避難所の対象外である。」である。福祉避難所は、一般避難所での生活が難しい要配慮者を受け入れるため、対象者・物資・人員・役割を平時から想定する。制度問題は、対象者、実施主体、給付・サービスの内容、相談窓口を組み合わせて整理する。法令・制度・金額・対象要件は改正されることがあるため、受験時点の最新情報も確認する。,公益財団法人 社会福祉振興・試験センター 第36回（令和5年度）介護福祉士国家試験; 問題: https://www.sssc.or.jp/kaigo/past_exam/pdf/no36/listen_k_am_36.html; 正答: https://www.sssc.or.jp/kaigo/past_exam/pdf/no36/k_kijun_seitou.pdf,,true
2024-36-017,2024,36,17,社会の理解,"「感染症法」に基づいて、結核（tuberculosis）を発症した在宅の高齢者に、医療費の公費負担の申請業務や家庭訪問指導などを行う機関として、適切なものを1つ選びなさい。
（注）  「感染症法」とは、「感染症の予防及び感染症の患者に対する医療に関する法律」のことである。",基幹相談支援センター,地域活動支援センター,保健所,老人福祉センター,医療保護施設,3,正解は選択肢3「保健所」である。保健所は、感染症対策、結核対策、公費負担申請、保健指導など地域保健の専門的業務を担う。制度問題は、対象者、実施主体、給付・サービスの内容、相談窓口を組み合わせて整理する。法令・制度・金額・対象要件は改正されることがあるため、受験時点の最新情報も確認する。,公益財団法人 社会福祉振興・試験センター 第36回（令和5年度）介護福祉士国家試験; 問題: https://www.sssc.or.jp/kaigo/past_exam/pdf/no36/listen_k_am_36.html; 正答: https://www.sssc.or.jp/kaigo/past_exam/pdf/no36/k_kijun_seitou.pdf,,true
2024-36-018,2024,36,18,社会の理解,"Ｅさん（55歳、女性、障害の有無は不明）は、ひきこもりの状態にあり、就労していない。父親の年金で父親とアパートで暮らしていたが、父親が亡くなり、一人暮らしになった。遠方に住む弟は、姉が家賃を滞納していて、生活に困っているようだと、家主から連絡を受けた。
心配した弟が相談する機関として、最も適切なものを1つ選びなさい。",地域包括支援センター,福祉事務所,精神保健福祉センター,公共職業安定所（ハローワーク）,年金事務所,2,正解は選択肢2「福祉事務所」である。福祉事務所は、生活保護をはじめ福祉六法に関する相談・援助を担う行政機関である。制度問題は、対象者、実施主体、給付・サービスの内容、相談窓口を組み合わせて整理する。法令・制度・金額・対象要件は改正されることがあるため、受験時点の最新情報も確認する。,公益財団法人 社会福祉振興・試験センター 第36回（令和5年度）介護福祉士国家試験; 問題: https://www.sssc.or.jp/kaigo/past_exam/pdf/no36/listen_k_am_36.html; 正答: https://www.sssc.or.jp/kaigo/past_exam/pdf/no36/k_kijun_seitou.pdf,,true
2024-36-019,2024,36,19,こころとからだのしくみ,"次のうち、マズロー（Maslow, A.H.）の欲求階層説で成長欲求に該当するものとして、正しいものを1つ選びなさい。",承認欲求,安全欲求,自己実現欲求,生理的欲求,所属・愛情欲求,3,正解は選択肢3「自己実現欲求」である。マズローの欲求階層説では、自己実現欲求は自分の可能性を実現しようとする成長欲求に位置付けられる。器官の働きと症状を結び付け、生命・安全に直結する変化から優先して観察する。,公益財団法人 社会福祉振興・試験センター 第36回（令和5年度）介護福祉士国家試験; 問題: https://www.sssc.or.jp/kaigo/past_exam/pdf/no36/listen_k_am_36.html; 正答: https://www.sssc.or.jp/kaigo/past_exam/pdf/no36/k_kijun_seitou.pdf,,true
2024-36-020,2024,36,20,こころとからだのしくみ,次のうち、交感神経の作用に該当するものとして、正しいものを1つ選びなさい。,血管収縮,心拍数減少,気道収縮,消化促進,瞳孔収縮,1,正解は選択肢1「血管収縮」である。交感神経が優位になると、心拍増加や末梢血管収縮など活動・緊張に備える反応が起こる。器官の働きと症状を結び付け、生命・安全に直結する変化から優先して観察する。,公益財団法人 社会福祉振興・試験センター 第36回（令和5年度）介護福祉士国家試験; 問題: https://www.sssc.or.jp/kaigo/past_exam/pdf/no36/listen_k_am_36.html; 正答: https://www.sssc.or.jp/kaigo/past_exam/pdf/no36/k_kijun_seitou.pdf,,true
2024-36-021,2024,36,21,こころとからだのしくみ,"Ｆさん（82歳、女性）は、健康診断で骨粗鬆症｛こつそしょうしょう｝（osteoporosis）と診断され、内服治療が開始された。杖歩行｛つえほこう｝で時々ふらつくが、ゆっくりと自立歩行することができる。昼間は自室にこもり、ベッドで横になっていることが多い。リハビリテーションとして週3日歩行訓練を行い、食事は普通食を毎食8割以上摂取している。
Ｆさんの骨粗鬆症｛こつそしょうしょう｝（osteoporosis）の進行を予防するための支援として、最も適切なものを1つ選びなさい。",リハビリテーションを週1日に変更する。,繊維質の多い食事を勧める。,日光浴を日課に取り入れる。,車いすでの移動に変更する。,ビタミンＡ（vitamin A）の摂取を勧める。,3,正解は選択肢3「日光浴を日課に取り入れる。」である。日光を浴びることはビタミンDの産生を助け、カルシウム吸収と骨の健康維持に関係する。器官の働きと症状を結び付け、生命・安全に直結する変化から優先して観察する。,公益財団法人 社会福祉振興・試験センター 第36回（令和5年度）介護福祉士国家試験; 問題: https://www.sssc.or.jp/kaigo/past_exam/pdf/no36/listen_k_am_36.html; 正答: https://www.sssc.or.jp/kaigo/past_exam/pdf/no36/k_kijun_seitou.pdf,,true
2024-36-022,2024,36,22,こころとからだのしくみ,中耳にある耳小骨として、正しいものを1つ選びなさい。,ツチ骨,蝶形骨｛ちょうけいこつ｝,前頭骨,頬骨｛きょうこつ｝,上顎骨,1,正解は選択肢1「ツチ骨」である。中耳の耳小骨はツチ骨・キヌタ骨・アブミ骨で、鼓膜の振動を内耳へ伝える。器官の働きと症状を結び付け、生命・安全に直結する変化から優先して観察する。,公益財団法人 社会福祉振興・試験センター 第36回（令和5年度）介護福祉士国家試験; 問題: https://www.sssc.or.jp/kaigo/past_exam/pdf/no36/listen_k_am_36.html; 正答: https://www.sssc.or.jp/kaigo/past_exam/pdf/no36/k_kijun_seitou.pdf,,true
2024-36-023,2024,36,23,こころとからだのしくみ,成人の爪に関する次の記述のうち、正しいものを1つ選びなさい。,主成分はタンパク質である。,1日に1mm程度伸びる。,爪の外表面には爪床がある。,正常な爪は全体が白色である。,爪半月は角質化が進んでいる。,1,正解は選択肢1「主成分はタンパク質である。」である。爪の主成分は硬いケラチンというタンパク質である。器官の働きと症状を結び付け、生命・安全に直結する変化から優先して観察する。,公益財団法人 社会福祉振興・試験センター 第36回（令和5年度）介護福祉士国家試験; 問題: https://www.sssc.or.jp/kaigo/past_exam/pdf/no36/listen_k_am_36.html; 正答: https://www.sssc.or.jp/kaigo/past_exam/pdf/no36/k_kijun_seitou.pdf,,true
2024-36-024,2024,36,24,こころとからだのしくみ,食物が入り誤嚥｛ごえん｝が生じる部位として、適切なものを1つ選びなさい。,扁桃｛へんとう｝,食道,耳管,気管,咽頭,4,正解は選択肢4「気管」である。誤嚥は食物や唾液が声門を越えて気管へ入ることであり、誤飲と区別する。器官の働きと症状を結び付け、生命・安全に直結する変化から優先して観察する。,公益財団法人 社会福祉振興・試験センター 第36回（令和5年度）介護福祉士国家試験; 問題: https://www.sssc.or.jp/kaigo/past_exam/pdf/no36/listen_k_am_36.html; 正答: https://www.sssc.or.jp/kaigo/past_exam/pdf/no36/k_kijun_seitou.pdf,,true
2024-36-025,2024,36,25,こころとからだのしくみ,"Ｇさん（79歳、男性）は、介護老人保健施設に入所している。Ｇさんは普段から食べ物をかきこむように食べる様子がみられ、最近はむせることが多くなった。義歯は使用していない。食事は普通食を摂取している。ある日の昼食時、唐揚げを口の中に入れたあと、喉をつかむようなしぐさをし、苦しそうな表情になった。
Ｇさんに起きていることとして、最も適切なものを1つ選びなさい。",心筋梗塞（myocardial infarction）,蕁麻疹｛じんましん｝（urticaria）,誤嚥性肺炎｛ごえんせいはいえん｝（aspiration pneumonia）,食中毒（foodborne disease）,窒息（choking）,5,正解は選択肢5「窒息（choking）」である。食物で気道が塞がれると、声が出ない、喉をつかむ、呼吸困難などが現れ、迅速な対応が必要になる。器官の働きと症状を結び付け、生命・安全に直結する変化から優先して観察する。,公益財団法人 社会福祉振興・試験センター 第36回（令和5年度）介護福祉士国家試験; 問題: https://www.sssc.or.jp/kaigo/past_exam/pdf/no36/listen_k_am_36.html; 正答: https://www.sssc.or.jp/kaigo/past_exam/pdf/no36/k_kijun_seitou.pdf,,true
2024-36-026,2024,36,26,こころとからだのしくみ,"Ｈさん（60歳、男性）は、身長170cm、体重120kgである。Ｈさんは浴槽で入浴しているときに毎回、「お風呂につかると、からだが軽く感じて楽になります」と話す。胸が苦しいなど、ほかの訴えはない。
Ｈさんが話している内容に関連する入浴の作用として、最も適切なものを1つ選びなさい。",静水圧作用,温熱作用,清潔作用,浮力作用,代謝作用,4,正解は選択肢4「浮力作用」である。水中では浮力によって体重負荷が軽くなり、身体を動かしやすく感じる。器官の働きと症状を結び付け、生命・安全に直結する変化から優先して観察する。,公益財団法人 社会福祉振興・試験センター 第36回（令和5年度）介護福祉士国家試験; 問題: https://www.sssc.or.jp/kaigo/past_exam/pdf/no36/listen_k_am_36.html; 正答: https://www.sssc.or.jp/kaigo/past_exam/pdf/no36/k_kijun_seitou.pdf,,true
2024-36-027,2024,36,27,こころとからだのしくみ,男性に比べて女性に尿路感染症（urinary tract infection）が起こりやすい要因として、最も適切なものを1つ選びなさい。,子宮の圧迫がある。,尿道が短く直線的である。,腹部の筋力が弱い。,女性ホルモンの作用がある。,尿道括約筋が弛緩｛しかん｝している。,2,正解は選択肢2「尿道が短く直線的である。」である。女性は尿道が短く、外尿道口から細菌が膀胱へ上行しやすいため尿路感染症が起こりやすい。器官の働きと症状を結び付け、生命・安全に直結する変化から優先して観察する。,公益財団法人 社会福祉振興・試験センター 第36回（令和5年度）介護福祉士国家試験; 問題: https://www.sssc.or.jp/kaigo/past_exam/pdf/no36/listen_k_am_36.html; 正答: https://www.sssc.or.jp/kaigo/past_exam/pdf/no36/k_kijun_seitou.pdf,,true
2024-36-028,2024,36,28,こころとからだのしくみ,次のうち、眠りが浅くなる原因として、最も適切なものを1つ選びなさい。,抗不安薬,就寝前の飲酒,抗アレルギー薬,抗うつ薬,足浴,2,正解は選択肢2「就寝前の飲酒」である。飲酒は入眠を促すように見えても、睡眠後半を浅くし中途覚醒を増やしやすい。器官の働きと症状を結び付け、生命・安全に直結する変化から優先して観察する。,公益財団法人 社会福祉振興・試験センター 第36回（令和5年度）介護福祉士国家試験; 問題: https://www.sssc.or.jp/kaigo/past_exam/pdf/no36/listen_k_am_36.html; 正答: https://www.sssc.or.jp/kaigo/past_exam/pdf/no36/k_kijun_seitou.pdf,,true
2024-36-029,2024,36,29,こころとからだのしくみ,概日リズム睡眠障害（circadian rhythm sleep disorder）に関する次の記述のうち、最も適切なものを1つ選びなさい。,早朝に目が覚める。,睡眠中に下肢が勝手にピクピクと動いてしまう。,睡眠中に呼吸が止まる。,睡眠中に突然大声を出したり身体を動かしたりする。,夕方に強い眠気を感じて就寝し、深夜に覚醒してしまう。,5,正解は選択肢5「夕方に強い眠気を感じて就寝し、深夜に覚醒してしまう。」である。概日リズム睡眠障害では、体内時計と望ましい睡眠時間帯がずれ、早すぎる入眠・覚醒などが起こる。器官の働きと症状を結び付け、生命・安全に直結する変化から優先して観察する。,公益財団法人 社会福祉振興・試験センター 第36回（令和5年度）介護福祉士国家試験; 問題: https://www.sssc.or.jp/kaigo/past_exam/pdf/no36/listen_k_am_36.html; 正答: https://www.sssc.or.jp/kaigo/past_exam/pdf/no36/k_kijun_seitou.pdf,,true
2024-36-030,2024,36,30,こころとからだのしくみ,鎮痛薬としてモルヒネを使用している利用者に、医療職と連携した介護を実践するときに留意すべき観察点として、最も適切なものを1つ選びなさい。,不眠,下痢,脈拍,呼吸,体温,4,正解は選択肢4「呼吸」である。モルヒネなどのオピオイドでは呼吸抑制が重大な副作用となるため、呼吸数、深さ、意識状態を観察する。器官の働きと症状を結び付け、生命・安全に直結する変化から優先して観察する。,公益財団法人 社会福祉振興・試験センター 第36回（令和5年度）介護福祉士国家試験; 問題: https://www.sssc.or.jp/kaigo/past_exam/pdf/no36/listen_k_am_36.html; 正答: https://www.sssc.or.jp/kaigo/past_exam/pdf/no36/k_kijun_seitou.pdf,,true
2024-36-031,2024,36,31,発達と老化の理解,"スキャモン（Scammon, R.E.）の発達曲線に関する次の記述のうち、適切なものを1つ選びなさい。",神経系の組織は、4歳ごろから急速に発達する。,筋骨格系の組織は、4歳ごろから急速に発達する。,生殖器系の組織は、12歳ごろから急速に発達する。,循環器系の組織は、20歳ごろから急速に発達する。,リンパ系の組織は、20歳ごろから急速に発達する。,3,正解は選択肢3「生殖器系の組織は、12歳ごろから急速に発達する。」である。スキャモンの発達曲線で生殖型は思春期前まで緩やかで、その後急速に発達する。加齢による一般的な変化と疾病による変化を区別し、生活への影響まで捉える。,公益財団法人 社会福祉振興・試験センター 第36回（令和5年度）介護福祉士国家試験; 問題: https://www.sssc.or.jp/kaigo/past_exam/pdf/no36/listen_k_am_36.html; 正答: https://www.sssc.or.jp/kaigo/past_exam/pdf/no36/k_kijun_seitou.pdf,,true
2024-36-032,2024,36,32,発達と老化の理解,"幼稚園児のＪさん（6歳、男性）には、広汎性発達障害（pervasive developmental disorder）がある。砂場で砂だんごを作り、きれいに並べることが好きで、毎日、一人で砂だんごを作り続けている。
ある日、園児が帰宅した後に、担任が台風に備えて砂場に青いシートをかけておいた。翌朝、登園したＪさんが、いつものように砂場に行くと、青いシートがかかっていた。Ｊさんはパニックになり、その場で泣き続け、なかなか落ち着くことができなかった。
担任は、Ｊさんにどのように対応すればよかったのか、最も適切なものを1つ選びなさい。",前日に、「あしたは、台風が来るよ」と伝える。,前日に、「あしたは、台風が来るので砂場は使えないよ」と伝える。,前日に、「あしたは、おだんご屋さんは閉店です」と伝える。,その場で、「今日は、砂場は使えないよ」と伝える。,その場で、「今日は、おだんご屋さんは閉店です」と伝える。,2,正解は選択肢2「前日に、「あしたは、台風が来るので砂場は使えないよ」と伝える。」である。短く具体的に説明し、理解できたかを本人の反応から確かめる。加齢による一般的な変化と疾病による変化を区別し、生活への影響まで捉える。,公益財団法人 社会福祉振興・試験センター 第36回（令和5年度）介護福祉士国家試験; 問題: https://www.sssc.or.jp/kaigo/past_exam/pdf/no36/listen_k_am_36.html; 正答: https://www.sssc.or.jp/kaigo/past_exam/pdf/no36/k_kijun_seitou.pdf,,true
2024-36-033,2024,36,33,発達と老化の理解,生理的老化に関する次の記述のうち、最も適切なものを1つ選びなさい。,環境によって起こる現象である。,訓練によって回復できる現象である。,個体の生命活動に有利にはたらく現象である。,人間固有の現象である。,遺伝的にプログラムされた現象である。,5,正解は選択肢5「遺伝的にプログラムされた現象である。」である。生理的老化は誰にでも生じる不可逆的な加齢変化で、疾病による病的変化と区別する。加齢による一般的な変化と疾病による変化を区別し、生活への影響まで捉える。,公益財団法人 社会福祉振興・試験センター 第36回（令和5年度）介護福祉士国家試験; 問題: https://www.sssc.or.jp/kaigo/past_exam/pdf/no36/listen_k_am_36.html; 正答: https://www.sssc.or.jp/kaigo/past_exam/pdf/no36/k_kijun_seitou.pdf,,true
2024-36-034,2024,36,34,発達と老化の理解,エイジズム（ageism）に関する次の記述のうち、最も適切なものを1つ選びなさい。,高齢を理由にして、偏見をもったり差別したりすることである。,高齢になっても生産的な活動を行うことである。,高齢になることを嫌悪する心理のことである。,加齢に抵抗して、健康的に生きようとすることである。,加齢を受容して、活動的に生きようとすることである。,1,正解は選択肢1「高齢を理由にして、偏見をもったり差別したりすることである。」である。エイジズムは、年齢を理由とする固定観念、偏見、差別を指す。加齢による一般的な変化と疾病による変化を区別し、生活への影響まで捉える。,公益財団法人 社会福祉振興・試験センター 第36回（令和5年度）介護福祉士国家試験; 問題: https://www.sssc.or.jp/kaigo/past_exam/pdf/no36/listen_k_am_36.html; 正答: https://www.sssc.or.jp/kaigo/past_exam/pdf/no36/k_kijun_seitou.pdf,,true
2024-36-035,2024,36,35,発達と老化の理解,"Ｋさん（80歳、男性）は、40歳ごろから職場の健康診査で高血圧と高コレステロール血症（hypercholesterolemia）を指摘されていた。最近、階段を上るときに胸の痛みを感じていたが、しばらく休むと軽快していた。喉の違和感や嚥下痛｛えんげつう｝はない。今朝、朝食後から冷や汗を伴う激しい胸痛が起こり、30分しても軽快しないので、救急車を呼んだ。
Ｋさんに考えられる状況として、最も適切なものを1つ選びなさい。",喘息｛ぜんそく｝（bronchial asthma）,肺炎（pneumonia）,脳梗塞（cerebral infarction）,心筋梗塞（myocardial infarction）,逆流性食道炎（reflux esophagitis）,4,正解は選択肢4「心筋梗塞（myocardial infarction）」である。強い胸痛が長く続き、冷汗などを伴う場合は心筋梗塞を疑う。短時間の休息で軽快しやすい狭心症との違いが要点である。加齢による一般的な変化と疾病による変化を区別し、生活への影響まで捉える。,公益財団法人 社会福祉振興・試験センター 第36回（令和5年度）介護福祉士国家試験; 問題: https://www.sssc.or.jp/kaigo/past_exam/pdf/no36/listen_k_am_36.html; 正答: https://www.sssc.or.jp/kaigo/past_exam/pdf/no36/k_kijun_seitou.pdf,,true
2024-36-036,2024,36,36,発達と老化の理解,次のうち、健康寿命の説明として、適切なものを1つ選びなさい。,0歳児の平均余命,65歳時の平均余命,65歳時の平均余命から介護期間を差し引いたもの,介護状態に至らずに死亡する人の平均寿命,健康上の問題で日常生活が制限されることなく生活できる期間,5,正解は選択肢5「健康上の問題で日常生活が制限されることなく生活できる期間」である。健康寿命は、健康上の問題によって日常生活が制限されずに生活できる期間をいう。加齢による一般的な変化と疾病による変化を区別し、生活への影響まで捉える。,公益財団法人 社会福祉振興・試験センター 第36回（令和5年度）介護福祉士国家試験; 問題: https://www.sssc.or.jp/kaigo/past_exam/pdf/no36/listen_k_am_36.html; 正答: https://www.sssc.or.jp/kaigo/past_exam/pdf/no36/k_kijun_seitou.pdf,,true
2024-36-037,2024,36,37,発達と老化の理解,次のうち、前立腺肥大症（prostatic hypertrophy）に関する記述として、最も適切なものを1つ選びなさい。,抗利尿ホルモンが関与している。,症状が進むと無尿になる。,初期には頻尿が出現する。,進行すると透析の対象になる。,骨盤底筋訓練で回復が期待できる。,3,正解は選択肢3「初期には頻尿が出現する。」である。前立腺肥大では尿道が圧迫され、頻尿、尿勢低下、排尿開始の遅れ、残尿感などがみられる。加齢による一般的な変化と疾病による変化を区別し、生活への影響まで捉える。,公益財団法人 社会福祉振興・試験センター 第36回（令和5年度）介護福祉士国家試験; 問題: https://www.sssc.or.jp/kaigo/past_exam/pdf/no36/listen_k_am_36.html; 正答: https://www.sssc.or.jp/kaigo/past_exam/pdf/no36/k_kijun_seitou.pdf,,true
2024-36-038,2024,36,38,発達と老化の理解,次のうち、高齢期に多い筋骨格系の疾患に関する記述として、適切なものを1つ選びなさい。,骨粗鬆症｛こつそしょうしょう｝（osteoporosis）は男性に多い。,変形性膝関節症（knee osteoarthritis）ではＸ脚に変形する。,関節リウマチ（rheumatoid arthritis）は軟骨の老化によって起こる。,腰部脊柱管狭窄症｛ようぶせきちゅうかんきょうさくしょう｝（lumbar spinal canal stenosis）では下肢のしびれがみられる。,サルコペニア（sarcopenia）は骨量の低下が特徴である。,4,正解は選択肢4「腰部脊柱管狭窄症｛ようぶせきちゅうかんきょうさくしょう｝（lumbar spinal canal stenosis）では下肢のしびれがみられる。」である。腰部脊柱管狭窄症では神経が圧迫され、下肢のしびれや間欠性跛行がみられる。加齢による一般的な変化と疾病による変化を区別し、生活への影響まで捉える。,公益財団法人 社会福祉振興・試験センター 第36回（令和5年度）介護福祉士国家試験; 問題: https://www.sssc.or.jp/kaigo/past_exam/pdf/no36/listen_k_am_36.html; 正答: https://www.sssc.or.jp/kaigo/past_exam/pdf/no36/k_kijun_seitou.pdf,,true
2024-36-039,2024,36,39,認知症の理解,"高齢者の自動車運転免許に関する次の記述のうち、正しいものを1つ選びなさい。
（注）  「サポートカー限定免許」とは、道路交通法第91条の2の規定に基づく条件が付された免許のことである。",75歳から免許更新時の認知機能検査が義務づけられている。,80歳から免許更新時の運転技能検査が義務づけられている。,軽度認知障害（mild cognitive impairment）と診断された人は運転免許取消しになる。,認知症（dementia）の人はサポートカー限定免許であれば運転が可能である。,認知症（dementia）による運転免許取消しの後、運転経歴証明書が交付される。,1,正解は選択肢1「75歳から免許更新時の認知機能検査が義務づけられている。」である。高齢運転者の免許制度は年齢区分や検査・講習の条件が法改正で変わり得る。認知機能の障害だけでなく、体調、環境、生活歴、本人の思いを含めて行動の意味を考える。法令・制度・金額・対象要件は改正されることがあるため、受験時点の最新情報も確認する。,公益財団法人 社会福祉振興・試験センター 第36回（令和5年度）介護福祉士国家試験; 問題: https://www.sssc.or.jp/kaigo/past_exam/pdf/no36/listen_k_am_36.html; 正答: https://www.sssc.or.jp/kaigo/past_exam/pdf/no36/k_kijun_seitou.pdf,,true
2024-36-040,2024,36,40,認知症の理解,認知症（dementia）の行動・心理症状（ＢＰＳＤ）であるアパシー（apathy）に関する次の記述のうち、適切なものを1つ選びなさい。,感情の起伏がみられない。,将来に希望がもてない。,気持ちが落ち込む。,理想どおりにいかず悩む。,自分を責める。,1,正解は選択肢1「感情の起伏がみられない。」である。アパシーは意欲や自発性、関心が低下した状態で、感情反応が乏しくなることがある。認知機能の障害だけでなく、体調、環境、生活歴、本人の思いを含めて行動の意味を考える。,公益財団法人 社会福祉振興・試験センター 第36回（令和5年度）介護福祉士国家試験; 問題: https://www.sssc.or.jp/kaigo/past_exam/pdf/no36/listen_k_am_36.html; 正答: https://www.sssc.or.jp/kaigo/past_exam/pdf/no36/k_kijun_seitou.pdf,,true
2024-36-041,2024,36,41,認知症の理解,認知症（dementia）の人にみられる、せん妄に関する次の記述のうち、最も適切なものを1つ選びなさい。,ゆっくりと発症する。,意識は清明である。,注意機能は保たれる。,体調の変化が誘因になる。,日中に多くみられる。,4,正解は選択肢4「体調の変化が誘因になる。」である。せん妄は急に発症して症状が変動しやすく、感染、脱水、薬剤、環境変化などが誘因になる。認知機能の障害だけでなく、体調、環境、生活歴、本人の思いを含めて行動の意味を考える。,公益財団法人 社会福祉振興・試験センター 第36回（令和5年度）介護福祉士国家試験; 問題: https://www.sssc.or.jp/kaigo/past_exam/pdf/no36/listen_k_am_36.html; 正答: https://www.sssc.or.jp/kaigo/past_exam/pdf/no36/k_kijun_seitou.pdf,,true
2024-36-042,2024,36,42,認知症の理解,レビー小体型認知症（dementia with Lewy bodies）にみられる歩行障害として、最も適切なものを1つ選びなさい。,しばらく歩くと足に痛みを感じて、休みながら歩く。,最初の一歩が踏み出しにくく、小刻みに歩く。,動きがぎこちなく、酔っぱらったように歩く。,下肢は伸展し、つま先を引きずるように歩く。,歩くごとに骨盤が傾き、腰を左右に振って歩く。,2,正解は選択肢2「最初の一歩が踏み出しにくく、小刻みに歩く。」である。レビー小体型認知症では認知機能の変動、具体的な幻視、パーキンソニズムなどが特徴となる。認知機能の障害だけでなく、体調、環境、生活歴、本人の思いを含めて行動の意味を考える。,公益財団法人 社会福祉振興・試験センター 第36回（令和5年度）介護福祉士国家試験; 問題: https://www.sssc.or.jp/kaigo/past_exam/pdf/no36/listen_k_am_36.html; 正答: https://www.sssc.or.jp/kaigo/past_exam/pdf/no36/k_kijun_seitou.pdf,,true
2024-36-043,2024,36,43,認知症の理解,次の記述のうち、若年性認知症（dementia with early onset）の特徴として、最も適切なものを1つ選びなさい。,高齢の認知症（dementia）に比べて、症状の進行速度は緩やかなことが多い。,男性よりも女性の発症者が多い。,50歳代よりも30歳代の有病率が高い。,特定健康診査で発見されることが多い。,高齢の認知症（dementia）に比べて、就労支援が必要になることが多い。,5,正解は選択肢5「高齢の認知症（dementia）に比べて、就労支援が必要になることが多い。」である。若年性認知症は就労世代で発症するため、仕事、家計、子育てを含む支援が重要になる。認知機能の障害だけでなく、体調、環境、生活歴、本人の思いを含めて行動の意味を考える。,公益財団法人 社会福祉振興・試験センター 第36回（令和5年度）介護福祉士国家試験; 問題: https://www.sssc.or.jp/kaigo/past_exam/pdf/no36/listen_k_am_36.html; 正答: https://www.sssc.or.jp/kaigo/past_exam/pdf/no36/k_kijun_seitou.pdf,,true
2024-36-044,2024,36,44,認知症の理解,"Ｌさん（78歳、女性、要介護1）は、3年前にアルツハイマー型認知症（dementia of the Alzheimer’s type）と診断された。訪問介護（ホームヘルプサービス）を利用し、夫の介護を受けながら二人で暮らしている。ある日、訪問介護員（ホームヘルパー）が訪問すると夫から、「用事で外出しようとすると『外で女性に会っている』と言って興奮することが増えて困っている」と相談を受けた。
Ｌさんの症状に該当するものとして、最も適切なものを1つ選びなさい。",誤認,観念失行,嫉妬妄想,視覚失認,幻視,3,正解は選択肢3「嫉妬妄想」である。配偶者が浮気しているなど根拠のない確信は嫉妬妄想に当たり、否定で対立せず感情と背景を把握する。認知機能の障害だけでなく、体調、環境、生活歴、本人の思いを含めて行動の意味を考える。,公益財団法人 社会福祉振興・試験センター 第36回（令和5年度）介護福祉士国家試験; 問題: https://www.sssc.or.jp/kaigo/past_exam/pdf/no36/listen_k_am_36.html; 正答: https://www.sssc.or.jp/kaigo/past_exam/pdf/no36/k_kijun_seitou.pdf,,true
2024-36-045,2024,36,45,認知症の理解,認知機能障害による生活への影響に関する記述として、最も適切なものを1つ選びなさい。,遂行機能障害により、自宅がわからない。,記憶障害により、出された食事を食べない。,相貌失認により、目の前の家族がわからない。,視空間認知障害により、今日の日付がわからない。,病識低下により、うつ状態になりやすい。,3,正解は選択肢3「相貌失認により、目の前の家族がわからない。」である。相貌失認は顔を見ても誰かを認識できない症状で、視力低下そのものとは異なる。認知機能の障害だけでなく、体調、環境、生活歴、本人の思いを含めて行動の意味を考える。,公益財団法人 社会福祉振興・試験センター 第36回（令和5年度）介護福祉士国家試験; 問題: https://www.sssc.or.jp/kaigo/past_exam/pdf/no36/listen_k_am_36.html; 正答: https://www.sssc.or.jp/kaigo/past_exam/pdf/no36/k_kijun_seitou.pdf,,true
2024-36-046,2024,36,46,認知症の理解,バリデーション（validation）に基づく、認知症（dementia）の人の動きや感情に合わせるコミュニケーション技法として、正しいものを1つ選びなさい。,センタリング（centering）,リフレージング（rephrasing）,レミニシング（reminiscing）,ミラーリング（mirroring）,カリブレーション（calibration）,"4,5",正解欄では選択肢4・5「ミラーリング（mirroring）」「カリブレーション（calibration）」が指定されている。バリデーションでは、相手の動作を合わせるミラーリングや、感情・呼吸などに調子を合わせるカリブレーションを用いる。認知機能の障害だけでなく、体調、環境、生活歴、本人の思いを含めて行動の意味を考える。,公益財団法人 社会福祉振興・試験センター 第36回（令和5年度）介護福祉士国家試験; 問題: https://www.sssc.or.jp/kaigo/past_exam/pdf/no36/listen_k_am_36.html; 正答: https://www.sssc.or.jp/kaigo/past_exam/pdf/no36/k_kijun_seitou.pdf,,true
2024-36-047,2024,36,47,認知症の理解,"Ｍさん（80歳、女性、要介護1）は、アルツハイマー型認知症（dementia of the Alzheimer’s type）であり、3日前に認知症対応型共同生活介護（認知症高齢者グループホーム）に入居した。主治医から向精神薬が処方されている。居室では穏やかに過ごしていた。夕食後、表情が険しくなり、「こんなところにはいられません。私は家に帰ります」と大声を上げ、ほかの利用者にも、「あなたも一緒に帰りましょう」と声をかけて皆が落ち着かなくなることがあった。
Ｍさんの介護を検討するときに優先することとして、最も適切なものを1つ選びなさい。",Ｍさんが訴えている内容,Ｍさんの日中の過ごし方,ほかの利用者が落ち着かなくなったこと,対応に困ったこと,薬が効かなかったこと,1,正解は選択肢1「Ｍさんが訴えている内容」である。この選択肢は、認知症の疾患特性・症状・支援方法の対応が適切である。行動だけを抑えるのではなく、原因や本人の体験を捉える。認知機能の障害だけでなく、体調、環境、生活歴、本人の思いを含めて行動の意味を考える。,公益財団法人 社会福祉振興・試験センター 第36回（令和5年度）介護福祉士国家試験; 問題: https://www.sssc.or.jp/kaigo/past_exam/pdf/no36/listen_k_am_36.html; 正答: https://www.sssc.or.jp/kaigo/past_exam/pdf/no36/k_kijun_seitou.pdf,,true
2024-36-048,2024,36,48,認知症の理解,Ａさん（80歳、男性、要介護1）は、認知症（dementia）で、妻の介護を受けながら二人で暮らしている。「夫は昼夜逆転がある。在宅介護を続けたいが、私が体調を崩し数日間の入院が必要になった」と言う妻に提案する、Ａさんへの介護サービスとして、最も適切なものを1つ選びなさい。,認知症対応型通所介護（認知症対応型デイサービス）,短期入所生活介護（ショートステイ）,認知症対応型共同生活介護（認知症高齢者グループホーム）,特定施設入居者生活介護,介護老人福祉施設,2,正解は選択肢2「短期入所生活介護（ショートステイ）」である。短期入所生活介護は、家族の入院や休養時などに短期間入所して生活介護を受けられ、在宅生活の継続を支える。認知機能の障害だけでなく、体調、環境、生活歴、本人の思いを含めて行動の意味を考える。,公益財団法人 社会福祉振興・試験センター 第36回（令和5年度）介護福祉士国家試験; 問題: https://www.sssc.or.jp/kaigo/past_exam/pdf/no36/listen_k_am_36.html; 正答: https://www.sssc.or.jp/kaigo/past_exam/pdf/no36/k_kijun_seitou.pdf,,true
2024-36-049,2024,36,49,障害の理解,次のうち、ノーマライゼーション（normalization）の原理を盛り込んだ法律（いわゆる「1959年法」）を制定した最初の国として、正しいものを1つ選びなさい。,デンマーク,イギリス,アメリカ,スウェーデン,ノルウェー,1,正解は選択肢1「デンマーク」である。ノーマライゼーションは、障害の有無にかかわらず通常の生活条件を保障する理念で、デンマークの制度改革から発展した。障害特性だけで判断せず、本人の強みと環境因子を調整して参加を支える。法令・制度・金額・対象要件は改正されることがあるため、受験時点の最新情報も確認する。,公益財団法人 社会福祉振興・試験センター 第36回（令和5年度）介護福祉士国家試験; 問題: https://www.sssc.or.jp/kaigo/past_exam/pdf/no36/listen_k_am_36.html; 正答: https://www.sssc.or.jp/kaigo/past_exam/pdf/no36/k_kijun_seitou.pdf,,true
2024-36-050,2024,36,50,障害の理解,法定後見制度において、成年後見人等を選任する機関等として、正しいものを1つ選びなさい。,法務局,家庭裁判所,都道府県知事,市町村長,福祉事務所,2,正解は選択肢2「家庭裁判所」である。法定後見では、本人の判断能力に応じて家庭裁判所が後見人等を選任する。障害特性だけで判断せず、本人の強みと環境因子を調整して参加を支える。法令・制度・金額・対象要件は改正されることがあるため、受験時点の最新情報も確認する。,公益財団法人 社会福祉振興・試験センター 第36回（令和5年度）介護福祉士国家試験; 問題: https://www.sssc.or.jp/kaigo/past_exam/pdf/no36/listen_k_am_36.html; 正答: https://www.sssc.or.jp/kaigo/past_exam/pdf/no36/k_kijun_seitou.pdf,,true
2024-36-051,2024,36,51,障害の理解,次の記述のうち、障害を受容した心理的段階にみられる言動として、最も適切なものを1つ選びなさい。,障害があるという自覚がない。,周囲に不満をぶつける。,自分が悪いと悲観する。,価値観が転換し始める。,できることに目を向けて行動する。,5,正解は選択肢5「できることに目を向けて行動する。」である。障害受容は単純な一直線の過程ではないが、できることや新しい生活の可能性に目を向ける姿は受容の段階を示す。障害特性だけで判断せず、本人の強みと環境因子を調整して参加を支える。,公益財団法人 社会福祉振興・試験センター 第36回（令和5年度）介護福祉士国家試験; 問題: https://www.sssc.or.jp/kaigo/past_exam/pdf/no36/listen_k_am_36.html; 正答: https://www.sssc.or.jp/kaigo/past_exam/pdf/no36/k_kijun_seitou.pdf,,true
2024-36-052,2024,36,52,障害の理解,統合失調症（schizophrenia）の特徴的な症状として、最も適切なものを1つ選びなさい。,振戦せん妄,妄想,強迫性障害,抑うつ気分,健忘,2,正解は選択肢2「妄想」である。統合失調症では妄想や幻覚などの陽性症状、意欲低下などの陰性症状、認知機能障害がみられる。障害特性だけで判断せず、本人の強みと環境因子を調整して参加を支える。,公益財団法人 社会福祉振興・試験センター 第36回（令和5年度）介護福祉士国家試験; 問題: https://www.sssc.or.jp/kaigo/past_exam/pdf/no36/listen_k_am_36.html; 正答: https://www.sssc.or.jp/kaigo/past_exam/pdf/no36/k_kijun_seitou.pdf,,true
2024-36-053,2024,36,53,障害の理解,Ｂさん（60歳、男性）は、一人暮らしをしている。糖尿病性網膜症（diabetic retinopathy）による視覚障害（身体障害者手帳1級）があり、末梢神経障害｛まっしょうしんけいしょうがい｝の症状がでている。Ｂさんの日常生活において、介護福祉職が留意すべき点として、最も適切なものを1つ選びなさい。,水晶体の白濁,口腔粘膜｛こうくうねんまく｝や外陰部の潰瘍,振戦や筋固縮,足先の傷や壊疽｛えそ｝などの病変,感音性の難聴,4,正解は選択肢4「足先の傷や壊疽｛えそ｝などの病変」である。糖尿病性末梢神経障害では傷や熱さに気づきにくく、足病変が悪化しやすいためフットケアと観察が重要である。障害特性だけで判断せず、本人の強みと環境因子を調整して参加を支える。,公益財団法人 社会福祉振興・試験センター 第36回（令和5年度）介護福祉士国家試験; 問題: https://www.sssc.or.jp/kaigo/past_exam/pdf/no36/listen_k_am_36.html; 正答: https://www.sssc.or.jp/kaigo/past_exam/pdf/no36/k_kijun_seitou.pdf,,true
2024-36-054,2024,36,54,障害の理解,"Ｃさん（55歳、男性）は、5年前に筋萎縮性側索硬化症（amyotrophic lateral sclerosis：ＡＬＳ）と診断された。現在は症状が進行して、日常生活動作に介護が必要で、自宅では電動車いすと特殊寝台を使用している。
次の記述のうち、Ｃさんの現在の状態として、最も適切なものを1つ選びなさい。",誤嚥｛ごえん｝せずに食事することが可能である。,明瞭に話すことができる。,身体の痛みがわかる。,自力で痰｛たん｝を排出できる。,箸を上手に使える。,3,正解は選択肢3「身体の痛みがわかる。」である。この選択肢は、障害特性と必要な支援・社会資源の対応が適切である。できない点だけでなく、環境調整で可能になる活動にも注目する。障害特性だけで判断せず、本人の強みと環境因子を調整して参加を支える。,公益財団法人 社会福祉振興・試験センター 第36回（令和5年度）介護福祉士国家試験; 問題: https://www.sssc.or.jp/kaigo/past_exam/pdf/no36/listen_k_am_36.html; 正答: https://www.sssc.or.jp/kaigo/past_exam/pdf/no36/k_kijun_seitou.pdf,,true
2024-36-055,2024,36,55,障害の理解,"Ｄさん（36歳、女性、療育手帳所持）は、一人暮らしをしながら地域の作業所に通っている。身の回りのことはほとんど自分でできるが、お金の計算、特に計画的にお金を使うのが苦手だった。そこで、社会福祉協議会の生活支援員と一緒に銀行へ行って、1週間ごとにお金をおろして生活するようになった。小遣い帳に記録をするようにアドバイスを受けて、お金を計画的に使うことができるようになった。
次のうち、Ｄさんが活用した支援を実施する事業として、最も適切なものを1つ選びなさい。",障害者相談支援事業,自立生活援助事業,日常生活自立支援事業,成年後見制度利用支援事業,日常生活用具給付等事業,3,正解は選択肢3「日常生活自立支援事業」である。この選択肢は、障害特性と必要な支援・社会資源の対応が適切である。できない点だけでなく、環境調整で可能になる活動にも注目する。障害特性だけで判断せず、本人の強みと環境因子を調整して参加を支える。,公益財団法人 社会福祉振興・試験センター 第36回（令和5年度）介護福祉士国家試験; 問題: https://www.sssc.or.jp/kaigo/past_exam/pdf/no36/listen_k_am_36.html; 正答: https://www.sssc.or.jp/kaigo/past_exam/pdf/no36/k_kijun_seitou.pdf,,true
2024-36-056,2024,36,56,障害の理解,次のうち、障害の特性に応じた休憩時間の調整など、柔軟に対応することで障害者の権利を確保する考え方を示すものとして、最も適切なものを1つ選びなさい。,全人間的復権,合理的配慮,自立生活運動,意思決定支援,共同生活援助,2,正解は選択肢2「合理的配慮」である。この選択肢は、障害特性と必要な支援・社会資源の対応が適切である。できない点だけでなく、環境調整で可能になる活動にも注目する。障害特性だけで判断せず、本人の強みと環境因子を調整して参加を支える。,公益財団法人 社会福祉振興・試験センター 第36回（令和5年度）介護福祉士国家試験; 問題: https://www.sssc.or.jp/kaigo/past_exam/pdf/no36/listen_k_am_36.html; 正答: https://www.sssc.or.jp/kaigo/past_exam/pdf/no36/k_kijun_seitou.pdf,,true
2024-36-057,2024,36,57,障害の理解,"「障害者総合支援法」において、障害福祉サービスを利用する人の意向のもとにサービス等利用計画案を作成する事業所に置かなければならない専門職として、最も適切なものを1つ選びなさい。
（注）  「障害者総合支援法」とは、「障害者の日常生活及び社会生活を総合的に支援するための法律」のことである。",介護支援専門員（ケアマネジャー）,社会福祉士,介護福祉士,民生委員,相談支援専門員,5,正解は選択肢5「相談支援専門員」である。相談支援専門員は、本人の意向を踏まえてサービス等利用計画案の作成やモニタリングを担う。障害特性だけで判断せず、本人の強みと環境因子を調整して参加を支える。法令・制度・金額・対象要件は改正されることがあるため、受験時点の最新情報も確認する。,公益財団法人 社会福祉振興・試験センター 第36回（令和5年度）介護福祉士国家試験; 問題: https://www.sssc.or.jp/kaigo/past_exam/pdf/no36/listen_k_am_36.html; 正答: https://www.sssc.or.jp/kaigo/past_exam/pdf/no36/k_kijun_seitou.pdf,,true
2024-36-058,2024,36,58,障害の理解,家族の介護力をアセスメントするときの視点に関する記述として、最も適切なものを1つ選びなさい。,障害者個人のニーズを重視する。,家族のニーズを重視する。,家族構成員の主観の共通部分を重視する。,家族を構成する個人と家族全体の生活を見る。,支援者の視点や価値観を基準にする。,4,正解は選択肢4「家族を構成する個人と家族全体の生活を見る。」である。この選択肢は、障害特性と必要な支援・社会資源の対応が適切である。できない点だけでなく、環境調整で可能になる活動にも注目する。障害特性だけで判断せず、本人の強みと環境因子を調整して参加を支える。,公益財団法人 社会福祉振興・試験センター 第36回（令和5年度）介護福祉士国家試験; 問題: https://www.sssc.or.jp/kaigo/past_exam/pdf/no36/listen_k_am_36.html; 正答: https://www.sssc.or.jp/kaigo/past_exam/pdf/no36/k_kijun_seitou.pdf,,true
2024-36-059,2024,36,59,医療的ケア,次の記述のうち、喀痰吸引等｛かくたんきゅういんとう｝を実施する訪問介護事業所として登録するときに、事業所が行うべき事項として、正しいものを1つ選びなさい。,登録研修機関になる。,医師が設置する安全委員会に参加する。,喀痰吸引等計画書｛かくたんきゅういんとうけいかくしょ｝の作成を看護師に依頼する。,介護支援専門員（ケアマネジャー）の文書による指示を受ける。,医療関係者との連携体制を確保する。,5,正解は選択肢5「医療関係者との連携体制を確保する。」である。喀痰吸引等は医療的ケアであり、登録、研修、医師・看護職との連携、実施記録と安全管理が必要である。手順の遵守、実施前後の観察、異常時の中止・報告、医療職との連携が要点である。,公益財団法人 社会福祉振興・試験センター 第36回（令和5年度）介護福祉士国家試験; 問題: https://www.sssc.or.jp/kaigo/past_exam/pdf/no36/listen_k_am_36.html; 正答: https://www.sssc.or.jp/kaigo/past_exam/pdf/no36/k_kijun_seitou.pdf,,true
2024-36-060,2024,36,60,医療的ケア,次のうち、呼吸器官の部位の説明に関する記述として、正しいものを1つ選びなさい。,鼻腔｛びくう｝は、上葉・中葉・下葉に分かれている。,咽頭は、左右に分岐している。,喉頭は、食べ物の通り道である。,気管は、空気の通り道である。,肺は、腹腔内｛ふくくうない｝にある。,4,正解は選択肢4「気管は、空気の通り道である。」である。気管は喉頭から左右の気管支へ続き、肺へ空気を送る通路である。手順の遵守、実施前後の観察、異常時の中止・報告、医療職との連携が要点である。,公益財団法人 社会福祉振興・試験センター 第36回（令和5年度）介護福祉士国家試験; 問題: https://www.sssc.or.jp/kaigo/past_exam/pdf/no36/listen_k_am_36.html; 正答: https://www.sssc.or.jp/kaigo/past_exam/pdf/no36/k_kijun_seitou.pdf,,true
2024-36-061,2024,36,61,医療的ケア,次のうち、痰｛たん｝の吸引の準備に関する記述として、最も適切なものを1つ選びなさい。,吸引器は、陰圧になることを確認する。,吸引びんは、滅菌したものを用意する。,吸引チューブのサイズは、痰｛たん｝の量に応じたものにする。,洗浄水は、決められた消毒薬を入れておく。,清浄綿は、次亜塩素酸ナトリウムに浸しておく。,1,正解は選択肢1「吸引器は、陰圧になることを確認する。」である。吸引前には機器を作動させ、適切な陰圧が得られることを確認してから使用する。実施前に本人の状態や環境を確認し、得られた情報に基づいて次の対応を選ぶ。手順の遵守、実施前後の観察、異常時の中止・報告、医療職との連携が要点である。,公益財団法人 社会福祉振興・試験センター 第36回（令和5年度）介護福祉士国家試験; 問題: https://www.sssc.or.jp/kaigo/past_exam/pdf/no36/listen_k_am_36.html; 正答: https://www.sssc.or.jp/kaigo/past_exam/pdf/no36/k_kijun_seitou.pdf,,true
2024-36-062,2024,36,62,医療的ケア,次のうち、経管栄養で起こるトラブルに関する記述として、最も適切なものを1つ選びなさい。,チューブの誤挿入は、下痢を起こす可能性がある。,注入速度が速いときは、嘔吐｛おうと｝を起こす可能性がある。,注入物の温度の調整不良は、脱水を起こす可能性がある。,注入物の濃度の間違いは、感染を起こす可能性がある。,注入中の姿勢の不良は、便秘を起こす可能性がある。,2,正解は選択肢2「注入速度が速いときは、嘔吐｛おうと｝を起こす可能性がある。」である。経管栄養を速く注入すると、腹部膨満、嘔気・嘔吐、下痢などを起こしやすい。手順の遵守、実施前後の観察、異常時の中止・報告、医療職との連携が要点である。,公益財団法人 社会福祉振興・試験センター 第36回（令和5年度）介護福祉士国家試験; 問題: https://www.sssc.or.jp/kaigo/past_exam/pdf/no36/listen_k_am_36.html; 正答: https://www.sssc.or.jp/kaigo/past_exam/pdf/no36/k_kijun_seitou.pdf,,true
2024-36-063,2024,36,63,医療的ケア,"Ｅさん（75歳、女性）は、介護老人福祉施設に入所している。脳梗塞（cerebral infarction）の後遺症があり、介護福祉士が胃ろうによる経管栄養を行っている。
ある日、半座位で栄養剤の注入を開始し、半分程度を順調に注入したところで、体調に変わりがないかを聞くと、「少しお腹が張ってきたような気がする」とＥさんは答えた。意識レベルや顔色に変化はなく、腹痛や嘔気｛おうき｝はない。
次のうち、介護福祉士が看護職員に相談する前に行う対応として、最も適切なものを1つ選びなさい。",嘔吐｛おうと｝していないので、そのまま様子をみる。,仰臥位｛ぎょうがい｝（背臥位｛はいがい｝）にする。,腹部が圧迫されていないかを確認する。,注入速度を速める。,栄養剤の注入を終了する。,3,正解は選択肢3「腹部が圧迫されていないかを確認する。」である。腹部膨満の訴えでは、まず衣類や体位による腹部圧迫など安全に確認できる原因を見直し、改善しなければ中止・報告する。実施前に本人の状態や環境を確認し、得られた情報に基づいて次の対応を選ぶ。手順の遵守、実施前後の観察、異常時の中止・報告、医療職との連携が要点である。,公益財団法人 社会福祉振興・試験センター 第36回（令和5年度）介護福祉士国家試験; 問題: https://www.sssc.or.jp/kaigo/past_exam/pdf/no36/listen_k_am_36.html; 正答: https://www.sssc.or.jp/kaigo/past_exam/pdf/no36/k_kijun_seitou.pdf,,true
2024-36-064,2024,36,64,介護の基本,介護を取り巻く状況に関する次の記述のうち、最も適切なものを1つ選びなさい。,ダブルケアとは、夫婦が助け合って子育てをすることである。,要介護・要支援の認定者数は、介護保険制度の導入時から年々減少している。,家族介護を支えていた家制度は、地域包括ケアシステムによって廃止された。,要介護・要支援の認定者のいる三世代世帯の構成割合は、介護保険制度の導入時から年々増加している。,家族が担っていた介護の役割は、家族機能の低下によって社会で代替する必要が生じた。,5,正解は選択肢5「家族が担っていた介護の役割は、家族機能の低下によって社会で代替する必要が生じた。」である。この選択肢は、介護福祉職の倫理と自立支援、安全確保の原則に合う。本人の希望だけでなく、権利擁護と専門職の責任も併せて判断する。尊厳、自己決定、自立支援、安全確保を両立させ、介護福祉職の役割と限界を守る。,公益財団法人 社会福祉振興・試験センター 第36回（令和5年度）介護福祉士国家試験; 問題: https://www.sssc.or.jp/kaigo/past_exam/pdf/no36/listen_k_pm_36.html; 正答: https://www.sssc.or.jp/kaigo/past_exam/pdf/no36/k_kijun_seitou.pdf,,true
2024-36-065,2024,36,65,介護の基本,介護福祉士に関する次の記述のうち、適切なものを1つ選びなさい。,傷病者に対する療養上の世話又は診療の補助を業とする。,喀痰吸引｛かくたんきゅういん｝を行うときは市町村の窓口に申請する。,業務独占の資格である。,資格を更新するために5年ごとに研修を受講する。,信用を傷つけるような行為は禁止されている。,5,正解は選択肢5「信用を傷つけるような行為は禁止されている。」である。介護福祉士には信用失墜行為の禁止、秘密保持など資格職としての義務がある。尊厳、自己決定、自立支援、安全確保を両立させ、介護福祉職の役割と限界を守る。,公益財団法人 社会福祉振興・試験センター 第36回（令和5年度）介護福祉士国家試験; 問題: https://www.sssc.or.jp/kaigo/past_exam/pdf/no36/listen_k_pm_36.html; 正答: https://www.sssc.or.jp/kaigo/past_exam/pdf/no36/k_kijun_seitou.pdf,,true
2024-36-066,2024,36,66,介護の基本,施設利用者の個人情報の保護に関する次の記述のうち、最も適切なものを1つ選びなさい。,職員がすべての個人情報を自由に閲覧できるように、パスワードを共有する。,個人情報を記載した書類は、そのまま新聞紙と一緒に捨てる。,個人情報保護に関する研修会を定期的に開催し、意識の向上を図る。,職員への守秘義務の提示は、採用時ではなく退職時に書面で行う。,利用者の音声情報は、同意を得ずに使用できる。,3,正解は選択肢3「個人情報保護に関する研修会を定期的に開催し、意識の向上を図る。」である。個人情報保護は規程だけでなく、定期研修、適切な保管、目的外利用の防止を組織的に徹底する。尊厳、自己決定、自立支援、安全確保を両立させ、介護福祉職の役割と限界を守る。,公益財団法人 社会福祉振興・試験センター 第36回（令和5年度）介護福祉士国家試験; 問題: https://www.sssc.or.jp/kaigo/past_exam/pdf/no36/listen_k_pm_36.html; 正答: https://www.sssc.or.jp/kaigo/past_exam/pdf/no36/k_kijun_seitou.pdf,,true
2024-36-067,2024,36,67,介護の基本,個別性や多様性を踏まえた介護に関する次の記述のうち、最も適切なものを1つ選びなさい。,その人らしさは、障害特性から判断する。,生活習慣は、生活してきた環境から理解する。,生活歴は、成人期以降の情報から収集する。,生活様式は、同居する家族と同一にする。,衣服は、施設の方針によって統一する。,2,正解は選択肢2「生活習慣は、生活してきた環境から理解する。」である。この選択肢は、介護福祉職の倫理と自立支援、安全確保の原則に合う。本人の希望だけでなく、権利擁護と専門職の責任も併せて判断する。尊厳、自己決定、自立支援、安全確保を両立させ、介護福祉職の役割と限界を守る。,公益財団法人 社会福祉振興・試験センター 第36回（令和5年度）介護福祉士国家試験; 問題: https://www.sssc.or.jp/kaigo/past_exam/pdf/no36/listen_k_pm_36.html; 正答: https://www.sssc.or.jp/kaigo/past_exam/pdf/no36/k_kijun_seitou.pdf,,true
2024-36-068,2024,36,68,介護の基本,"Ａさん（48歳、女性、要介護1）は、若年性認知症（dementia with early onset）で、夫、長女（高校1年生）と同居している。Ａさんは家族と過ごすことを希望し、小規模多機能型居宅介護で通いを中心に利用を始めた。Ａさんのことが心配な長女は、部活動を諦めて学校が終わるとすぐに帰宅していた。
ある日、夫が、「長女が、学校の先生たちにも相談しているが、今の状況をわかってくれる人がいないと涙を流すことがある」と介護福祉職に相談をした。
夫の話を聞いた介護福祉職の対応として、最も適切なものを1つ選びなさい。",長女に、掃除や洗濯の方法を教える。,家族でもっと頑張るように、夫を励ます。,同じような体験をしている人と交流できる場について情報を提供する。,介護老人福祉施設への入所の申込みを勧める。,介護支援専門員（ケアマネジャー）に介護サービスの変更を提案する。,3,正解は選択肢3「同じような体験をしている人と交流できる場について情報を提供する。」である。この選択肢は、介護福祉職の倫理と自立支援、安全確保の原則に合う。本人の希望だけでなく、権利擁護と専門職の責任も併せて判断する。尊厳、自己決定、自立支援、安全確保を両立させ、介護福祉職の役割と限界を守る。,公益財団法人 社会福祉振興・試験センター 第36回（令和5年度）介護福祉士国家試験; 問題: https://www.sssc.or.jp/kaigo/past_exam/pdf/no36/listen_k_pm_36.html; 正答: https://www.sssc.or.jp/kaigo/past_exam/pdf/no36/k_kijun_seitou.pdf,,true
2024-36-069,2024,36,69,介護の基本,"Ｂさん（61歳、男性、要介護3）は、脳梗塞（cerebral infarction）による左片麻痺｛ひだりかたまひ｝がある。週2回訪問介護（ホームヘルプサービス）を利用し、妻（58歳）と二人暮らしである。自宅での入浴が好きで、妻の介助を受けながら、毎日入浴している。サービス提供責任者に、Ｂさんから、「浴槽から立ち上がるのがつらくなってきた。何かいい方法はないですか」と相談があった。
Ｂさんへのサービス提供責任者の対応として、最も適切なものを1つ選びなさい。",Ｂさんがひとりで入浴できるように、自立生活援助の利用を勧める。,浴室を広くするために、居宅介護住宅改修費を利用した改築を勧める。,妻の入浴介助の負担が軽くなるように、行動援護の利用を勧める。,入浴補助用具で本人の力を生かせるように、特定福祉用具販売の利用を勧める。,Ｂさんが入浴を継続できるように、通所介護（デイサービス）の利用を勧める。,4,正解は選択肢4「入浴補助用具で本人の力を生かせるように、特定福祉用具販売の利用を勧める。」である。福祉用具は介助量を減らすだけでなく、本人の残存能力を生かして安全にできる活動を増やすために選定する。一律に代行せず、本人が安全にできる方法を示して自己決定と残存能力を支える。尊厳、自己決定、自立支援、安全確保を両立させ、介護福祉職の役割と限界を守る。,公益財団法人 社会福祉振興・試験センター 第36回（令和5年度）介護福祉士国家試験; 問題: https://www.sssc.or.jp/kaigo/past_exam/pdf/no36/listen_k_pm_36.html; 正答: https://www.sssc.or.jp/kaigo/past_exam/pdf/no36/k_kijun_seitou.pdf,,true
2024-36-070,2024,36,70,介護の基本,社会奉仕の精神をもって、住民の立場に立って相談に応じ、必要な援助を行い、社会福祉の増進に努める者として、適切なものを1つ選びなさい。,民生委員,生活相談員,訪問介護員（ホームヘルパー）,通所介護職員,介護支援専門員（ケアマネジャー）,1,正解は選択肢1「民生委員」である。民生委員は、住民の立場で相談に応じ、必要な援助や関係機関へのつなぎを行う非常勤の地方公務員である。尊厳、自己決定、自立支援、安全確保を両立させ、介護福祉職の役割と限界を守る。,公益財団法人 社会福祉振興・試験センター 第36回（令和5年度）介護福祉士国家試験; 問題: https://www.sssc.or.jp/kaigo/past_exam/pdf/no36/listen_k_pm_36.html; 正答: https://www.sssc.or.jp/kaigo/past_exam/pdf/no36/k_kijun_seitou.pdf,,true
2024-36-071,2024,36,71,介護の基本,3階建て介護老人福祉施設がある住宅地に、洪水・内水氾濫の図記号マークに関連した警戒レベル3が発令された。介護福祉職がとるべき行動として、最も適切なものを1つ選びなさい。,玄関のドアを開けたままにする。,消火器で、初期消火する。,垂直避難誘導をする。,利用者家族に安否情報を連絡する。,転倒の危険性があるものを固定する。,3,正解は選択肢3「垂直避難誘導をする。」である。浸水が想定される場面では、安全に屋外へ移動できない場合、建物のより高い階へ移る垂直避難が有効である。尊厳、自己決定、自立支援、安全確保を両立させ、介護福祉職の役割と限界を守る。,公益財団法人 社会福祉振興・試験センター 第36回（令和5年度）介護福祉士国家試験; 問題: https://www.sssc.or.jp/kaigo/past_exam/pdf/no36/listen_k_pm_36.html; 正答: https://www.sssc.or.jp/kaigo/past_exam/pdf/no36/k_kijun_seitou.pdf,,true
2024-36-072,2024,36,72,介護の基本,次の記述のうち、介護における感染症対策として、最も適切なものを1つ選びなさい。,手洗いは、液体石鹸｛えきたいせっけん｝よりも固形石鹸｛こけいせっけん｝を使用する。,配膳時にくしゃみが出たときは、口元をおさえた手でそのまま行う。,嘔吐物｛おうとぶつ｝の処理は、素手で行う。,排泄｛はいせつ｝の介護は、利用者ごとに手袋を交換する。,うがい用のコップは、共用にする。,4,正解は選択肢4「排泄｛はいせつ｝の介護は、利用者ごとに手袋を交換する。」である。標準予防策では一人の利用者ごと、汚染作業から清潔作業へ移るときに手袋を交換し、手指衛生を行う。尊厳、自己決定、自立支援、安全確保を両立させ、介護福祉職の役割と限界を守る。,公益財団法人 社会福祉振興・試験センター 第36回（令和5年度）介護福祉士国家試験; 問題: https://www.sssc.or.jp/kaigo/past_exam/pdf/no36/listen_k_pm_36.html; 正答: https://www.sssc.or.jp/kaigo/past_exam/pdf/no36/k_kijun_seitou.pdf,,true
2024-36-073,2024,36,73,介護の基本,介護福祉士が行う服薬の介護に関する次の記述のうち、最も適切なものを1つ選びなさい。,服薬時間は、食後に統一する。,服用できずに残った薬は、介護福祉士の判断で処分する。,多種類の薬を処方された場合は、介護福祉士が一包化する。,内服薬の用量は、利用者のその日の体調で決める。,副作用の知識をもって、服薬の介護を行う。,5,正解は選択肢5「副作用の知識をもって、服薬の介護を行う。」である。服薬介助では薬の目的・用法・主な副作用を理解し、服薬後の変化を観察して異常を医療職へ報告する。尊厳、自己決定、自立支援、安全確保を両立させ、介護福祉職の役割と限界を守る。,公益財団法人 社会福祉振興・試験センター 第36回（令和5年度）介護福祉士国家試験; 問題: https://www.sssc.or.jp/kaigo/past_exam/pdf/no36/listen_k_pm_36.html; 正答: https://www.sssc.or.jp/kaigo/past_exam/pdf/no36/k_kijun_seitou.pdf,,true
2024-36-074,2024,36,74,コミュニケーション技術,"Ｃさん（85歳、女性、要介護3）は、介護老人保健施設に入所しており、軽度の難聴がある。数日前から、職員は感染症対策として日常的にマスクを着用して勤務することになった。
ある日、Ｄ介護福祉職がＣさんの居室を訪問すると、「孫が絵を描いて送ってくれたの」と笑いながら絵を見せてくれた。Ｄ介護福祉職はＣさんの言動に共感的理解を示すために、意図的に非言語コミュニケーションを用いて対応した。
このときのＤ介護福祉職のＣさんへの対応として、最も適切なものを1つ選びなさい。",「よかったですね」と紙に書いて渡した。,目元を意識した笑顔を作り、大きくうなずいた。,「お孫さんの絵が届いて、うれしかったですね」と耳元で話した。,「私もうれしいです」と、ゆっくり話した。,「えがとてもじょうずです」と五十音表を用いて伝えた。,2,正解は選択肢2「目元を意識した笑顔を作り、大きくうなずいた。」である。表情、視線、姿勢、うなずきなどの非言語表現は、共感や関心を伝える重要な手段である。まず受容・共感して本人のペースを守り、障害特性に応じた伝達方法を選ぶ。,公益財団法人 社会福祉振興・試験センター 第36回（令和5年度）介護福祉士国家試験; 問題: https://www.sssc.or.jp/kaigo/past_exam/pdf/no36/listen_k_pm_36.html; 正答: https://www.sssc.or.jp/kaigo/past_exam/pdf/no36/k_kijun_seitou.pdf,,true
2024-36-075,2024,36,75,コミュニケーション技術,利用者の家族との信頼関係の構築を目的としたコミュニケーションとして、最も適切なものを1つ選びなさい。,家族に介護技術を教える。,家族に介護をしている当事者の会に参加することを提案する。,家族から介護の体験を共感的に聴く。,家族に介護を続ける強い気持ちがあるかを質問する。,家族に介護保険が使える範囲を説明する。,3,正解は選択肢3「家族から介護の体験を共感的に聴く。」である。本人の言葉を遮らずに確認することで、表面の訴えだけでなく背景にあるニーズを把握できる。まず受容・共感して本人のペースを守り、障害特性に応じた伝達方法を選ぶ。,公益財団法人 社会福祉振興・試験センター 第36回（令和5年度）介護福祉士国家試験; 問題: https://www.sssc.or.jp/kaigo/past_exam/pdf/no36/listen_k_pm_36.html; 正答: https://www.sssc.or.jp/kaigo/past_exam/pdf/no36/k_kijun_seitou.pdf,,true
2024-36-076,2024,36,76,コミュニケーション技術,"Ｅさん（70歳、女性）は、脳梗塞（cerebral infarction）の後遺症で言語に障害がある。発語はできるが、話したいことをうまく言葉に言い表せない。聴覚機能に問題はなく、日常会話で使用する単語はだいたい理解できるが、単語がつながる文章になるとうまく理解できない。ある日、Ｅさんに介護福祉職が、「お風呂は、今日ではなくあしたですよ」と伝えると、Ｅさんはしばらく黙って考え、理解できない様子だった。
このとき、Ｅさんへの介護福祉職の対応として、最も適切なものを1つ選びなさい。",「何がわからないのか教えてください」と質問する。,「お風呂、あした」と短い言葉で伝える。,「今日、お風呂に入りたいのですね」と確かめる。,「あしたがお風呂の日で、今日は違いますよ」と言い換える。,「お・ふ・ろ・は・あ・し・た」と1音ずつ言葉を区切って伝える。,2,正解は選択肢2「「お風呂、あした」と短い言葉で伝える。」である。短く具体的に説明し、理解できたかを本人の反応から確かめる。まず受容・共感して本人のペースを守り、障害特性に応じた伝達方法を選ぶ。,公益財団法人 社会福祉振興・試験センター 第36回（令和5年度）介護福祉士国家試験; 問題: https://www.sssc.or.jp/kaigo/past_exam/pdf/no36/listen_k_pm_36.html; 正答: https://www.sssc.or.jp/kaigo/past_exam/pdf/no36/k_kijun_seitou.pdf,,true
2024-36-077,2024,36,77,コミュニケーション技術,"Ｆさん（70歳、女性）は、最近、抑うつ状態（depressive state）にあり、ベッドに寝ていることが多く、「もう死んでしまいたい」とつぶやいていた。
Ｆさんの発言に対する、介護福祉職の言葉かけとして、最も適切なものを1つ選びなさい。",「落ちこんだらだめですよ」,「とてもつらいのですね」,「どうしてそんなに寝てばかりいるのですか」,「食堂へおしゃべりに行きましょう」,「元気を出して、頑張ってください」,2,正解は選択肢2「「とてもつらいのですね」」である。自殺を示唆する発言は否定や安易な励ましを避け、つらさを受け止めたうえで安全確認と専門職への連携を行う。感情を評価・否定せず言葉にして受け止めると、信頼関係と安心につながる。まず受容・共感して本人のペースを守り、障害特性に応じた伝達方法を選ぶ。,公益財団法人 社会福祉振興・試験センター 第36回（令和5年度）介護福祉士国家試験; 問題: https://www.sssc.or.jp/kaigo/past_exam/pdf/no36/listen_k_pm_36.html; 正答: https://www.sssc.or.jp/kaigo/past_exam/pdf/no36/k_kijun_seitou.pdf,,true
2024-36-078,2024,36,78,コミュニケーション技術,"Ｇさん（70歳、女性、要介護1）は、有料老人ホームに入居していて、網膜色素変性症（retinitis pigmentosa）による夜盲がある。ある日の夕方、Ｇさんがうす暗い廊下を歩いているのをＨ介護福祉職が発見し、「Ｈです。大丈夫ですか」と声をかけた。Ｇさんは、「びっくりした。見えにくくて、わからなかった…」と暗い表情で返事をした。
このときのＧさんに対するＨ介護福祉職の受容的な対応として、最も適切なものを1つ選びなさい。",「驚かせてしまいましたね。一緒に歩きましょうか」,「明るいところを歩きましょう。電気をつけたほうがいいですよ」,「見えにくくなってきたのですね。一緒に点字の練習を始めましょう」,「白杖｛はくじょう｝があるかを確認しておきます。白杖｛はくじょう｝を使うようにしましょう」,「暗い顔をしないでください。頑張りましょう」,1,正解は選択肢1「「驚かせてしまいましたね。一緒に歩きましょうか」」である。感情を評価・否定せず言葉にして受け止めると、信頼関係と安心につながる。まず受容・共感して本人のペースを守り、障害特性に応じた伝達方法を選ぶ。,公益財団法人 社会福祉振興・試験センター 第36回（令和5年度）介護福祉士国家試験; 問題: https://www.sssc.or.jp/kaigo/past_exam/pdf/no36/listen_k_pm_36.html; 正答: https://www.sssc.or.jp/kaigo/past_exam/pdf/no36/k_kijun_seitou.pdf,,true
2024-36-079,2024,36,79,コミュニケーション技術,事例検討の目的に関する次の記述のうち、最も適切なものを1つ選びなさい。,家族に介護計画を説明し、同意を得る。,上司に利用者への対応の結果を報告し、了解を得る。,介護計画の検討をとおして、チームの交流を深める。,チームで事例の課題を共有し、解決策を見いだす。,各職種の日頃の悩みを共有する。,4,正解は選択肢4「チームで事例の課題を共有し、解決策を見いだす。」である。この応答は、相手の感情と理解の仕方に合わせた双方向のコミュニケーションになっている。説得や評価を急ぐ選択肢は避ける。まず受容・共感して本人のペースを守り、障害特性に応じた伝達方法を選ぶ。,公益財団法人 社会福祉振興・試験センター 第36回（令和5年度）介護福祉士国家試験; 問題: https://www.sssc.or.jp/kaigo/past_exam/pdf/no36/listen_k_pm_36.html; 正答: https://www.sssc.or.jp/kaigo/past_exam/pdf/no36/k_kijun_seitou.pdf,,true
2024-36-080,2024,36,80,生活支援技術,介護老人福祉施設における、レクリエーション活動に関する次の記述のうち、最も適切なものを1つ選びなさい。,利用者全員が参加することを重視する。,毎回、異なるプログラムを企画する。,プログラムに買い物や調理も取り入れる。,利用者の過去の趣味を、プログラムに取り入れることは避ける。,地域のボランティアの参加は、遠慮してもらう。,3,正解は選択肢3「プログラムに買い物や調理も取り入れる。」である。この方法は、動作の安定性と本人が持つ力を生かす点で適切である。介助者がすべて行う方法や、不自然な姿勢・動線になる方法は避ける。本人の残存能力を生かし、安定した姿勢、動作の順序、福祉用具、環境調整によって安全と自立を支える。,公益財団法人 社会福祉振興・試験センター 第36回（令和5年度）介護福祉士国家試験; 問題: https://www.sssc.or.jp/kaigo/past_exam/pdf/no36/listen_k_pm_36.html; 正答: https://www.sssc.or.jp/kaigo/past_exam/pdf/no36/k_kijun_seitou.pdf,,true
2024-36-081,2024,36,81,生活支援技術,関節リウマチ（rheumatoid arthritis）で、関節の変形や痛みがある人への住まいに関する介護福祉職の助言として、最も適切なものを1つ選びなさい。,手すりは、握らずに利用できる平手すりを勧める。,いすの座面の高さは、低いものを勧める。,ベッドよりも、床に布団を敷いて寝るように勧める。,部屋のドアは、開き戸を勧める。,2階建ての家の場合、居室は2階にすることを勧める。,1,正解は選択肢1「手すりは、握らずに利用できる平手すりを勧める。」である。関節リウマチで握る動作が痛い場合、前腕や手のひらで支持できる平手すりが負担を減らす。一律に代行せず、本人が安全にできる方法を示して自己決定と残存能力を支える。本人の残存能力を生かし、安定した姿勢、動作の順序、福祉用具、環境調整によって安全と自立を支える。,公益財団法人 社会福祉振興・試験センター 第36回（令和5年度）介護福祉士国家試験; 問題: https://www.sssc.or.jp/kaigo/past_exam/pdf/no36/listen_k_pm_36.html; 正答: https://www.sssc.or.jp/kaigo/past_exam/pdf/no36/k_kijun_seitou.pdf,,true
2024-36-082,2024,36,82,生活支援技術,心身機能が低下した高齢者の住環境の改善に関する次の記述のうち、最も適切なものを1つ選びなさい。,玄関から道路までは、コンクリートから砂利敷きにする。,扉の取っ手は、レバーハンドルから丸いドアノブにする。,階段の足が乗る板と板の先端部分は、反対色から同系色にする。,車いすを使用する居室の床は、畳から板製床材（フローリング）にする。,浴槽は、和洋折衷式から洋式にする。,4,正解は選択肢4「車いすを使用する居室の床は、畳から板製床材（フローリング）にする。」である。車いすでは畳より硬く平滑な床材のほうが走行抵抗が小さく、移動しやすい。本人の残存能力を生かし、安定した姿勢、動作の順序、福祉用具、環境調整によって安全と自立を支える。,公益財団法人 社会福祉振興・試験センター 第36回（令和5年度）介護福祉士国家試験; 問題: https://www.sssc.or.jp/kaigo/past_exam/pdf/no36/listen_k_pm_36.html; 正答: https://www.sssc.or.jp/kaigo/past_exam/pdf/no36/k_kijun_seitou.pdf,,true
2024-36-083,2024,36,83,生活支援技術,仰臥位｛ぎょうがい｝（背臥位｛はいがい｝）から半座位（ファーラー位）にするとき、ギャッチベッドの背上げを行う前の介護に関する次の記述のうち、最も適切なものを1つ選びなさい。,背部の圧抜きを行う。,臀部｛でんぶ｝をベッド中央部の曲がる部分に合わせる。,ベッドの高さを最も低い高さにする。,利用者の足がフットボードに付くまで水平移動する。,利用者のからだをベッドに対して斜めにする。,2,正解は選択肢2「臀部｛でんぶ｝をベッド中央部の曲がる部分に合わせる。」である。背上げ前にベッドの屈曲部と股関節付近を合わせると、身体のずれと腹部圧迫を減らせる。本人の残存能力を生かし、安定した姿勢、動作の順序、福祉用具、環境調整によって安全と自立を支える。,公益財団法人 社会福祉振興・試験センター 第36回（令和5年度）介護福祉士国家試験; 問題: https://www.sssc.or.jp/kaigo/past_exam/pdf/no36/listen_k_pm_36.html; 正答: https://www.sssc.or.jp/kaigo/past_exam/pdf/no36/k_kijun_seitou.pdf,,true
2024-36-084,2024,36,84,生活支援技術,回復期にある左片麻痺｛ひだりかたまひ｝の利用者が、ベッドで端座位から立位になるときの基本的な介護方法に関する次の記述のうち、最も適切なものを1つ選びなさい。,利用者の右側に立つ。,利用者に、ベッドに深く座るように促す。,利用者に、背すじを伸ばして真上に立ち上がるように促す。,利用者の左側に荷重がかかるように支える。,利用者の左の膝頭に手を当てて保持し、膝折れを防ぐ。,5,正解は選択肢5「利用者の左の膝頭に手を当てて保持し、膝折れを防ぐ。」である。立ち上がり時は麻痺側の膝を支え、足底接地と重心移動を確認して膝折れを防ぐ。本人の残存能力を生かし、安定した姿勢、動作の順序、福祉用具、環境調整によって安全と自立を支える。,公益財団法人 社会福祉振興・試験センター 第36回（令和5年度）介護福祉士国家試験; 問題: https://www.sssc.or.jp/kaigo/past_exam/pdf/no36/listen_k_pm_36.html; 正答: https://www.sssc.or.jp/kaigo/past_exam/pdf/no36/k_kijun_seitou.pdf,,true
2024-36-085,2024,36,85,生活支援技術,標準型車いすを用いた移動の介護に関する次の記述のうち、適切なものを1つ選びなさい。,急な上り坂は、すばやく進む。,急な下り坂は、前向きで進む。,踏切を渡るときは、駆動輪を上げて進む。,エレベーターに乗るときは、正面からまっすぐに進む。,段差を降りるときは、前輪から下りる。,4,正解は選択肢4「エレベーターに乗るときは、正面からまっすぐに進む。」である。エレベーターは段差や隙間にキャスターを取られないよう、基本的に直角に進入・退出する。本人の残存能力を生かし、安定した姿勢、動作の順序、福祉用具、環境調整によって安全と自立を支える。,公益財団法人 社会福祉振興・試験センター 第36回（令和5年度）介護福祉士国家試験; 問題: https://www.sssc.or.jp/kaigo/past_exam/pdf/no36/listen_k_pm_36.html; 正答: https://www.sssc.or.jp/kaigo/past_exam/pdf/no36/k_kijun_seitou.pdf,,true
2024-36-086,2024,36,86,生活支援技術,医学的管理の必要がない高齢者の爪の手入れに関する次の記述のうち、最も適切なものを1つ選びなさい。,爪は、入浴の前に切る。,爪の先の白い部分は、残らないように切る。,爪は、一度にまっすぐ横に切る。,爪の両端は、切らずに残す。,爪切り後は、やすりをかけて滑らかにする。,5,正解は選択肢5「爪切り後は、やすりをかけて滑らかにする。」である。爪切り後にやすりで角を滑らかにすると、皮膚を傷つける危険を減らせる。本人の残存能力を生かし、安定した姿勢、動作の順序、福祉用具、環境調整によって安全と自立を支える。,公益財団法人 社会福祉振興・試験センター 第36回（令和5年度）介護福祉士国家試験; 問題: https://www.sssc.or.jp/kaigo/past_exam/pdf/no36/listen_k_pm_36.html; 正答: https://www.sssc.or.jp/kaigo/past_exam/pdf/no36/k_kijun_seitou.pdf,,true
2024-36-087,2024,36,87,生活支援技術,左片麻痺｛ひだりかたまひ｝の利用者が、端座位でズボンを着脱するときの介護に関する次の記述のうち、最も適切なものを1つ選びなさい。,最初に、左側の腰を少し上げて脱ぐように促す。,右膝を高く上げて、脱ぐように促す。,左足を右の大腿｛だいたい｝の上にのせて、ズボンを通すように促す。,立ち上がる前に、ズボンを膝下まで上げるように促す。,介護福祉職は右側に立って、ズボンを上げるように促す。,3,正解は選択肢3「左足を右の大腿｛だいたい｝の上にのせて、ズボンを通すように促す。」である。更衣は原則として着るときは麻痺側から、脱ぐときは非麻痺側から行い、可能な動作は本人に行ってもらう。一律に代行せず、本人が安全にできる方法を示して自己決定と残存能力を支える。本人の残存能力を生かし、安定した姿勢、動作の順序、福祉用具、環境調整によって安全と自立を支える。,公益財団法人 社会福祉振興・試験センター 第36回（令和5年度）介護福祉士国家試験; 問題: https://www.sssc.or.jp/kaigo/past_exam/pdf/no36/listen_k_pm_36.html; 正答: https://www.sssc.or.jp/kaigo/past_exam/pdf/no36/k_kijun_seitou.pdf,,true
2024-36-088,2024,36,88,生活支援技術,次のうち、嚥下機能｛えんげきのう｝の低下している利用者に提供するおやつとして、最も適切なものを1つ選びなさい。,クッキー,カステラ,もなか,餅,プリン,5,正解は選択肢5「プリン」である。プリンのようにまとまりやすく、口腔内でばらけにくい食品は嚥下機能が低下した人に適しやすい。本人の残存能力を生かし、安定した姿勢、動作の順序、福祉用具、環境調整によって安全と自立を支える。,公益財団法人 社会福祉振興・試験センター 第36回（令和5年度）介護福祉士国家試験; 問題: https://www.sssc.or.jp/kaigo/past_exam/pdf/no36/listen_k_pm_36.html; 正答: https://www.sssc.or.jp/kaigo/past_exam/pdf/no36/k_kijun_seitou.pdf,,true
2024-36-089,2024,36,89,生活支援技術,介護老人福祉施設の介護福祉職が、管理栄養士と連携することが必要な利用者の状態として、最も適切なものを1つ選びなさい。,利用者の食べ残しが目立つ。,経管栄養をしている利用者が嘔吐｛おうと｝する。,利用者の食事中の姿勢が不安定である。,利用者の義歯がぐらついている。,利用者の摂食・嚥下｛えんげ｝の機能訓練が必要である。,1,正解は選択肢1「利用者の食べ残しが目立つ。」である。食べ残しの増加は低栄養の兆候になり得るため、摂取量や原因を把握し管理栄養士と連携する。本人の残存能力を生かし、安定した姿勢、動作の順序、福祉用具、環境調整によって安全と自立を支える。,公益財団法人 社会福祉振興・試験センター 第36回（令和5年度）介護福祉士国家試験; 問題: https://www.sssc.or.jp/kaigo/past_exam/pdf/no36/listen_k_pm_36.html; 正答: https://www.sssc.or.jp/kaigo/past_exam/pdf/no36/k_kijun_seitou.pdf,,true
2024-36-090,2024,36,90,生活支援技術,次の記述のうち、血液透析を受けている利用者への食事の介護として、最も適切なものを1つ選びなさい。,塩分の多い食品をとるように勧める。,ゆでこぼした野菜をとるように勧める。,乳製品を多くとるように勧める。,水分を多くとるように勧める。,魚や肉を使った料理を多くとるように勧める。,2,正解は選択肢2「ゆでこぼした野菜をとるように勧める。」である。野菜をゆでこぼすとカリウムを減らせるため、透析食の調整方法の一つになる。一律に代行せず、本人が安全にできる方法を示して自己決定と残存能力を支える。本人の残存能力を生かし、安定した姿勢、動作の順序、福祉用具、環境調整によって安全と自立を支える。,公益財団法人 社会福祉振興・試験センター 第36回（令和5年度）介護福祉士国家試験; 問題: https://www.sssc.or.jp/kaigo/past_exam/pdf/no36/listen_k_pm_36.html; 正答: https://www.sssc.or.jp/kaigo/past_exam/pdf/no36/k_kijun_seitou.pdf,,true
2024-36-091,2024,36,91,生活支援技術,介護老人福祉施設の一般浴（個浴）で、右片麻痺｛みぎかたまひ｝の利用者が移乗台に座っている。その状態から安全に入浴をするための介護福祉職の助言として、最も適切なものを1つ選びなさい。,「浴槽に入るときは、右足から入りましょう」,「湯につかるときは、左膝に手をついてゆっくり入りましょう」,「浴槽内では、足で浴槽の壁を押すようにして姿勢を安定させましょう」,「浴槽内では、後ろの壁に寄りかかり足を伸ばしましょう」,「浴槽から出るときは、真上方向に立ち上がりましょう」,3,正解は選択肢3「「浴槽内では、足で浴槽の壁を押すようにして姿勢を安定させましょう」」である。この方法は、動作の安定性と本人が持つ力を生かす点で適切である。介助者がすべて行う方法や、不自然な姿勢・動線になる方法は避ける。本人の残存能力を生かし、安定した姿勢、動作の順序、福祉用具、環境調整によって安全と自立を支える。,公益財団法人 社会福祉振興・試験センター 第36回（令和5年度）介護福祉士国家試験; 問題: https://www.sssc.or.jp/kaigo/past_exam/pdf/no36/listen_k_pm_36.html; 正答: https://www.sssc.or.jp/kaigo/past_exam/pdf/no36/k_kijun_seitou.pdf,,true
2024-36-092,2024,36,92,生活支援技術,次の記述のうち、椅座位で足浴を行う介護方法として、最も適切なものを1つ選びなさい。,ズボンを脱いだ状態で行う。,湯温の確認は、介護福祉職より先に利用者にしてもらう。,足底は、足浴用容器の底面に付いていることを確認する。,足に付いた石鹸｛せっけん｝の泡は、洗い流さずに拭き取る。,足浴用容器から足を上げた後は、自然乾燥させる。,3,正解は選択肢3「足底は、足浴用容器の底面に付いていることを確認する。」である。椅座位の足浴では足底を容器の底につけ、姿勢を安定させて転倒やずれを防ぐ。実施前に本人の状態や環境を確認し、得られた情報に基づいて次の対応を選ぶ。本人の残存能力を生かし、安定した姿勢、動作の順序、福祉用具、環境調整によって安全と自立を支える。,公益財団法人 社会福祉振興・試験センター 第36回（令和5年度）介護福祉士国家試験; 問題: https://www.sssc.or.jp/kaigo/past_exam/pdf/no36/listen_k_pm_36.html; 正答: https://www.sssc.or.jp/kaigo/past_exam/pdf/no36/k_kijun_seitou.pdf,,true
2024-36-093,2024,36,93,生活支援技術,身体機能が低下している高齢者が、ストレッチャータイプの特殊浴槽を利用するときの入浴介護の留意点として、最も適切なものを1つ選びなさい。,介護福祉職2名で、洗髪と洗身を同時に行う。,背部を洗うときは、側臥位｛そくがい｝にして行う。,浴槽に入るときは、両腕の上から固定ベルトを装着する。,浴槽では、首までつかるようにする。,浴槽につかる時間は、20分程度とする。,2,正解は選択肢2「背部を洗うときは、側臥位｛そくがい｝にして行う。」である。ストレッチャー上で背部を洗うときは、転落を防ぎながら側臥位にして皮膚を観察する。本人の残存能力を生かし、安定した姿勢、動作の順序、福祉用具、環境調整によって安全と自立を支える。,公益財団法人 社会福祉振興・試験センター 第36回（令和5年度）介護福祉士国家試験; 問題: https://www.sssc.or.jp/kaigo/past_exam/pdf/no36/listen_k_pm_36.html; 正答: https://www.sssc.or.jp/kaigo/past_exam/pdf/no36/k_kijun_seitou.pdf,,true
2024-36-094,2024,36,94,生活支援技術,"Ｊさん（84歳、女性、要介護3）は、認知症（dementia）があり、夫（86歳、要支援1）と二人暮らしである。Ｊさんは尿意はあるが、夫の介護負担を軽減するため終日おむつを使用しており、尿路感染症（urinary tract infection）を繰り返していた。夫が体調不良になったので、Ｊさんは介護老人福祉施設に入所した。
Ｊさんの尿路感染症（urinary tract infection）を予防する介護として、最も適切なものを1つ選びなさい。",尿の性状を観察する。,体温の変化を観察する。,陰部洗浄の回数を検討する。,おむつを使わないで、トイレに誘導する。,膀胱留置｛ぼうこうりゅうち｝カテーテルの使用を提案する。,4,正解は選択肢4「おむつを使わないで、トイレに誘導する。」である。尿意と移動能力がある場合は、安易におむつへ依存せずトイレ排泄を支えることが自立と感染予防につながる。本人の残存能力を生かし、安定した姿勢、動作の順序、福祉用具、環境調整によって安全と自立を支える。,公益財団法人 社会福祉振興・試験センター 第36回（令和5年度）介護福祉士国家試験; 問題: https://www.sssc.or.jp/kaigo/past_exam/pdf/no36/listen_k_pm_36.html; 正答: https://www.sssc.or.jp/kaigo/past_exam/pdf/no36/k_kijun_seitou.pdf,,true
2024-36-095,2024,36,95,生活支援技術,夜間、自宅のトイレでの排泄｛はいせつ｝が間に合わずに失敗してしまう高齢者への介護福祉職の助言として、最も適切なものを1つ選びなさい。,水分摂取量を減らすように勧める。,終日、リハビリパンツを使用するように勧める。,睡眠薬を服用するように勧める。,泌尿器科を受診するように勧める。,夜間は、ポータブルトイレを使用するように勧める。,5,正解は選択肢5「夜間は、ポータブルトイレを使用するように勧める。」である。夜間にトイレまで間に合わない場合、ベッド近くのポータブルトイレは移動距離を短くし転倒と失禁を防ぎやすい。一律に代行せず、本人が安全にできる方法を示して自己決定と残存能力を支える。本人の残存能力を生かし、安定した姿勢、動作の順序、福祉用具、環境調整によって安全と自立を支える。,公益財団法人 社会福祉振興・試験センター 第36回（令和5年度）介護福祉士国家試験; 問題: https://www.sssc.or.jp/kaigo/past_exam/pdf/no36/listen_k_pm_36.html; 正答: https://www.sssc.or.jp/kaigo/past_exam/pdf/no36/k_kijun_seitou.pdf,,true
2024-36-096,2024,36,96,生活支援技術,介護福祉職が行うことができる、市販のディスポーザブルグリセリン浣腸器｛かんちょうき｝を用いた排便の介護に関する次の記述のうち、最も適切なものを1つ選びなさい。,浣腸液｛かんちょうえき｝は、39℃～40℃に温める。,浣腸液｛かんちょうえき｝を注入するときは、立位をとるように声をかける。,浣腸液｛かんちょうえき｝は、すばやく注入する。,浣腸液｛かんちょうえき｝を注入したら、すぐに排便するように声をかける。,排便がない場合は、新しい浣腸液｛かんちょうえき｝を再注入する。,1,正解は選択肢1「浣腸液｛かんちょうえき｝は、39℃～40℃に温める。」である。浣腸液は体温程度に温めると、冷刺激による不快感や腹痛を起こしにくい。本人の残存能力を生かし、安定した姿勢、動作の順序、福祉用具、環境調整によって安全と自立を支える。,公益財団法人 社会福祉振興・試験センター 第36回（令和5年度）介護福祉士国家試験; 問題: https://www.sssc.or.jp/kaigo/past_exam/pdf/no36/listen_k_pm_36.html; 正答: https://www.sssc.or.jp/kaigo/past_exam/pdf/no36/k_kijun_seitou.pdf,,true
2024-36-097,2024,36,97,生活支援技術,訪問介護員（ホームヘルパー）が行う見守り的援助として、最も適切なものを1つ選びなさい。,ゴミの分別ができるように声をかける。,利用者がテレビを見ている間に洗濯物を干す。,着られなくなった服を作り直す。,調理したものを盛り付け、食事を提供する。,冷蔵庫の中を整理し、賞味期限が切れた食品を捨てておく。,1,正解は選択肢1「ゴミの分別ができるように声をかける。」である。見守り的援助は、全面的に代行せず、声かけや安全確認によって本人ができる行為を続けられるよう支える。本人の残存能力を生かし、安定した姿勢、動作の順序、福祉用具、環境調整によって安全と自立を支える。,公益財団法人 社会福祉振興・試験センター 第36回（令和5年度）介護福祉士国家試験; 問題: https://www.sssc.or.jp/kaigo/past_exam/pdf/no36/listen_k_pm_36.html; 正答: https://www.sssc.or.jp/kaigo/past_exam/pdf/no36/k_kijun_seitou.pdf,,true
2024-36-098,2024,36,98,生活支援技術,高齢者が靴下・靴を選ぶときの介護福祉職の対応として、最も適切なものを1つ選びなさい。,靴下は、指つきのきついものを勧める。,靴下は、足底に滑り止めがあるものを勧める。,靴は、床面からつま先までの高さが小さいものを勧める。,靴は、踵｛かかと｝のない脱ぎやすいものを勧める。,靴は、先端部に0.5～1cmの余裕があるものを勧める。,5,正解は選択肢5「靴は、先端部に0.5～1cmの余裕があるものを勧める。」である。靴はつま先に適度な余裕があり、かかとが安定して足囲が合うものを選ぶ。一律に代行せず、本人が安全にできる方法を示して自己決定と残存能力を支える。本人の残存能力を生かし、安定した姿勢、動作の順序、福祉用具、環境調整によって安全と自立を支える。,公益財団法人 社会福祉振興・試験センター 第36回（令和5年度）介護福祉士国家試験; 問題: https://www.sssc.or.jp/kaigo/past_exam/pdf/no36/listen_k_pm_36.html; 正答: https://www.sssc.or.jp/kaigo/past_exam/pdf/no36/k_kijun_seitou.pdf,,true
2024-36-099,2024,36,99,生活支援技術,"Ｋさん（77歳、女性、要支援2）は、もの忘れが目立ちはじめ、訪問介護（ホームヘルプサービス）を利用しながら夫と二人で生活している。訪問時、Ｋさん夫婦から、「Ｋさんがテレビショッピングで購入した健康食品が毎月届いてしまい、高額の支払いが発生して困っている」と相談があった。
Ｋさん夫婦に対する訪問介護員（ホームヘルパー）の発言として、最も適切なものを1つ選びなさい。",「健康食品は処分しましょう」,「クーリング・オフをしましょう」,「買い物は夫がするようにしましょう」,「契約内容を一緒に確認しましょう」,「テレビショッピングでの買い物はやめましょう」,4,正解は選択肢4「「契約内容を一緒に確認しましょう」」である。困りごとの事実を本人と一緒に確認してから、解約や相談窓口など次の対応を検討する。本人の残存能力を生かし、安定した姿勢、動作の順序、福祉用具、環境調整によって安全と自立を支える。,公益財団法人 社会福祉振興・試験センター 第36回（令和5年度）介護福祉士国家試験; 問題: https://www.sssc.or.jp/kaigo/past_exam/pdf/no36/listen_k_pm_36.html; 正答: https://www.sssc.or.jp/kaigo/past_exam/pdf/no36/k_kijun_seitou.pdf,,true
2024-36-100,2024,36,100,生活支援技術,消化管ストーマを造設した利用者への睡眠の介護に関する記述として、最も適切なものを1つ選びなさい。,寝る前にストーマから出血がある場合は、軟膏｛なんこう｝を塗布する。,寝る前に、パウチに便がたまっていたら捨てる。,寝る前に、ストーマ装具を新しいものに交換する。,便の漏れが心配な場合は、パウチの上からおむつを強く巻く。,睡眠を妨げないように、パウチの観察は控える。,2,正解は選択肢2「寝る前に、パウチに便がたまっていたら捨てる。」である。就寝前にパウチ内を空にすると、睡眠中の膨張、漏れ、皮膚トラブルを予防しやすい。本人の残存能力を生かし、安定した姿勢、動作の順序、福祉用具、環境調整によって安全と自立を支える。,公益財団法人 社会福祉振興・試験センター 第36回（令和5年度）介護福祉士国家試験; 問題: https://www.sssc.or.jp/kaigo/past_exam/pdf/no36/listen_k_pm_36.html; 正答: https://www.sssc.or.jp/kaigo/past_exam/pdf/no36/k_kijun_seitou.pdf,,true
2024-36-101,2024,36,101,生活支援技術,"Ｌさん（79歳、男性、要介護2）は、介護老人保健施設に入所して1か月が経過した。睡眠中に大きないびきをかいていることが多く、いびきの音が途切れることもある。夜間に目を覚ましていたり、起床時にだるそうにしている様子もしばしば見られている。
介護福祉職がＬさんについて収集すべき情報として、最も優先度の高いものを1つ選びなさい。",枕の高さ,マットレスの硬さ,掛け布団の重さ,睡眠中の足の動き,睡眠中の呼吸状態,5,正解は選択肢5「睡眠中の呼吸状態」である。大きないびきと呼吸停止、日中の眠気などは睡眠時無呼吸を疑う所見で、睡眠中の呼吸観察を優先する。本人の残存能力を生かし、安定した姿勢、動作の順序、福祉用具、環境調整によって安全と自立を支える。,公益財団法人 社会福祉振興・試験センター 第36回（令和5年度）介護福祉士国家試験; 問題: https://www.sssc.or.jp/kaigo/past_exam/pdf/no36/listen_k_pm_36.html; 正答: https://www.sssc.or.jp/kaigo/past_exam/pdf/no36/k_kijun_seitou.pdf,,true
2024-36-102,2024,36,102,生活支援技術,"Ｍさん（98歳、男性、要介護5）は、介護老人福祉施設に入所している。誤嚥性肺炎｛ごえんせいはいえん｝（aspiration pneumonia）で入退院を繰り返し、医師からは終末期が近い状態であるといわれている。
介護福祉職が確認すべきこととして、最も優先度の高いものを1つ選びなさい。",主治医の今後の見通し,誤嚥性肺炎｛ごえんせいはいえん｝（aspiration pneumonia）の発症時の入院先,経口摂取に対する本人の意向,経口摂取に対する家族の意向,延命治療に対する家族の希望,3,正解は選択肢3「経口摂取に対する本人の意向」である。終末期の食事や医療では、本人の意思・価値観を確認し、多職種と家族で共有して意思決定を支援する。本人の残存能力を生かし、安定した姿勢、動作の順序、福祉用具、環境調整によって安全と自立を支える。,公益財団法人 社会福祉振興・試験センター 第36回（令和5年度）介護福祉士国家試験; 問題: https://www.sssc.or.jp/kaigo/past_exam/pdf/no36/listen_k_pm_36.html; 正答: https://www.sssc.or.jp/kaigo/past_exam/pdf/no36/k_kijun_seitou.pdf,,true
2024-36-103,2024,36,103,生活支援技術,デスカンファレンス（death conference）の目的に関する次の記述のうち、最も適切なものを1つ選びなさい。,一般的な死の受容過程を学習する。,終末期を迎えている利用者の介護について検討する。,利用者の家族に対して、死が近づいたときの身体の変化を説明する。,亡くなった利用者の事例を振り返り、今後の介護に活用する。,終末期の介護に必要な死生観を統一する。,4,正解は選択肢4「亡くなった利用者の事例を振り返り、今後の介護に活用する。」である。カンファレンスに関係職種・担当者が参加すると、目標、観察事項、支援方法を共通理解にできる。本人の残存能力を生かし、安定した姿勢、動作の順序、福祉用具、環境調整によって安全と自立を支える。,公益財団法人 社会福祉振興・試験センター 第36回（令和5年度）介護福祉士国家試験; 問題: https://www.sssc.or.jp/kaigo/past_exam/pdf/no36/listen_k_pm_36.html; 正答: https://www.sssc.or.jp/kaigo/past_exam/pdf/no36/k_kijun_seitou.pdf,,true
2024-36-104,2024,36,104,生活支援技術,福祉用具を活用するときの基本的な考え方として、最も適切なものを1つ選びなさい。,福祉用具が活用できれば、住宅改修は検討しない。,複数の福祉用具を使用するときは、状況に合わせた組合せを考える。,福祉用具の選択に迷うときは、社会福祉士に選択を依頼する。,家族介護者の負担軽減を最優先して選ぶ。,福祉用具の利用状況のモニタリング（monitoring）は不要である。,2,正解は選択肢2「複数の福祉用具を使用するときは、状況に合わせた組合せを考える。」である。この方法は、動作の安定性と本人が持つ力を生かす点で適切である。介助者がすべて行う方法や、不自然な姿勢・動線になる方法は避ける。本人の残存能力を生かし、安定した姿勢、動作の順序、福祉用具、環境調整によって安全と自立を支える。,公益財団法人 社会福祉振興・試験センター 第36回（令和5年度）介護福祉士国家試験; 問題: https://www.sssc.or.jp/kaigo/past_exam/pdf/no36/listen_k_pm_36.html; 正答: https://www.sssc.or.jp/kaigo/past_exam/pdf/no36/k_kijun_seitou.pdf,,true
2024-36-105,2024,36,105,生活支援技術,次のうち、握力の低下がある利用者が使用する杖｛つえ｝として、最も適切なものを1つ選びなさい。,T字杖,オフセット杖,ロフストランド・クラッチ,多点杖,サイドケイン,3,正解は選択肢3「ロフストランド・クラッチ」である。ロフストランドクラッチは前腕カフで支持できるため、握力が弱い人でも安定を得やすい。本人の残存能力を生かし、安定した姿勢、動作の順序、福祉用具、環境調整によって安全と自立を支える。,公益財団法人 社会福祉振興・試験センター 第36回（令和5年度）介護福祉士国家試験; 問題: https://www.sssc.or.jp/kaigo/past_exam/pdf/no36/listen_k_pm_36.html; 正答: https://www.sssc.or.jp/kaigo/past_exam/pdf/no36/k_kijun_seitou.pdf,,true
2024-36-106,2024,36,106,介護過程,介護福祉職が、初回の面談で情報を収集するときの留意点として、最も適切なものを1つ選びなさい。,用意した項目を次から次に質問する。,目的を意識しながら話を聴く。,ほかの利用者が同席する状況で質問する。,最初に経済状態に関する質問をする。,家族の要望を中心に話を聴く。,2,正解は選択肢2「目的を意識しながら話を聴く。」である。本人の言葉を遮らずに確認することで、表面の訴えだけでなく背景にあるニーズを把握できる。アセスメント、課題の明確化、計画、実施、評価をつなぎ、本人の満足度や変化を次の支援に反映する。,公益財団法人 社会福祉振興・試験センター 第36回（令和5年度）介護福祉士国家試験; 問題: https://www.sssc.or.jp/kaigo/past_exam/pdf/no36/listen_k_pm_36.html; 正答: https://www.sssc.or.jp/kaigo/past_exam/pdf/no36/k_kijun_seitou.pdf,,true
2024-36-107,2024,36,107,介護過程,介護過程の評価に関する次の記述のうち、最も適切なものを1つ選びなさい。,生活状況が変化しても、介護計画で設定した日に評価する。,サービス担当者会議で評価する。,相談支援専門員が中心になって評価する。,利用者の満足度を踏まえて評価する。,介護計画の実施中に評価基準を設定する。,4,正解は選択肢4「利用者の満足度を踏まえて評価する。」である。介護過程の評価では、目標達成度だけでなく本人の満足度や意向、状態変化も確認する。アセスメント、課題の明確化、計画、実施、評価をつなぎ、本人の満足度や変化を次の支援に反映する。,公益財団法人 社会福祉振興・試験センター 第36回（令和5年度）介護福祉士国家試験; 問題: https://www.sssc.or.jp/kaigo/past_exam/pdf/no36/listen_k_pm_36.html; 正答: https://www.sssc.or.jp/kaigo/past_exam/pdf/no36/k_kijun_seitou.pdf,,true
2024-36-108,2024,36,108,介護過程,次の記述のうち、介護老人保健施設で多職種連携によるチームアプローチ（team approach）を実践するとき、介護福祉職が担う役割として、最も適切なものを1つ選びなさい。,利用者の生活状況の変化に関する情報を提供する。,総合的な支援の方向性を決める。,サービス担当者会議を開催する。,必要な検査を指示する。,ほかの職種が担う貢献度を評価する。,1,正解は選択肢1「利用者の生活状況の変化に関する情報を提供する。」である。介護福祉職は日常生活に最も近い立場から、食事・排泄・活動・気分などの変化を多職種へ伝える。アセスメント、課題の明確化、計画、実施、評価をつなぎ、本人の満足度や変化を次の支援に反映する。,公益財団法人 社会福祉振興・試験センター 第36回（令和5年度）介護福祉士国家試験; 問題: https://www.sssc.or.jp/kaigo/past_exam/pdf/no36/listen_k_pm_36.html; 正答: https://www.sssc.or.jp/kaigo/past_exam/pdf/no36/k_kijun_seitou.pdf,,true
2024-36-109,2024,36,109,介護過程,"次の事例を読んで、問題109、問題110について答えなさい。
〔事  例〕
Ａさん（75歳、女性）は、一人暮らしで、身体機能に問題はない。70歳まで地域の子どもたちに大正琴を教えていた。認知症（dementia）の進行が疑われて、心配した友人が地域包括支援センターに相談した結果、Ａさんは介護老人福祉施設に入所することになった。入所時のＡさんの要介護度は3であった。
入所後、短期目標を、「施設に慣れ、安心して生活する（3か月）」と設定し、計画は順調に進んでいた。Ａさんは施設の大正琴クラブに自ら進んで参加し、演奏したり、ほかの利用者に大正琴を笑顔で教えたりしていた。ある日、クラブの終了後に、Ａさんは部屋に戻らずに、エレベーターの前で立ち止まっていた。介護職員が声をかけると、Ａさんが、「あの子たちが待っているの」と強い口調で言った。
大正琴クラブが終わった後のＡさんの行動を解釈するために必要な情報として、最も優先すべきものを1つ選びなさい。",介護職員の声かけのタイミング,Ａさんが演奏した時間,「あの子たちが待っているの」という発言,クラブに参加した利用者の人数,居室とエレベーターの位置関係,3,正解は選択肢3「「あの子たちが待っているの」という発言」である。地域包括支援センターは、高齢者の総合相談、権利擁護、介護予防支援、包括的・継続的ケアマネジメント支援を担う。アセスメント、課題の明確化、計画、実施、評価をつなぎ、本人の満足度や変化を次の支援に反映する。,公益財団法人 社会福祉振興・試験センター 第36回（令和5年度）介護福祉士国家試験; 問題: https://www.sssc.or.jp/kaigo/past_exam/pdf/no36/listen_k_pm_36.html; 正答: https://www.sssc.or.jp/kaigo/past_exam/pdf/no36/k_kijun_seitou.pdf,,true
2024-36-110,2024,36,110,介護過程,"次の事例を読んで、問題109、問題110について答えなさい。
〔事  例〕
Ａさん（75歳、女性）は、一人暮らしで、身体機能に問題はない。70歳まで地域の子どもたちに大正琴を教えていた。認知症（dementia）の進行が疑われて、心配した友人が地域包括支援センターに相談した結果、Ａさんは介護老人福祉施設に入所することになった。入所時のＡさんの要介護度は3であった。
入所後、短期目標を、「施設に慣れ、安心して生活する（3か月）」と設定し、計画は順調に進んでいた。Ａさんは施設の大正琴クラブに自ら進んで参加し、演奏したり、ほかの利用者に大正琴を笑顔で教えたりしていた。ある日、クラブの終了後に、Ａさんは部屋に戻らずに、エレベーターの前で立ち止まっていた。介護職員が声をかけると、Ａさんが、「あの子たちが待っているの」と強い口調で言った。
Ａさんの状況から支援を見直すことになった。
次の記述のうち、新たな支援の方向性として、最も適切なものを1つ選びなさい。",介護職員との関係を改善する。,身体機能を改善する。,演奏できる自信を取り戻す。,エレベーターの前に座れる環境を整える。,大正琴を教える役割をもつ。,5,正解は選択肢5「大正琴を教える役割をもつ。」である。地域包括支援センターは、高齢者の総合相談、権利擁護、介護予防支援、包括的・継続的ケアマネジメント支援を担う。アセスメント、課題の明確化、計画、実施、評価をつなぎ、本人の満足度や変化を次の支援に反映する。,公益財団法人 社会福祉振興・試験センター 第36回（令和5年度）介護福祉士国家試験; 問題: https://www.sssc.or.jp/kaigo/past_exam/pdf/no36/listen_k_pm_36.html; 正答: https://www.sssc.or.jp/kaigo/past_exam/pdf/no36/k_kijun_seitou.pdf,,true
2024-36-111,2024,36,111,介護過程,"次の事例を読んで、問題111、問題112について答えなさい。
〔事  例〕
Ｂさん（50歳、男性、障害支援区分3）は、49歳のときに脳梗塞（cerebral infarction）を発症し、左片麻痺｛ひだりかたまひ｝で高次脳機能障害（higher brain dysfunction）と診断された。以前は大工で、手先が器用だったと言っている。
現在は就労継続支援Ｂ型事業所に通っている。短期目標を、「右手を使い、作業を自分ひとりで行える（3か月）」と設定し、製品を箱に入れる単純作業を任されていた。ほかの利用者との人間関係も良好で、左片麻痺｛ひだりかたまひ｝に合わせた作業台で、毎日の作業目標を達成していた。生活支援員には、「将来は手先を使う仕事に就きたい」と希望を話していた。
将来に向けて、生活支援員が新たに製品の組立て作業を提案すると、Ｂさんも喜んで受け入れた。初日に、「ひとりで頑張る」と始めたが、途中で何度も手が止まり、完成品に不備が見られた。生活支援員が声をかけると、「こんなの、できない」と大声を出した。
生活支援員の声かけに対し、Ｂさんが大声を出した理由を解釈する視点として、最も適切なものを1つ選びなさい。",ほかの利用者との人間関係,生活支援員に話した将来の希望,製品を箱に入れる毎日の作業量,製品の組立て作業の状況,左片麻痺｛ひだりかたまひ｝に合わせた作業台,4,正解は選択肢4「製品の組立て作業の状況」である。この選択肢は、得られた事実を解釈し、本人の生活課題と目標に結び付ける介護過程の流れに合う。推測と観察事実を分けることが重要である。アセスメント、課題の明確化、計画、実施、評価をつなぎ、本人の満足度や変化を次の支援に反映する。,公益財団法人 社会福祉振興・試験センター 第36回（令和5年度）介護福祉士国家試験; 問題: https://www.sssc.or.jp/kaigo/past_exam/pdf/no36/listen_k_pm_36.html; 正答: https://www.sssc.or.jp/kaigo/past_exam/pdf/no36/k_kijun_seitou.pdf,,true
2024-36-112,2024,36,112,介護過程,"次の事例を読んで、問題111、問題112について答えなさい。
〔事  例〕
Ｂさん（50歳、男性、障害支援区分3）は、49歳のときに脳梗塞（cerebral infarction）を発症し、左片麻痺｛ひだりかたまひ｝で高次脳機能障害（higher brain dysfunction）と診断された。以前は大工で、手先が器用だったと言っている。
現在は就労継続支援Ｂ型事業所に通っている。短期目標を、「右手を使い、作業を自分ひとりで行える（3か月）」と設定し、製品を箱に入れる単純作業を任されていた。ほかの利用者との人間関係も良好で、左片麻痺｛ひだりかたまひ｝に合わせた作業台で、毎日の作業目標を達成していた。生活支援員には、「将来は手先を使う仕事に就きたい」と希望を話していた。
将来に向けて、生活支援員が新たに製品の組立て作業を提案すると、Ｂさんも喜んで受け入れた。初日に、「ひとりで頑張る」と始めたが、途中で何度も手が止まり、完成品に不備が見られた。生活支援員が声をかけると、「こんなの、できない」と大声を出した。
Ｂさんに対するカンファレンス（conference）が開催され、短期目標を達成するための具体的な支援について見直すことになった。
次の記述のうち、見直した支援内容として、最も適切なものを1つ選びなさい。",完成品の不備を出すことへの反省を促す。,左側に部品を置いて作業するように促す。,完成までの手順を理解しやすいように示す。,生活支援員が横に座り続けて作業内容を指示する。,製品を箱に入れる単純作業も同時に行うように調整する。,3,正解は選択肢3「完成までの手順を理解しやすいように示す。」である。カンファレンスに関係職種・担当者が参加すると、目標、観察事項、支援方法を共通理解にできる。アセスメント、課題の明確化、計画、実施、評価をつなぎ、本人の満足度や変化を次の支援に反映する。,公益財団法人 社会福祉振興・試験センター 第36回（令和5年度）介護福祉士国家試験; 問題: https://www.sssc.or.jp/kaigo/past_exam/pdf/no36/listen_k_pm_36.html; 正答: https://www.sssc.or.jp/kaigo/past_exam/pdf/no36/k_kijun_seitou.pdf,,true
2024-36-113,2024,36,113,介護過程,事例研究を行うときに、遵守すべき倫理的配慮として、適切なものを1つ選びなさい。,研究内容を説明して、事例対象者の同意を得る。,個人が特定できるように、氏名を記載する。,得られたデータは、研究終了後すぐに破棄する。,論文の一部であれば、引用元を明示せずに利用できる。,研究成果を得るために、事実を拡大解釈する。,1,正解は選択肢1「研究内容を説明して、事例対象者の同意を得る。」である。事例研究では目的・方法・公表範囲を説明し、自由意思による同意と個人情報保護を確保する。説明と同意は自己決定を保障する基本で、拒否や撤回ができることも尊重する。アセスメント、課題の明確化、計画、実施、評価をつなぎ、本人の満足度や変化を次の支援に反映する。,公益財団法人 社会福祉振興・試験センター 第36回（令和5年度）介護福祉士国家試験; 問題: https://www.sssc.or.jp/kaigo/past_exam/pdf/no36/listen_k_pm_36.html; 正答: https://www.sssc.or.jp/kaigo/past_exam/pdf/no36/k_kijun_seitou.pdf,,true
2024-36-114,2024,36,114,総合問題,"次の事例を読んで、問題114から問題116までについて答えなさい。
〔事  例〕
Ｃさん（59歳、男性）は、妻（55歳）と二人暮らしであり、専業農家である。Ｃさんはおとなしい性格であったが、最近怒りやすくなったと妻は感じていた。Ｃさんは毎日同じ時間に同じコースを散歩している。ある日、散歩コースの途中にあり、昔からよく行く八百屋から、「Ｃさんが代金を支払わずに商品を持っていった。今回で2回目になる。お金を支払いにきてもらえないか」と妻に連絡があった。妻がＣさんに確認したところ、悪いことをした認識がなかった。心配になった妻がＣさんと病院に行くと、前頭側頭型認知症（frontotemporal dementia）と診断を受けた。妻は今後同じようなことが起きないように、Ｃさんの行動を常に見守り、外出を制限したが、疲労がたまり、今後の生活に不安を感じた。そこで、地域包括支援センターに相談し、要介護認定の申請を行い、訪問介護（ホームヘルプサービス）を利用することになった。
Ｃさんが八百屋でとった行動から考えられる状態として、最も適切なものを1つ選びなさい。",脱抑制,記憶障害,感情失禁,見当識障害,遂行機能障害,1,正解は選択肢1「脱抑制」である。脱抑制は社会的なルールや状況への配慮が弱まり、衝動的・不適切な行動が出る状態である。疾患・障害の特徴、本人の希望、家族状況、利用できる社会資源を関連付けて判断する。法令・制度・金額・対象要件は改正されることがあるため、受験時点の最新情報も確認する。,公益財団法人 社会福祉振興・試験センター 第36回（令和5年度）介護福祉士国家試験; 問題: https://www.sssc.or.jp/kaigo/past_exam/pdf/no36/listen_k_pm_36.html; 正答: https://www.sssc.or.jp/kaigo/past_exam/pdf/no36/k_kijun_seitou.pdf,,true
2024-36-115,2024,36,115,総合問題,"次の事例を読んで、問題114から問題116までについて答えなさい。
〔事  例〕
Ｃさん（59歳、男性）は、妻（55歳）と二人暮らしであり、専業農家である。Ｃさんはおとなしい性格であったが、最近怒りやすくなったと妻は感じていた。Ｃさんは毎日同じ時間に同じコースを散歩している。ある日、散歩コースの途中にあり、昔からよく行く八百屋から、「Ｃさんが代金を支払わずに商品を持っていった。今回で2回目になる。お金を支払いにきてもらえないか」と妻に連絡があった。妻がＣさんに確認したところ、悪いことをした認識がなかった。心配になった妻がＣさんと病院に行くと、前頭側頭型認知症（frontotemporal dementia）と診断を受けた。妻は今後同じようなことが起きないように、Ｃさんの行動を常に見守り、外出を制限したが、疲労がたまり、今後の生活に不安を感じた。そこで、地域包括支援センターに相談し、要介護認定の申請を行い、訪問介護（ホームヘルプサービス）を利用することになった。
Ｃさんの介護保険制度の利用に関する次の記述のうち、適切なものを1つ選びなさい。",介護保険サービスの利用者負担割合は1割である。,介護保険料は特別徴収によって納付する。,要介護認定の結果が出る前に介護保険サービスを利用することはできない。,要介護認定の利用者負担割合は2割である。,介護保険サービスの費用はサービスの利用回数に関わらず定額である。,1,正解は選択肢1「介護保険サービスの利用者負担割合は1割である。」である。介護保険の利用者負担は所得等で異なるため、設問の年齢・所得・適用時点を確認する。疾患・障害の特徴、本人の希望、家族状況、利用できる社会資源を関連付けて判断する。法令・制度・金額・対象要件は改正されることがあるため、受験時点の最新情報も確認する。,公益財団法人 社会福祉振興・試験センター 第36回（令和5年度）介護福祉士国家試験; 問題: https://www.sssc.or.jp/kaigo/past_exam/pdf/no36/listen_k_pm_36.html; 正答: https://www.sssc.or.jp/kaigo/past_exam/pdf/no36/k_kijun_seitou.pdf,,true
2024-36-116,2024,36,116,総合問題,"次の事例を読んで、問題114から問題116までについて答えなさい。
〔事  例〕
Ｃさん（59歳、男性）は、妻（55歳）と二人暮らしであり、専業農家である。Ｃさんはおとなしい性格であったが、最近怒りやすくなったと妻は感じていた。Ｃさんは毎日同じ時間に同じコースを散歩している。ある日、散歩コースの途中にあり、昔からよく行く八百屋から、「Ｃさんが代金を支払わずに商品を持っていった。今回で2回目になる。お金を支払いにきてもらえないか」と妻に連絡があった。妻がＣさんに確認したところ、悪いことをした認識がなかった。心配になった妻がＣさんと病院に行くと、前頭側頭型認知症（frontotemporal dementia）と診断を受けた。妻は今後同じようなことが起きないように、Ｃさんの行動を常に見守り、外出を制限したが、疲労がたまり、今後の生活に不安を感じた。そこで、地域包括支援センターに相談し、要介護認定の申請を行い、訪問介護（ホームヘルプサービス）を利用することになった。
その後、妻に外出を制限されたＣさんは不穏となった。困った妻が訪問介護員（ホームヘルパー）に相談したところ、「八百屋に事情を話して事前にお金を渡して、Ｃさんが品物を持ち去ったときは、渡したお金から商品代金を支払うようにお願いしてはどうか」とアドバイスを受けた。
訪問介護員（ホームヘルパー）が意図したＣさんへの関わりをＩＣＦ（International Classification of Functioning, Disability and Health：国際生活機能分類）に当てはめた記述として、最も適切なものを1つ選びなさい。",個人因子への影響を意図して、健康状態に働きかける。,健康状態への影響を意図して、心身機能に働きかける。,活動への影響を意図して、身体構造に働きかける。,参加への影響を意図して、環境因子に働きかける。,環境因子への影響を意図して、個人因子に働きかける。,4,正解は選択肢4「参加への影響を意図して、環境因子に働きかける。」である。地域包括支援センターは、高齢者の総合相談、権利擁護、介護予防支援、包括的・継続的ケアマネジメント支援を担う。疾患・障害の特徴、本人の希望、家族状況、利用できる社会資源を関連付けて判断する。,公益財団法人 社会福祉振興・試験センター 第36回（令和5年度）介護福祉士国家試験; 問題: https://www.sssc.or.jp/kaigo/past_exam/pdf/no36/listen_k_pm_36.html; 正答: https://www.sssc.or.jp/kaigo/past_exam/pdf/no36/k_kijun_seitou.pdf,,true
2024-36-117,2024,36,117,総合問題,"次の事例を読んで、問題117から問題119までについて答えなさい。
〔事  例〕
Ｄさん（70歳、男性）は、自宅で妻と二人暮らしで、年金収入で生活している。ある日、車を運転中に事故に遭い救急搬送された。医師からは、第4胸髄節まで機能が残存している脊髄損傷（spinal cord injury）と説明を受けた。Ｄさんは、入院中に要介護3の認定を受けた。
Ｄさんは、退院後は自宅で生活することを望んでいた。妻は一緒に暮らしたいと思うが、Ｄさんの身体状況を考えると不安を感じていた。介護支援専門員（ケアマネジャー）は、「退院後は、在宅復帰を目的に、一定の期間、リハビリテーション専門職がいる施設で生活してはどうか」とＤさんに提案した。Ｄさんは妻と退院後の生活について話し合った結果、一定期間施設に入所して、その間に、自宅の住宅改修を行うことにして、介護支援専門員（ケアマネジャー）に居宅介護住宅改修費について相談した。
次のうち、Ｄさんが提案を受けた施設として、最も適切なものを1つ選びなさい。",養護老人ホーム,軽費老人ホーム,介護老人福祉施設,介護老人保健施設,介護医療院,4,正解は選択肢4「介護老人保健施設」である。介護老人保健施設は、在宅復帰を目指して医学的管理の下でリハビリテーションや介護を提供する。疾患・障害の特徴、本人の希望、家族状況、利用できる社会資源を関連付けて判断する。,公益財団法人 社会福祉振興・試験センター 第36回（令和5年度）介護福祉士国家試験; 問題: https://www.sssc.or.jp/kaigo/past_exam/pdf/no36/listen_k_pm_36.html; 正答: https://www.sssc.or.jp/kaigo/past_exam/pdf/no36/k_kijun_seitou.pdf,,true
2024-36-118,2024,36,118,総合問題,"次の事例を読んで、問題117から問題119までについて答えなさい。
〔事  例〕
Ｄさん（70歳、男性）は、自宅で妻と二人暮らしで、年金収入で生活している。ある日、車を運転中に事故に遭い救急搬送された。医師からは、第4胸髄節まで機能が残存している脊髄損傷（spinal cord injury）と説明を受けた。Ｄさんは、入院中に要介護3の認定を受けた。
Ｄさんは、退院後は自宅で生活することを望んでいた。妻は一緒に暮らしたいと思うが、Ｄさんの身体状況を考えると不安を感じていた。介護支援専門員（ケアマネジャー）は、「退院後は、在宅復帰を目的に、一定の期間、リハビリテーション専門職がいる施設で生活してはどうか」とＤさんに提案した。Ｄさんは妻と退院後の生活について話し合った結果、一定期間施設に入所して、その間に、自宅の住宅改修を行うことにして、介護支援専門員（ケアマネジャー）に居宅介護住宅改修費について相談した。
次のうち、介護支援専門員（ケアマネジャー）がＤさんに説明する居宅介護住宅改修費の支給限度基準額として、適切なものを1つ選びなさい。",10万円,15万円,20万円,25万円,30万円,3,正解は選択肢3「20万円」である。居宅介護住宅改修費は、原則として同一住宅・同一被保険者につき20万円を支給限度基準額として扱う。疾患・障害の特徴、本人の希望、家族状況、利用できる社会資源を関連付けて判断する。法令・制度・金額・対象要件は改正されることがあるため、受験時点の最新情報も確認する。,公益財団法人 社会福祉振興・試験センター 第36回（令和5年度）介護福祉士国家試験; 問題: https://www.sssc.or.jp/kaigo/past_exam/pdf/no36/listen_k_pm_36.html; 正答: https://www.sssc.or.jp/kaigo/past_exam/pdf/no36/k_kijun_seitou.pdf,,true
2024-36-119,2024,36,119,総合問題,"次の事例を読んで、問題117から問題119までについて答えなさい。
〔事  例〕
Ｄさん（70歳、男性）は、自宅で妻と二人暮らしで、年金収入で生活している。ある日、車を運転中に事故に遭い救急搬送された。医師からは、第4胸髄節まで機能が残存している脊髄損傷（spinal cord injury）と説明を受けた。Ｄさんは、入院中に要介護3の認定を受けた。
Ｄさんは、退院後は自宅で生活することを望んでいた。妻は一緒に暮らしたいと思うが、Ｄさんの身体状況を考えると不安を感じていた。介護支援専門員（ケアマネジャー）は、「退院後は、在宅復帰を目的に、一定の期間、リハビリテーション専門職がいる施設で生活してはどうか」とＤさんに提案した。Ｄさんは妻と退院後の生活について話し合った結果、一定期間施設に入所して、その間に、自宅の住宅改修を行うことにして、介護支援専門員（ケアマネジャー）に居宅介護住宅改修費について相談した。
Ｄさんが施設入所してから3か月後、住宅改修を終えた自宅に戻ることになった。Ｄさんは自宅での生活を楽しみにしている。その一方で、不安も抱えていたため、担当の介護福祉士は、理学療法士と作業療法士に相談して、生活上の留意点を記載した冊子を作成して、Ｄさんに手渡した。
次の記述のうち、冊子の内容として、最も適切なものを1つ選びなさい。",食事では、スプーンを自助具で手に固定する。,移動には、リクライニング式車いすを使用する。,寝具は、エアーマットを使用する。,更衣は、ボタンエイドを使用する。,外出するときには、事前に多機能トイレの場所を確認する。,5,正解は選択肢5「外出するときには、事前に多機能トイレの場所を確認する。」である。外出前に利用可能なトイレや動線を確認すると、排泄への不安を減らし安全な社会参加につながる。実施前に本人の状態や環境を確認し、得られた情報に基づいて次の対応を選ぶ。疾患・障害の特徴、本人の希望、家族状況、利用できる社会資源を関連付けて判断する。,公益財団法人 社会福祉振興・試験センター 第36回（令和5年度）介護福祉士国家試験; 問題: https://www.sssc.or.jp/kaigo/past_exam/pdf/no36/listen_k_pm_36.html; 正答: https://www.sssc.or.jp/kaigo/past_exam/pdf/no36/k_kijun_seitou.pdf,,true
2024-36-120,2024,36,120,総合問題,"次の事例を読んで、問題120から問題122までについて答えなさい。
〔事  例〕
Ｅさん（34歳、女性、障害支援区分3）は、特別支援学校の高等部を卒業後、週2回、生活介護を利用しながら自宅で生活している。Ｅさんはアテトーゼ型（athetosis）の脳性麻痺｛のうせいまひ｝（cerebral palsy）で不随意運動があり、首を振る動作が見られる。
食事は首の動きに合わせて、自助具を使って食べている。食事中は不随意運動が強く、食事が終わると、「首が痛い、しびれる」と言ってベッドに横になるときがある。
また、お茶を飲むときは取っ手つきのコップで飲んでいるが、コップを口元に運ぶまでにお茶がこぼれるようになってきた。日頃から自分のことは自分でやりたいと考えていて、お茶が上手に飲めなくなってきたことを気にしている。
Ｅさんは、生活介護事業所で油絵を描くことを楽しみにしている。以前から隣町の油絵教室に通い技術を高めたいと話していた。そこでＥさんは、「自宅から油絵教室に通うときの介助をお願いするにはどうしたらよいか」と介護福祉職に相談した。
Ｅさんの食事の様子から、今後、引き起こされる可能性が高いと考えられる二次障害として、最も適切なものを1つ選びなさい。",変形性股関節症（coxarthrosis）,廃用症候群（disuse syndrome）,起立性低血圧（orthostatic hypotension）,脊柱側弯症｛せきちゅうそくわんしょう｝（scoliosis）,頚椎症性脊髄症｛けいついしょうせいせきずいしょう｝（cervical spondylotic myelopathy）,5,正解は選択肢5「頚椎症性脊髄症｛けいついしょうせいせきずいしょう｝（cervical spondylotic myelopathy）」である。アテトーゼ型脳性麻痺では不随意運動が長期に続き、頸椎への負担から頸髄症を生じることがある。疾患・障害の特徴、本人の希望、家族状況、利用できる社会資源を関連付けて判断する。,公益財団法人 社会福祉振興・試験センター 第36回（令和5年度）介護福祉士国家試験; 問題: https://www.sssc.or.jp/kaigo/past_exam/pdf/no36/listen_k_pm_36.html; 正答: https://www.sssc.or.jp/kaigo/past_exam/pdf/no36/k_kijun_seitou.pdf,,true
2024-36-121,2024,36,121,総合問題,"次の事例を読んで、問題120から問題122までについて答えなさい。
〔事  例〕
Ｅさん（34歳、女性、障害支援区分3）は、特別支援学校の高等部を卒業後、週2回、生活介護を利用しながら自宅で生活している。Ｅさんはアテトーゼ型（athetosis）の脳性麻痺｛のうせいまひ｝（cerebral palsy）で不随意運動があり、首を振る動作が見られる。
食事は首の動きに合わせて、自助具を使って食べている。食事中は不随意運動が強く、食事が終わると、「首が痛い、しびれる」と言ってベッドに横になるときがある。
また、お茶を飲むときは取っ手つきのコップで飲んでいるが、コップを口元に運ぶまでにお茶がこぼれるようになってきた。日頃から自分のことは自分でやりたいと考えていて、お茶が上手に飲めなくなってきたことを気にしている。
Ｅさんは、生活介護事業所で油絵を描くことを楽しみにしている。以前から隣町の油絵教室に通い技術を高めたいと話していた。そこでＥさんは、「自宅から油絵教室に通うときの介助をお願いするにはどうしたらよいか」と介護福祉職に相談した。
Ｅさんがお茶を飲むときの介護福祉職の対応として、最も適切なものを1つ選びなさい。",吸い飲みに変更する。,ストローつきコップに変更する。,重いコップに変更する。,コップを両手で持つように伝える。,全介助を行う。,2,正解は選択肢2「ストローつきコップに変更する。」である。上肢や姿勢の不随意運動がある場合、こぼれにくい容器を用いて本人の飲む動作を支える。疾患・障害の特徴、本人の希望、家族状況、利用できる社会資源を関連付けて判断する。,公益財団法人 社会福祉振興・試験センター 第36回（令和5年度）介護福祉士国家試験; 問題: https://www.sssc.or.jp/kaigo/past_exam/pdf/no36/listen_k_pm_36.html; 正答: https://www.sssc.or.jp/kaigo/past_exam/pdf/no36/k_kijun_seitou.pdf,,true
2024-36-122,2024,36,122,総合問題,"次の事例を読んで、問題120から問題122までについて答えなさい。
〔事  例〕
Ｅさん（34歳、女性、障害支援区分3）は、特別支援学校の高等部を卒業後、週2回、生活介護を利用しながら自宅で生活している。Ｅさんはアテトーゼ型（athetosis）の脳性麻痺｛のうせいまひ｝（cerebral palsy）で不随意運動があり、首を振る動作が見られる。
食事は首の動きに合わせて、自助具を使って食べている。食事中は不随意運動が強く、食事が終わると、「首が痛い、しびれる」と言ってベッドに横になるときがある。
また、お茶を飲むときは取っ手つきのコップで飲んでいるが、コップを口元に運ぶまでにお茶がこぼれるようになってきた。日頃から自分のことは自分でやりたいと考えていて、お茶が上手に飲めなくなってきたことを気にしている。
Ｅさんは、生活介護事業所で油絵を描くことを楽しみにしている。以前から隣町の油絵教室に通い技術を高めたいと話していた。そこでＥさんは、「自宅から油絵教室に通うときの介助をお願いするにはどうしたらよいか」と介護福祉職に相談した。
介護福祉職は、Ｅさんが隣町の油絵教室に通うことができるようにサービスを提案したいと考えている。
次のうち、Ｅさんが利用するサービスとして、最も適切なものを1つ選びなさい。",自立生活援助,療養介護,移動支援,自立訓練,同行援護,3,正解は選択肢3「移動支援」である。移動支援は、屋外での移動が困難な障害者等の外出と社会参加を支える地域生活支援事業である。疾患・障害の特徴、本人の希望、家族状況、利用できる社会資源を関連付けて判断する。,公益財団法人 社会福祉振興・試験センター 第36回（令和5年度）介護福祉士国家試験; 問題: https://www.sssc.or.jp/kaigo/past_exam/pdf/no36/listen_k_pm_36.html; 正答: https://www.sssc.or.jp/kaigo/past_exam/pdf/no36/k_kijun_seitou.pdf,,true
2024-36-123,2024,36,123,総合問題,"次の事例を読んで、問題123から問題125までについて答えなさい。
〔事  例〕
Ｆさん（20歳、男性）は、自閉症スペクトラム障害（autism spectrum disorder）と重度の知的障害があり、自宅で母親（50歳）、姉（25歳）と3人で暮らしている。
Ｆさんは生活介護事業所を利用している。事業所では比較的落ち着いているが、自宅に帰ってくると母親に対してかみつきや頭突きをすることがあった。また、自分で頭をたたくなどの自傷行為もたびたび見られる。
仕事をしている母親に代わり、小さい頃から食事や排泄｛はいせつ｝の介護をしている姉は、これまでＦさんの行動を止めることができていたが、最近ではからだが大きくなり力も強くなって、母親と協力しても止めることが難しくなっていた。
家族で今後のことを考えた結果、Ｆさんは障害者支援施設に入所することになった。
次のうち、Ｆさんが自宅に帰ってきたときの状態に該当するものとして、最も適切なものを1つ選びなさい。",学習障害,注意欠陥多動性障害,高次脳機能障害,強度行動障害,気分障害,4,正解は選択肢4「強度行動障害」である。強度行動障害は、自傷・他害などが高い頻度と強さで現れ、特別な支援が必要な状態をいう。疾患・障害の特徴、本人の希望、家族状況、利用できる社会資源を関連付けて判断する。,公益財団法人 社会福祉振興・試験センター 第36回（令和5年度）介護福祉士国家試験; 問題: https://www.sssc.or.jp/kaigo/past_exam/pdf/no36/listen_k_pm_36.html; 正答: https://www.sssc.or.jp/kaigo/past_exam/pdf/no36/k_kijun_seitou.pdf,,true
2024-36-124,2024,36,124,総合問題,"次の事例を読んで、問題123から問題125までについて答えなさい。
〔事  例〕
Ｆさん（20歳、男性）は、自閉症スペクトラム障害（autism spectrum disorder）と重度の知的障害があり、自宅で母親（50歳）、姉（25歳）と3人で暮らしている。
Ｆさんは生活介護事業所を利用している。事業所では比較的落ち着いているが、自宅に帰ってくると母親に対してかみつきや頭突きをすることがあった。また、自分で頭をたたくなどの自傷行為もたびたび見られる。
仕事をしている母親に代わり、小さい頃から食事や排泄｛はいせつ｝の介護をしている姉は、これまでＦさんの行動を止めることができていたが、最近ではからだが大きくなり力も強くなって、母親と協力しても止めることが難しくなっていた。
家族で今後のことを考えた結果、Ｆさんは障害者支援施設に入所することになった。
Ｆさんが入所してからも月1、2回は、姉が施設を訪ね、Ｆさんの世話をしている。
ある日、担当の介護福祉職が姉に声をかけると、「小学生の頃から、学校が終わると友だちと遊ばずにまっすぐ家に帰り、母親に代わって、弟の世話をしてきた。今は、弟を見捨てたようで、申し訳ない」などと話す。
介護福祉職の姉への対応として、最も適切なものを1つ選びなさい。",「これからもＦさんのお世話をしっかり行ってください」,「Ｆさんは落ち着いていて、自傷他害行為があるようには見えませんね」,「お姉さんは、小さい頃からお母さんの代わりをしてきたのですね」,「訪問回数を減らしてはどうですか」,「施設入所を後悔しているのですね。もう一度在宅ケアを考えましょう」,3,正解は選択肢3「「お姉さんは、小さい頃からお母さんの代わりをしてきたのですね」」である。この選択肢は、事例に示された症状、本人の希望、生活環境を同時に満たす。単独の情報ではなく、事例中の根拠を複数結び付けて判断する。疾患・障害の特徴、本人の希望、家族状況、利用できる社会資源を関連付けて判断する。,公益財団法人 社会福祉振興・試験センター 第36回（令和5年度）介護福祉士国家試験; 問題: https://www.sssc.or.jp/kaigo/past_exam/pdf/no36/listen_k_pm_36.html; 正答: https://www.sssc.or.jp/kaigo/past_exam/pdf/no36/k_kijun_seitou.pdf,,true
2024-36-125,2024,36,125,総合問題,"次の事例を読んで、問題123から問題125までについて答えなさい。
〔事  例〕
Ｆさん（20歳、男性）は、自閉症スペクトラム障害（autism spectrum disorder）と重度の知的障害があり、自宅で母親（50歳）、姉（25歳）と3人で暮らしている。
Ｆさんは生活介護事業所を利用している。事業所では比較的落ち着いているが、自宅に帰ってくると母親に対してかみつきや頭突きをすることがあった。また、自分で頭をたたくなどの自傷行為もたびたび見られる。
仕事をしている母親に代わり、小さい頃から食事や排泄｛はいせつ｝の介護をしている姉は、これまでＦさんの行動を止めることができていたが、最近ではからだが大きくなり力も強くなって、母親と協力しても止めることが難しくなっていた。
家族で今後のことを考えた結果、Ｆさんは障害者支援施設に入所することになった。
Ｆさんが施設に入所して1年が経った。介護福祉職は、Ｆさん、母親、姉と共にこれまでの生活と支援を振り返り、当面、施設で安定した生活が送れるように検討した。
次のうち、Ｆさんの支援を修正するときに利用するサービスとして、正しいものを1つ選びなさい。",地域定着支援,計画相談支援,地域移行支援,基幹相談支援,基本相談支援,2,正解は選択肢2「計画相談支援」である。計画相談支援は、サービス等利用計画の作成と継続的なモニタリングを通じて支援内容を調整する。疾患・障害の特徴、本人の希望、家族状況、利用できる社会資源を関連付けて判断する。,公益財団法人 社会福祉振興・試験センター 第36回（令和5年度）介護福祉士国家試験; 問題: https://www.sssc.or.jp/kaigo/past_exam/pdf/no36/listen_k_pm_36.html; 正答: https://www.sssc.or.jp/kaigo/past_exam/pdf/no36/k_kijun_seitou.pdf,,true
2025-37-001,2025,37,1,人間の尊厳と自立,次の記述のうち、介護福祉職がアドボカシー（advocacy）の視点から行う対応として、最も適切なものを1つ選びなさい。,介護を行う前には、利用者に十分な説明をして同意を得る。,利用者の介護計画を作成するときに、他職種に専門的な助言を求める。,利用者個人の趣味を生かして、レクリエーション活動を行う。,希望を言い出しにくい利用者の意思をくみ取り、その実現に向けて働きかける。,視覚障害者が必要とする情報を、利用しやすいようにする。,4,正解は選択肢4「希望を言い出しにくい利用者の意思をくみ取り、その実現に向けて働きかける。」である。アドボカシーは、本人が表明しにくい意思や権利を代弁し、その実現に向けて働きかけることをいう。本人の価値観と意思決定を起点に、残存能力を生かす支援を考える。,公益財団法人 社会福祉振興・試験センター 第37回（令和6年度）介護福祉士国家試験; 問題: https://www.sssc.or.jp/kaigo/past_exam/pdf/no37/listen_k_am_37.html; 正答: https://www.sssc.or.jp/kaigo/past_exam/pdf/no37/k_kijun_seitou.pdf,,true
2025-37-002,2025,37,2,人間の尊厳と自立,"Ａさん（83歳、女性、要介護3）は、脳梗塞（cerebral infarction）の後遺症で左片麻痺｛まひ｝があり、介護老人福祉施設で生活している。家族から、「できることは自分で行ってほしい」と希望があり、Ａさんは自室から食堂まで車いすで自走することを日課としている。
1週間前から、介護福祉士養成施設の学生がＡさんのフロアで実習を開始した。数日前からＡさんは実習生に、「今日は腕が痛いので、食堂まで車いすを押してください」と依頼するようになった。悩んだ実習生は、実習指導者に相談をした。
実習生に対する実習指導者の最初の助言として、最も適切なものを1つ選びなさい。",「Ａさんの腕は痛くないので、気にしないでください」,「どのようなときも、Ａさん自身で行ってもらうことが必要です」,「ご家族から自分で行うように、言われています」,「それは自立につながらないので、車いすを押さないでください」,「Ａさんが依頼する理由を、まず考えてみることが大切です」,5,正解は選択肢5「「Ａさんが依頼する理由を、まず考えてみることが大切です」」である。この対応は、介護者側の都合や一律の基準ではなく、本人の思いと選択を中心に支援を組み立てる考えに合う。本人の価値観と意思決定を起点に、残存能力を生かす支援を考える。,公益財団法人 社会福祉振興・試験センター 第37回（令和6年度）介護福祉士国家試験; 問題: https://www.sssc.or.jp/kaigo/past_exam/pdf/no37/listen_k_am_37.html; 正答: https://www.sssc.or.jp/kaigo/past_exam/pdf/no37/k_kijun_seitou.pdf,,true
2025-37-003,2025,37,3,人間関係とコミュニケーション,人間関係と心理に関する次の記述のうち、適切なものを1つ選びなさい。,自己愛とは、自分という存在を、他人と区別して意識することである。,自己同一性の確立とは、自分とは何かという認識をもつことである。,自我とは、日常行動に影響を与える、表面化していない意識のことである。,自己覚知とは、コミュニケーションにおいて自分について話すことである。,自己中心性とは、自分の意思で自分の行動をコントロールすることである。,2,正解は選択肢2「自己同一性の確立とは、自分とは何かという認識をもつことである。」である。この選択肢は、相手との相互理解やチーム内の情報共有という目的に合う。権威や多数派への同調だけでは個別の目標を共有できない。相手の理解力や感情に合わせ、言語・準言語・非言語の手段を使い分けることが基本である。,公益財団法人 社会福祉振興・試験センター 第37回（令和6年度）介護福祉士国家試験; 問題: https://www.sssc.or.jp/kaigo/past_exam/pdf/no37/listen_k_am_37.html; 正答: https://www.sssc.or.jp/kaigo/past_exam/pdf/no37/k_kijun_seitou.pdf,,true
2025-37-004,2025,37,4,人間関係とコミュニケーション,"Ａさん（80歳、男性）は、有料老人ホームに入所することになった。一人暮らしが長かったＡさんは、入所当日、担当の介護福祉職と話すことに戸惑っている様子で、なかなか自分のことを話そうとはしなかった。介護福祉職は、一方的な働きかけにならないように、Ａさんとコミュニケーションをとるとき、あいづちを打ちながらＡさんの発話を引き出すように心がけた。
このときの、介護福祉職の対応の意図に当てはまるものとして、最も適切なものを1つ選びなさい。",互いの自己開示,コミュニケーション能力の評価,感覚機能の低下への配慮,認知機能の改善,双方向のやり取り,5,正解は選択肢5「双方向のやり取り」である。この選択肢は、相手との相互理解やチーム内の情報共有という目的に合う。権威や多数派への同調だけでは個別の目標を共有できない。相手の理解力や感情に合わせ、言語・準言語・非言語の手段を使い分けることが基本である。,公益財団法人 社会福祉振興・試験センター 第37回（令和6年度）介護福祉士国家試験; 問題: https://www.sssc.or.jp/kaigo/past_exam/pdf/no37/listen_k_am_37.html; 正答: https://www.sssc.or.jp/kaigo/past_exam/pdf/no37/k_kijun_seitou.pdf,,true
2025-37-005,2025,37,5,人間関係とコミュニケーション,次の記述のうち、介護福祉職のキャリアパスに関するものとして、最も適切なものを1つ選びなさい。,介護計画を作成するときのポイントを明確にする。,介護福祉職の業務マニュアルを具体化する。,利用サービスに応じて求められる関係書類を検討する。,介護施設に必要な設備基準について確認する。,介護福祉職として必要な能力や経験を明確にする。,5,正解は選択肢5「介護福祉職として必要な能力や経験を明確にする。」である。この選択肢は、相手との相互理解やチーム内の情報共有という目的に合う。権威や多数派への同調だけでは個別の目標を共有できない。相手の理解力や感情に合わせ、言語・準言語・非言語の手段を使い分けることが基本である。,公益財団法人 社会福祉振興・試験センター 第37回（令和6年度）介護福祉士国家試験; 問題: https://www.sssc.or.jp/kaigo/past_exam/pdf/no37/listen_k_am_37.html; 正答: https://www.sssc.or.jp/kaigo/past_exam/pdf/no37/k_kijun_seitou.pdf,,true
2025-37-006,2025,37,6,人間関係とコミュニケーション,"Ｂ介護老人福祉施設に、学校を卒業したばかりの元気なＣ介護福祉職が加わった。2か月後、ユニットリーダーが、「最近、Ｃ介護福祉職に笑顔が少ない。いつもとちがう様子だ」と、フォロワーであるＤ介護福祉職に話した。Ｄ介護福祉職はチームの一員として何ができるのかを考えた。
Ｄ介護福祉職が最初に行うフォロワーシップとして、最も適切なものを1つ選びなさい。",Ｃ介護福祉職に対して、元気を出すように励ます。,ユニットリーダーが気になっていることを詳しく聞く。,Ｃ介護福祉職の状況をユニット内のほかのメンバーと速やかに共有する。,施設長に対して、何か指示を出すようにお願いする。,Ｃ介護福祉職に対して、介助方法について教える。,2,正解は選択肢2「ユニットリーダーが気になっていることを詳しく聞く。」である。本人の言葉を遮らずに確認することで、表面の訴えだけでなく背景にあるニーズを把握できる。相手の理解力や感情に合わせ、言語・準言語・非言語の手段を使い分けることが基本である。,公益財団法人 社会福祉振興・試験センター 第37回（令和6年度）介護福祉士国家試験; 問題: https://www.sssc.or.jp/kaigo/past_exam/pdf/no37/listen_k_am_37.html; 正答: https://www.sssc.or.jp/kaigo/past_exam/pdf/no37/k_kijun_seitou.pdf,,true
2025-37-007,2025,37,7,社会の理解,社会福祉法に基づく社会福祉法人に関する次の記述のうち、適切なものを1つ選びなさい。,収益事業は禁止されている。,所轄庁は内閣府である。,設立時に所轄庁の認可は不要である。,評議員会を置く必要がある。,解散は禁止されている。,4,正解は選択肢4「評議員会を置く必要がある。」である。この選択肢は、制度・機関の対象者と役割の組合せが正しい。類似する制度は、実施主体、対象、給付内容、相談窓口で区別する。制度問題は、対象者、実施主体、給付・サービスの内容、相談窓口を組み合わせて整理する。法令・制度・金額・対象要件は改正されることがあるため、受験時点の最新情報も確認する。,公益財団法人 社会福祉振興・試験センター 第37回（令和6年度）介護福祉士国家試験; 問題: https://www.sssc.or.jp/kaigo/past_exam/pdf/no37/listen_k_am_37.html; 正答: https://www.sssc.or.jp/kaigo/past_exam/pdf/no37/k_kijun_seitou.pdf,,true
2025-37-008,2025,37,8,社会の理解,次の記述のうち、定期巡回・随時対応型訪問介護看護の説明として、正しいものを1つ選びなさい。,利用定員は、9人以下と定められている。,日中・夜間を通じて、提供するサービスである。,認知症対応型共同生活介護（認知症高齢者グループホーム）に入居する利用者に対して、機能訓練を行うサービスである。,通い、泊まり、看護の3種類の組合せによるサービスである。,都道府県が事業者の指定、指導、監督を行うサービスである。,2,正解は選択肢2「日中・夜間を通じて、提供するサービスである。」である。この選択肢は、制度・機関の対象者と役割の組合せが正しい。類似する制度は、実施主体、対象、給付内容、相談窓口で区別する。制度問題は、対象者、実施主体、給付・サービスの内容、相談窓口を組み合わせて整理する。,公益財団法人 社会福祉振興・試験センター 第37回（令和6年度）介護福祉士国家試験; 問題: https://www.sssc.or.jp/kaigo/past_exam/pdf/no37/listen_k_am_37.html; 正答: https://www.sssc.or.jp/kaigo/past_exam/pdf/no37/k_kijun_seitou.pdf,,true
2025-37-009,2025,37,9,社会の理解,"Ａさん（48歳、会社員）は、うつ症状から体調不良が続き、仕事を休むことが増えたため、自主的に退職した。その後、体調は回復したが、再就職先がなかなか見つからなかった。しばらく貯金で生活していたが、数か月後、生活を営むことができなくなってしまった。頼れる親族はなく、生活保護を受給することにした。
この事例において、日本国憲法に基づいてＡさんに保障された権利として、最も適切なものを1つ選びなさい。",団体交渉権,平等権,財産権,思想の自由,生存権,5,正解は選択肢5「生存権」である。この選択肢は、制度・機関の対象者と役割の組合せが正しい。類似する制度は、実施主体、対象、給付内容、相談窓口で区別する。制度問題は、対象者、実施主体、給付・サービスの内容、相談窓口を組み合わせて整理する。法令・制度・金額・対象要件は改正されることがあるため、受験時点の最新情報も確認する。,公益財団法人 社会福祉振興・試験センター 第37回（令和6年度）介護福祉士国家試験; 問題: https://www.sssc.or.jp/kaigo/past_exam/pdf/no37/listen_k_am_37.html; 正答: https://www.sssc.or.jp/kaigo/past_exam/pdf/no37/k_kijun_seitou.pdf,,true
2025-37-010,2025,37,10,社会の理解,次の記述のうち、保健所に関するものとして、正しいものを1つ選びなさい。,保健師助産師看護師法に基づいて設置されている。,すべての市町村に設置の義務がある。,業務には精神保健に関する事項が含まれている。,歯科衛生士を置かなくてはならない。,児童の一時保護を行う。,3,正解は選択肢3「業務には精神保健に関する事項が含まれている。」である。保健所は、感染症対策、結核対策、公費負担申請、保健指導など地域保健の専門的業務を担う。制度問題は、対象者、実施主体、給付・サービスの内容、相談窓口を組み合わせて整理する。,公益財団法人 社会福祉振興・試験センター 第37回（令和6年度）介護福祉士国家試験; 問題: https://www.sssc.or.jp/kaigo/past_exam/pdf/no37/listen_k_am_37.html; 正答: https://www.sssc.or.jp/kaigo/past_exam/pdf/no37/k_kijun_seitou.pdf,,true
2025-37-011,2025,37,11,社会の理解,地域包括支援センターの業務に関する記述として、正しいものを1つ選びなさい。,地域ケア会議の開催,施設サービスのケアプランの作成,成年後見制度の申請,介護認定審査会の設置,地域密着型サービスの事業者の指導・監督,1,正解は選択肢1「地域ケア会議の開催」である。地域包括支援センターは、高齢者の総合相談、権利擁護、介護予防支援、包括的・継続的ケアマネジメント支援を担う。制度問題は、対象者、実施主体、給付・サービスの内容、相談窓口を組み合わせて整理する。,公益財団法人 社会福祉振興・試験センター 第37回（令和6年度）介護福祉士国家試験; 問題: https://www.sssc.or.jp/kaigo/past_exam/pdf/no37/listen_k_am_37.html; 正答: https://www.sssc.or.jp/kaigo/past_exam/pdf/no37/k_kijun_seitou.pdf,,true
2025-37-012,2025,37,12,社会の理解,"Ｂさん（85歳、男性、要支援1）は、自宅で一人暮らしをしている。最近、物忘れが多くなり、1か月前から地域支援事業の訪問型サービスを利用するようになった。ある日、Ｂさんが、「これからも自宅で生活したいが、日中、話し相手がいなくて寂しい」と介護福祉職に話した。
次のうち、Ｂさんに介護福祉職が勧めるサービスとして、最も適切なものを1つ選びなさい。",認知症対応型共同生活介護（認知症高齢者グループホーム）,介護老人福祉施設,第一号通所事業（通所型サービス）,夜間対応型訪問介護,居宅療養管理指導,3,正解は選択肢3「第一号通所事業（通所型サービス）」である。この選択肢は、制度・機関の対象者と役割の組合せが正しい。類似する制度は、実施主体、対象、給付内容、相談窓口で区別する。制度問題は、対象者、実施主体、給付・サービスの内容、相談窓口を組み合わせて整理する。,公益財団法人 社会福祉振興・試験センター 第37回（令和6年度）介護福祉士国家試験; 問題: https://www.sssc.or.jp/kaigo/past_exam/pdf/no37/listen_k_am_37.html; 正答: https://www.sssc.or.jp/kaigo/past_exam/pdf/no37/k_kijun_seitou.pdf,,true
2025-37-013,2025,37,13,社会の理解,介護保険制度に関する記述として、正しいものを1つ選びなさい。,第1号被保険者の保険料は、都道府県が徴収する。,第1号被保険者の保険料は、全国一律である。,第2号被保険者の保険料は、年金保険の保険料と合わせて徴収される。,財源には、第1号被保険者の保険料と第2号被保険者の保険料が含まれる。,介護保険サービスの利用者負担割合は、一律、1割である。,4,正解は選択肢4「財源には、第1号被保険者の保険料と第2号被保険者の保険料が含まれる。」である。この選択肢は、制度・機関の対象者と役割の組合せが正しい。類似する制度は、実施主体、対象、給付内容、相談窓口で区別する。制度問題は、対象者、実施主体、給付・サービスの内容、相談窓口を組み合わせて整理する。法令・制度・金額・対象要件は改正されることがあるため、受験時点の最新情報も確認する。,公益財団法人 社会福祉振興・試験センター 第37回（令和6年度）介護福祉士国家試験; 問題: https://www.sssc.or.jp/kaigo/past_exam/pdf/no37/listen_k_am_37.html; 正答: https://www.sssc.or.jp/kaigo/past_exam/pdf/no37/k_kijun_seitou.pdf,,true
2025-37-014,2025,37,14,社会の理解,障害者の雇用の促進等に関する法律に関する次の記述のうち、正しいものを1つ選びなさい。,2024年度（令和6年度）の民間企業の法定雇用率は、2.5％である。,精神障害者は、法定雇用率の対象から除外されている。,2024年度（令和6年度）に、障害者の雇用義務が生じるのは、従業員101人以上の事業主である。,週所定労働時間が10時間以上20時間未満の労働は認められていない。,2024年度（令和6年度）の事業主支援（助成金）は、2023年度（令和5年度）以前と同じである。,1,正解は選択肢1「2024年度（令和6年度）の民間企業の法定雇用率は、2.5％である。」である。この選択肢は、制度・機関の対象者と役割の組合せが正しい。類似する制度は、実施主体、対象、給付内容、相談窓口で区別する。制度問題は、対象者、実施主体、給付・サービスの内容、相談窓口を組み合わせて整理する。法令・制度・金額・対象要件は改正されることがあるため、受験時点の最新情報も確認する。,公益財団法人 社会福祉振興・試験センター 第37回（令和6年度）介護福祉士国家試験; 問題: https://www.sssc.or.jp/kaigo/past_exam/pdf/no37/listen_k_am_37.html; 正答: https://www.sssc.or.jp/kaigo/past_exam/pdf/no37/k_kijun_seitou.pdf,,true
2025-37-015,2025,37,15,社会の理解,"「障害者総合支援法」のサービスに関する次の記述のうち、適切なものを1つ選びなさい。
（注）  「障害者総合支援法」とは、「障害者の日常生活及び社会生活を総合的に支援するための法律」のことである。",介護給付費の支給を受けるときに、障害支援区分の認定は不要である。,短期入所は介護給付の1つである。,地域生活支援事業は、国が実施主体である。,自立支援給付は応益負担である。,行動援護は訓練等給付の1つである。,2,正解は選択肢2「短期入所は介護給付の1つである。」である。この選択肢は、制度・機関の対象者と役割の組合せが正しい。類似する制度は、実施主体、対象、給付内容、相談窓口で区別する。制度問題は、対象者、実施主体、給付・サービスの内容、相談窓口を組み合わせて整理する。法令・制度・金額・対象要件は改正されることがあるため、受験時点の最新情報も確認する。,公益財団法人 社会福祉振興・試験センター 第37回（令和6年度）介護福祉士国家試験; 問題: https://www.sssc.or.jp/kaigo/past_exam/pdf/no37/listen_k_am_37.html; 正答: https://www.sssc.or.jp/kaigo/past_exam/pdf/no37/k_kijun_seitou.pdf,,true
2025-37-016,2025,37,16,社会の理解,障害児支援に関する次の記述のうち、適切なものを1つ選びなさい。,サービスを受けるには、療育手帳の取得が必要である。,放課後等デイサービスは、子ども・子育て支援法に基づく支援である。,障害児通所支援の利用には、障害児支援利用計画の作成は不要である。,障害児入所支援は、すべての市町村が実施主体である。,保育所等訪問支援は、保育所等を訪問し、障害のある児童が集団生活に適応できるように専門的な支援を行う。,5,正解は選択肢5「保育所等訪問支援は、保育所等を訪問し、障害のある児童が集団生活に適応できるように専門的な支援を行う。」である。この選択肢は、制度・機関の対象者と役割の組合せが正しい。類似する制度は、実施主体、対象、給付内容、相談窓口で区別する。制度問題は、対象者、実施主体、給付・サービスの内容、相談窓口を組み合わせて整理する。,公益財団法人 社会福祉振興・試験センター 第37回（令和6年度）介護福祉士国家試験; 問題: https://www.sssc.or.jp/kaigo/past_exam/pdf/no37/listen_k_am_37.html; 正答: https://www.sssc.or.jp/kaigo/past_exam/pdf/no37/k_kijun_seitou.pdf,,true
2025-37-017,2025,37,17,社会の理解,"次の記述のうち、サービス付き高齢者向け住宅に関するものとして、正しいものを1つ選びなさい。
（注）  「高齢者住まい法」とは、「高齢者の居住の安定確保に関する法律」のことである。",「高齢者住まい法」に基づく、高齢者のための住まいである。,65歳以上の者が、市町村の措置によって入居する。,認知症高齢者を対象とした、共同生活の住居である。,食事サービスの提供が義務づけられている。,介護サービスの提供が義務づけられている。,1,正解は選択肢1「「高齢者住まい法」に基づく、高齢者のための住まいである。」である。この選択肢は、制度・機関の対象者と役割の組合せが正しい。類似する制度は、実施主体、対象、給付内容、相談窓口で区別する。制度問題は、対象者、実施主体、給付・サービスの内容、相談窓口を組み合わせて整理する。法令・制度・金額・対象要件は改正されることがあるため、受験時点の最新情報も確認する。,公益財団法人 社会福祉振興・試験センター 第37回（令和6年度）介護福祉士国家試験; 問題: https://www.sssc.or.jp/kaigo/past_exam/pdf/no37/listen_k_am_37.html; 正答: https://www.sssc.or.jp/kaigo/past_exam/pdf/no37/k_kijun_seitou.pdf,,true
2025-37-018,2025,37,18,社会の理解,"Ｃさん（60歳、男性）は、休日に自宅で趣味の家庭菜園の作業中に脳出血（cerebral hemorrhage）を起こして救急搬送された。特に麻痺｛まひ｝はなく、その後、リハビリテーション病院に転院した。現在は、高次脳機能障害（higher brain dysfunction）の治療とリハビリテーションに専念している。
医療費を支払うときにＣさんが利用する制度として、最も適切なものを1つ選びなさい。",介護保険制度,労働者災害補償保険制度,雇用保険制度,医療保険制度,年金制度,4,正解は選択肢4「医療保険制度」である。この選択肢は、制度・機関の対象者と役割の組合せが正しい。類似する制度は、実施主体、対象、給付内容、相談窓口で区別する。制度問題は、対象者、実施主体、給付・サービスの内容、相談窓口を組み合わせて整理する。法令・制度・金額・対象要件は改正されることがあるため、受験時点の最新情報も確認する。,公益財団法人 社会福祉振興・試験センター 第37回（令和6年度）介護福祉士国家試験; 問題: https://www.sssc.or.jp/kaigo/past_exam/pdf/no37/listen_k_am_37.html; 正答: https://www.sssc.or.jp/kaigo/past_exam/pdf/no37/k_kijun_seitou.pdf,,true
2025-37-019,2025,37,19,こころとからだのしくみ,次のうち、恐怖や不安、喜びなどの情動に関わる脳の機能局在の部位として、正しいものを1つ選びなさい。,扁桃体｛へんとうたい｝,小脳,下垂体,海馬,視床下部,1,正解は選択肢1「扁桃体｛へんとうたい｝」である。この選択肢は、設問の部位・生理作用・症状の対応を正しく示している。似た用語は、どの器官で何が起こるかを図にして整理するとよい。器官の働きと症状を結び付け、生命・安全に直結する変化から優先して観察する。,公益財団法人 社会福祉振興・試験センター 第37回（令和6年度）介護福祉士国家試験; 問題: https://www.sssc.or.jp/kaigo/past_exam/pdf/no37/listen_k_am_37.html; 正答: https://www.sssc.or.jp/kaigo/past_exam/pdf/no37/k_kijun_seitou.pdf,,true
2025-37-020,2025,37,20,こころとからだのしくみ,次のうち、顔の感覚に関与する脳神経として、正しいものを1つ選びなさい。,嗅神経,三叉神経｛さんさしんけい｝,顔面神経,迷走神経,舌下神経,2,正解は選択肢2「三叉神経｛さんさしんけい｝」である。この選択肢は、設問の部位・生理作用・症状の対応を正しく示している。似た用語は、どの器官で何が起こるかを図にして整理するとよい。器官の働きと症状を結び付け、生命・安全に直結する変化から優先して観察する。,公益財団法人 社会福祉振興・試験センター 第37回（令和6年度）介護福祉士国家試験; 問題: https://www.sssc.or.jp/kaigo/past_exam/pdf/no37/listen_k_am_37.html; 正答: https://www.sssc.or.jp/kaigo/past_exam/pdf/no37/k_kijun_seitou.pdf,,true
2025-37-021,2025,37,21,こころとからだのしくみ,次の記述のうち、鼻の構造と機能として、適切なものを1つ選びなさい。,鼻腔｛びくう｝は前鼻道・中鼻道・後鼻道に分かれる。,鼻毛は塵｛ちり｝や埃｛ほこり｝を除去する。,鼻腔｛びくう｝の奥は喉頭に直接つながっている。,鼻腔｛びくう｝には毛細血管は少ない。,嗅細胞は外鼻孔にある。,2,正解は選択肢2「鼻毛は塵｛ちり｝や埃｛ほこり｝を除去する。」である。この選択肢は、設問の部位・生理作用・症状の対応を正しく示している。似た用語は、どの器官で何が起こるかを図にして整理するとよい。器官の働きと症状を結び付け、生命・安全に直結する変化から優先して観察する。,公益財団法人 社会福祉振興・試験センター 第37回（令和6年度）介護福祉士国家試験; 問題: https://www.sssc.or.jp/kaigo/past_exam/pdf/no37/listen_k_am_37.html; 正答: https://www.sssc.or.jp/kaigo/past_exam/pdf/no37/k_kijun_seitou.pdf,,true
2025-37-022,2025,37,22,こころとからだのしくみ,次のうち、歯周病（periodontal disease）の症状として、適切なものを1つ選びなさい。,歯のくぼみの形成,歯の硬組織の軟化,歯髄の炎症・疼痛｛とうつう｝,歯のエナメル質の侵蝕｛しんしょく｝,歯周ポケットの形成,5,正解は選択肢5「歯周ポケットの形成」である。この選択肢は、設問の部位・生理作用・症状の対応を正しく示している。似た用語は、どの器官で何が起こるかを図にして整理するとよい。器官の働きと症状を結び付け、生命・安全に直結する変化から優先して観察する。,公益財団法人 社会福祉振興・試験センター 第37回（令和6年度）介護福祉士国家試験; 問題: https://www.sssc.or.jp/kaigo/past_exam/pdf/no37/listen_k_am_37.html; 正答: https://www.sssc.or.jp/kaigo/past_exam/pdf/no37/k_kijun_seitou.pdf,,true
2025-37-023,2025,37,23,こころとからだのしくみ,"Ａさん（78歳、女性）は、友人から口臭を指摘されて悩んでいる。また、食事をするときに、「水分と一緒に食べないと飲み込みにくい」とも話している。Ａさんに歯の欠損、麻痺｛まひ｝はなく、ストレスの訴えもない。
次のうち、Ａさんのからだの中で、機能低下が考えられるものとして、最も適切なものを1つ選びなさい。",咀嚼｛そしゃく｝,蠕動運動｛ぜんどううんどう｝,嗅覚,唾液分泌,胃液分泌,4,正解は選択肢4「唾液分泌」である。この選択肢は、設問の部位・生理作用・症状の対応を正しく示している。似た用語は、どの器官で何が起こるかを図にして整理するとよい。器官の働きと症状を結び付け、生命・安全に直結する変化から優先して観察する。,公益財団法人 社会福祉振興・試験センター 第37回（令和6年度）介護福祉士国家試験; 問題: https://www.sssc.or.jp/kaigo/past_exam/pdf/no37/listen_k_am_37.html; 正答: https://www.sssc.or.jp/kaigo/past_exam/pdf/no37/k_kijun_seitou.pdf,,true
2025-37-024,2025,37,24,こころとからだのしくみ,皮膚の構造に関する次の記述のうち、最も適切なものを1つ選びなさい。,表皮の厚さは平均2.0mmである。,真皮には角質層がある。,外界と接する組織は表皮である。,皮脂腺は皮下組織にある。,表皮の最表面は基底層である。,3,正解は選択肢3「外界と接する組織は表皮である。」である。この選択肢は、設問の部位・生理作用・症状の対応を正しく示している。似た用語は、どの器官で何が起こるかを図にして整理するとよい。器官の働きと症状を結び付け、生命・安全に直結する変化から優先して観察する。,公益財団法人 社会福祉振興・試験センター 第37回（令和6年度）介護福祉士国家試験; 問題: https://www.sssc.or.jp/kaigo/past_exam/pdf/no37/listen_k_am_37.html; 正答: https://www.sssc.or.jp/kaigo/past_exam/pdf/no37/k_kijun_seitou.pdf,,true
2025-37-025,2025,37,25,こころとからだのしくみ,次のうち、高齢者が嗜好｛しこう｝や温度覚の低下によって高温浴を希望した場合に、説明すべき高温浴の特徴として、最も適切なものを1つ選びなさい。,血圧の上昇,腸蠕動｛ちょうぜんどう｝の促進,腎機能の促進,副交感神経の亢進｛こうしん｝,心機能の抑制,1,正解は選択肢1「血圧の上昇」である。この選択肢は、設問の部位・生理作用・症状の対応を正しく示している。似た用語は、どの器官で何が起こるかを図にして整理するとよい。器官の働きと症状を結び付け、生命・安全に直結する変化から優先して観察する。,公益財団法人 社会福祉振興・試験センター 第37回（令和6年度）介護福祉士国家試験; 問題: https://www.sssc.or.jp/kaigo/past_exam/pdf/no37/listen_k_am_37.html; 正答: https://www.sssc.or.jp/kaigo/past_exam/pdf/no37/k_kijun_seitou.pdf,,true
2025-37-026,2025,37,26,こころとからだのしくみ,次のうち、食物の栄養素の大部分を吸収する部位として、正しいものを1つ選びなさい。,胃,小腸,直腸,横行結腸,Ｓ状結腸,2,正解は選択肢2「小腸」である。この選択肢は、設問の部位・生理作用・症状の対応を正しく示している。似た用語は、どの器官で何が起こるかを図にして整理するとよい。器官の働きと症状を結び付け、生命・安全に直結する変化から優先して観察する。,公益財団法人 社会福祉振興・試験センター 第37回（令和6年度）介護福祉士国家試験; 問題: https://www.sssc.or.jp/kaigo/past_exam/pdf/no37/listen_k_am_37.html; 正答: https://www.sssc.or.jp/kaigo/past_exam/pdf/no37/k_kijun_seitou.pdf,,true
2025-37-027,2025,37,27,こころとからだのしくみ,次の記述のうち、レム睡眠に関するものとして、最も適切なものを1つ選びなさい。,記憶を整理し、定着させる。,脳を休息させる。,入眠初期に出現する。,成長ホルモンの分泌を促す。,深い眠りの状態である。,1,正解は選択肢1「記憶を整理し、定着させる。」である。この選択肢は、設問の部位・生理作用・症状の対応を正しく示している。似た用語は、どの器官で何が起こるかを図にして整理するとよい。器官の働きと症状を結び付け、生命・安全に直結する変化から優先して観察する。,公益財団法人 社会福祉振興・試験センター 第37回（令和6年度）介護福祉士国家試験; 問題: https://www.sssc.or.jp/kaigo/past_exam/pdf/no37/listen_k_am_37.html; 正答: https://www.sssc.or.jp/kaigo/past_exam/pdf/no37/k_kijun_seitou.pdf,,true
2025-37-028,2025,37,28,こころとからだのしくみ,"Ｂさん（76歳、男性）は、この数週間、日中に、「眠い」と訴えている。Ｂさんは毎日15時にコーヒー1杯を飲み、たばこを1本吸い、21時に就寝する。夜間の睡眠状態を数日間観察すると、睡眠中にぴくぴくと下肢が動いていることがたびたびあった。起床後、手足に異常を感じるかをＢさんに確認したが、「特にない」とのことだった。
次のうち、Ｂさんの睡眠障害の原因として、最も適切なものを1つ選びなさい。",ニコチン摂取,レム睡眠行動障害,レストレスレッグス症候群,カフェイン摂取,周期性四肢運動障害,5,正解は選択肢5「周期性四肢運動障害」である。この選択肢は、設問の部位・生理作用・症状の対応を正しく示している。似た用語は、どの器官で何が起こるかを図にして整理するとよい。器官の働きと症状を結び付け、生命・安全に直結する変化から優先して観察する。,公益財団法人 社会福祉振興・試験センター 第37回（令和6年度）介護福祉士国家試験; 問題: https://www.sssc.or.jp/kaigo/past_exam/pdf/no37/listen_k_am_37.html; 正答: https://www.sssc.or.jp/kaigo/past_exam/pdf/no37/k_kijun_seitou.pdf,,true
2025-37-029,2025,37,29,こころとからだのしくみ,次のうち、呼吸中枢がある部位として、正しいものを1つ選びなさい。,大脳,中脳,小脳,延髄,脊髄,4,正解は選択肢4「延髄」である。この選択肢は、設問の部位・生理作用・症状の対応を正しく示している。似た用語は、どの器官で何が起こるかを図にして整理するとよい。器官の働きと症状を結び付け、生命・安全に直結する変化から優先して観察する。,公益財団法人 社会福祉振興・試験センター 第37回（令和6年度）介護福祉士国家試験; 問題: https://www.sssc.or.jp/kaigo/past_exam/pdf/no37/listen_k_am_37.html; 正答: https://www.sssc.or.jp/kaigo/past_exam/pdf/no37/k_kijun_seitou.pdf,,true
2025-37-030,2025,37,30,こころとからだのしくみ,次のうち、脳の機能停止を示す徴候に該当するものとして、適切なものを1つ選びなさい。,呼吸不全,溢流性尿失禁｛いつりゅうせいにょうしっきん｝,心停止,蠕動運動｛ぜんどううんどう｝の減弱,瞳孔散大・対光反射消失,5,正解は選択肢5「瞳孔散大・対光反射消失」である。この選択肢は、設問の部位・生理作用・症状の対応を正しく示している。似た用語は、どの器官で何が起こるかを図にして整理するとよい。器官の働きと症状を結び付け、生命・安全に直結する変化から優先して観察する。,公益財団法人 社会福祉振興・試験センター 第37回（令和6年度）介護福祉士国家試験; 問題: https://www.sssc.or.jp/kaigo/past_exam/pdf/no37/listen_k_am_37.html; 正答: https://www.sssc.or.jp/kaigo/past_exam/pdf/no37/k_kijun_seitou.pdf,,true
2025-37-031,2025,37,31,発達と老化の理解,次の記述のうち、子どもの標準的な成長として、適切なものを1つ選びなさい。,1歳半から2歳ごろに、ハイハイをして移動できるようになる。,生後9か月から1歳ごろに、指をさして自分の関心や欲求を他者に伝えられるようになる。,子どもが使う言葉が急に増える語彙爆発は、5歳を過ぎたころに生じる。,人見知りの反応は、2歳を過ぎたころに生じる。,イヤイヤをしてすぐに泣く行動は、第二反抗期に生じる。,2,正解は選択肢2「生後9か月から1歳ごろに、指をさして自分の関心や欲求を他者に伝えられるようになる。」である。この記述は、発達段階または加齢・疾病の特徴と生活上の現れを正しく結び付けている。正常な加齢変化と病的変化を混同しないことが要点である。加齢による一般的な変化と疾病による変化を区別し、生活への影響まで捉える。,公益財団法人 社会福祉振興・試験センター 第37回（令和6年度）介護福祉士国家試験; 問題: https://www.sssc.or.jp/kaigo/past_exam/pdf/no37/listen_k_am_37.html; 正答: https://www.sssc.or.jp/kaigo/past_exam/pdf/no37/k_kijun_seitou.pdf,,true
2025-37-032,2025,37,32,発達と老化の理解,次の記述のうち、神経性無食欲症（anorexia nervosa）に関するものとして、最も適切なものを1つ選びなさい。,活動性が高まる。,学童期に最も生じやすい。,太ることへの恐怖はみられない。,低体重の深刻さを理解している。,多くが男性である。,1,正解は選択肢1「活動性が高まる。」である。この記述は、発達段階または加齢・疾病の特徴と生活上の現れを正しく結び付けている。正常な加齢変化と病的変化を混同しないことが要点である。加齢による一般的な変化と疾病による変化を区別し、生活への影響まで捉える。,公益財団法人 社会福祉振興・試験センター 第37回（令和6年度）介護福祉士国家試験; 問題: https://www.sssc.or.jp/kaigo/past_exam/pdf/no37/listen_k_am_37.html; 正答: https://www.sssc.or.jp/kaigo/past_exam/pdf/no37/k_kijun_seitou.pdf,,true
2025-37-033,2025,37,33,発達と老化の理解,"Ａさん（73歳、男性）は、会社の役員として勤めていたが、3年前に退職した。地域の老人クラブへの入会を勧められたが拒否している。毎年、敬老の日に記念品が配布されても、不快感を示して受け取らない。退職後も会社の状況を気にしていて、後輩とときどき連絡をとっている。Ａさんは、身体が衰えることに強い不安を感じて、筋力トレーニングを毎日行っている。会社の後輩から、「いつも若々しいですね」と言われることに喜びを感じている。
ライチャード（Reichard, S.）による、引退後の男性の5つの適応タイプのうち、Ａさんに相当するものとして、適切なものを1つ選びなさい。",外罰（憤慨）型,内罰（自責）型,円熟（成熟）型,自己防衛（装甲）型,ロッキングチェアー（安楽椅子）型,4,正解は選択肢4「自己防衛（装甲）型」である。この記述は、発達段階または加齢・疾病の特徴と生活上の現れを正しく結び付けている。正常な加齢変化と病的変化を混同しないことが要点である。加齢による一般的な変化と疾病による変化を区別し、生活への影響まで捉える。,公益財団法人 社会福祉振興・試験センター 第37回（令和6年度）介護福祉士国家試験; 問題: https://www.sssc.or.jp/kaigo/past_exam/pdf/no37/listen_k_am_37.html; 正答: https://www.sssc.or.jp/kaigo/past_exam/pdf/no37/k_kijun_seitou.pdf,,true
2025-37-034,2025,37,34,発達と老化の理解,次の記述のうち、結晶性知能に関する説明として、最も適切なものを1つ選びなさい。,感覚や運動に基づく知能である。,過去に得た知識を活用して問題を解決する能力である。,40～50歳で急激に低下する。,知識や文化の影響よりも、生理的な老化の影響を受けやすい。,その場で新しい問題を解決する能力である。,2,正解は選択肢2「過去に得た知識を活用して問題を解決する能力である。」である。この記述は、発達段階または加齢・疾病の特徴と生活上の現れを正しく結び付けている。正常な加齢変化と病的変化を混同しないことが要点である。加齢による一般的な変化と疾病による変化を区別し、生活への影響まで捉える。,公益財団法人 社会福祉振興・試験センター 第37回（令和6年度）介護福祉士国家試験; 問題: https://www.sssc.or.jp/kaigo/past_exam/pdf/no37/listen_k_am_37.html; 正答: https://www.sssc.or.jp/kaigo/past_exam/pdf/no37/k_kijun_seitou.pdf,,true
2025-37-035,2025,37,35,発達と老化の理解,次の記述のうち、加齢に伴う感覚機能の変化として、最も適切なものを1つ選びなさい。,皮膚感覚が敏感になる。,高音域の聴力が高まる。,暗順応の時間が延長する。,味覚が敏感になる。,嗅覚が敏感になる。,3,正解は選択肢3「暗順応の時間が延長する。」である。この記述は、発達段階または加齢・疾病の特徴と生活上の現れを正しく結び付けている。正常な加齢変化と病的変化を混同しないことが要点である。加齢による一般的な変化と疾病による変化を区別し、生活への影響まで捉える。,公益財団法人 社会福祉振興・試験センター 第37回（令和6年度）介護福祉士国家試験; 問題: https://www.sssc.or.jp/kaigo/past_exam/pdf/no37/listen_k_am_37.html; 正答: https://www.sssc.or.jp/kaigo/past_exam/pdf/no37/k_kijun_seitou.pdf,,true
2025-37-036,2025,37,36,発達と老化の理解,"Ｂさん（74歳、女性）は、地方で一人暮らしをしている。持病はなく、認知機能の異常もない。ダンスサークルに通い、近所との付き合いも良好で、今の暮らしに満足している。最近、白髪が増え、友人との死別もあり、年をとったと感じている。ある日、一人息子（50歳、未婚）から、東京で一緒に住むことを提案された。Ｂさんは、「ここには知り合いがいるが、東京には誰もいない。ここが一番いい」と言った。すると息子は、Ｂさんに、「年をとると頑固になる。あと数年したら認知症（dementia）になるかもしれないので、自分と一緒に暮らすべきだ」と言った。
次のうち、Ｂさんに関する記述として、最も適切なものを1つ選びなさい。",Ｂさんには、老性自覚はみられない。,Ｂさんには、友人との死別による悲嘆がみられる。,Ｂさんは、今、住んでいる環境や生活に適応できていない。,Ｂさんには、エイジズム（ageism）の考え方がみられる。,Ｂさんには、住み慣れた環境や仲間を喪失することへの不安がみられる。,5,正解は選択肢5「Ｂさんには、住み慣れた環境や仲間を喪失することへの不安がみられる。」である。この記述は、発達段階または加齢・疾病の特徴と生活上の現れを正しく結び付けている。正常な加齢変化と病的変化を混同しないことが要点である。加齢による一般的な変化と疾病による変化を区別し、生活への影響まで捉える。,公益財団法人 社会福祉振興・試験センター 第37回（令和6年度）介護福祉士国家試験; 問題: https://www.sssc.or.jp/kaigo/past_exam/pdf/no37/listen_k_am_37.html; 正答: https://www.sssc.or.jp/kaigo/past_exam/pdf/no37/k_kijun_seitou.pdf,,true
2025-37-037,2025,37,37,発達と老化の理解,次の記述のうち、サクセスフル・エイジング（successful aging）として、適切なものを1つ選びなさい。,長生きすることが、最大の目的である。,一人暮らしで、周囲の人と交流をしないようにしている。,膝に痛みがあるので、一日中ベッド上で過ごすようにしている。,難聴があるので、補聴器をつけてパソコン教室に通い始めた。,歌を上手に歌えなくなったので、カラオケに誘われても行かないようにしている。,4,正解は選択肢4「難聴があるので、補聴器をつけてパソコン教室に通い始めた。」である。この記述は、発達段階または加齢・疾病の特徴と生活上の現れを正しく結び付けている。正常な加齢変化と病的変化を混同しないことが要点である。加齢による一般的な変化と疾病による変化を区別し、生活への影響まで捉える。,公益財団法人 社会福祉振興・試験センター 第37回（令和6年度）介護福祉士国家試験; 問題: https://www.sssc.or.jp/kaigo/past_exam/pdf/no37/listen_k_am_37.html; 正答: https://www.sssc.or.jp/kaigo/past_exam/pdf/no37/k_kijun_seitou.pdf,,true
2025-37-038,2025,37,38,発達と老化の理解,次のうち、老年症候群に直接関わる疾患として、最も適切なものを1つ選びなさい。,高血圧症（hypertension）,糖尿病（diabetes mellitus）,骨粗鬆症｛こつそしょうしょう｝（osteoporosis）,心筋梗塞（myocardial infarction）,脂質異常症（dyslipidemia）,3,正解は選択肢3「骨粗鬆症｛こつそしょうしょう｝（osteoporosis）」である。この記述は、発達段階または加齢・疾病の特徴と生活上の現れを正しく結び付けている。正常な加齢変化と病的変化を混同しないことが要点である。加齢による一般的な変化と疾病による変化を区別し、生活への影響まで捉える。,公益財団法人 社会福祉振興・試験センター 第37回（令和6年度）介護福祉士国家試験; 問題: https://www.sssc.or.jp/kaigo/past_exam/pdf/no37/listen_k_am_37.html; 正答: https://www.sssc.or.jp/kaigo/past_exam/pdf/no37/k_kijun_seitou.pdf,,true
2025-37-039,2025,37,39,認知症の理解,次の記述のうち、2019年（令和元年）の認知症施策推進大綱に関する説明として、最も適切なものを1つ選びなさい。,「共生」と「予防」を車の両輪として施策を推進していく。,「予防」とは、「認知症（dementia）にならない」という意味である。,「認知症高齢者等にやさしい地域づくり」を推進する7つの柱が示された。,「普及啓発・本人発信支援」として、家族が積極的に本人の意思を代弁することが示された。,策定後は、毎年施策の進捗を確認することが示された。,1,正解は選択肢1「「共生」と「予防」を車の両輪として施策を推進していく。」である。この選択肢は、認知症の疾患特性・症状・支援方法の対応が適切である。行動だけを抑えるのではなく、原因や本人の体験を捉える。認知機能の障害だけでなく、体調、環境、生活歴、本人の思いを含めて行動の意味を考える。,公益財団法人 社会福祉振興・試験センター 第37回（令和6年度）介護福祉士国家試験; 問題: https://www.sssc.or.jp/kaigo/past_exam/pdf/no37/listen_k_am_37.html; 正答: https://www.sssc.or.jp/kaigo/past_exam/pdf/no37/k_kijun_seitou.pdf,,true
2025-37-040,2025,37,40,認知症の理解,"Ａさん（84歳、女性、要介護3）は、アルツハイマー型認知症（dementia of the Alzheimer’s type）で、介護老人福祉施設に入所している。赤ちゃんの人形を持っていて、「はなちゃん」と呼んで話しかけている。
昼食のため、介護福祉職が居室を訪問すると、Ａさんは不安そうな顔で、「はなちゃんがいなくなった。どこへ連れて行ったの？返して」と大声を出した。人形はＡさんのロッカーの上に置かれていた。
Ａさんに対する介護福祉職の最初の声かけとして、最も適切なものを1つ選びなさい。",「私を疑っているんですか」,「置いた場所を忘れたんですか」,「心配ですね、一緒に探しませんか」,「ご飯を食べてから探してはどうですか」,「ロッカーの上にあるのが見えないんですか」,3,正解は選択肢3「「心配ですね、一緒に探しませんか」」である。この選択肢は、認知症の疾患特性・症状・支援方法の対応が適切である。行動だけを抑えるのではなく、原因や本人の体験を捉える。認知機能の障害だけでなく、体調、環境、生活歴、本人の思いを含めて行動の意味を考える。,公益財団法人 社会福祉振興・試験センター 第37回（令和6年度）介護福祉士国家試験; 問題: https://www.sssc.or.jp/kaigo/past_exam/pdf/no37/listen_k_am_37.html; 正答: https://www.sssc.or.jp/kaigo/past_exam/pdf/no37/k_kijun_seitou.pdf,,true
2025-37-041,2025,37,41,認知症の理解,認知症（dementia）の高齢者にみられる、せん妄に関する記述として、適切なものを1つ選びなさい。,覚醒レベルが重度に低下した状態である。,症状の変動が少ないことが特徴である。,夜間よりも日中に生じやすいことが特徴である。,認知機能障害がみられることはまれである。,関与する因子を特定することが重要である。,5,正解は選択肢5「関与する因子を特定することが重要である。」である。せん妄は急に発症して症状が変動しやすく、感染、脱水、薬剤、環境変化などが誘因になる。認知機能の障害だけでなく、体調、環境、生活歴、本人の思いを含めて行動の意味を考える。,公益財団法人 社会福祉振興・試験センター 第37回（令和6年度）介護福祉士国家試験; 問題: https://www.sssc.or.jp/kaigo/past_exam/pdf/no37/listen_k_am_37.html; 正答: https://www.sssc.or.jp/kaigo/past_exam/pdf/no37/k_kijun_seitou.pdf,,true
2025-37-042,2025,37,42,認知症の理解,次の記述のうち、アルツハイマー型認知症（dementia of the Alzheimer’s type）の特徴として、適切なものを1つ選びなさい。,近時記憶（新しい記憶）の障害は、初期から始まる。,特徴的な症状として幻視がある。,脳にアミロイドβが沈着し始めると、すぐに発症する。,歩行障害が多く現れるのは、初期の段階である。,嚥下障害｛えんげしょうがい｝が多く現れるのは、初期の段階である。,1,正解は選択肢1「近時記憶（新しい記憶）の障害は、初期から始まる。」である。この選択肢は、認知症の疾患特性・症状・支援方法の対応が適切である。行動だけを抑えるのではなく、原因や本人の体験を捉える。認知機能の障害だけでなく、体調、環境、生活歴、本人の思いを含めて行動の意味を考える。,公益財団法人 社会福祉振興・試験センター 第37回（令和6年度）介護福祉士国家試験; 問題: https://www.sssc.or.jp/kaigo/past_exam/pdf/no37/listen_k_am_37.html; 正答: https://www.sssc.or.jp/kaigo/past_exam/pdf/no37/k_kijun_seitou.pdf,,true
2025-37-043,2025,37,43,認知症の理解,次のうち、認知症（dementia）のリスクを高める要因として、最も適切なものを1つ選びなさい。,身体活動,不飽和脂肪酸の摂取,歯がなくなることによる咀嚼機能｛そしゃくきのう｝の低下,難聴による補聴器の使用,ボランティア活動,3,正解は選択肢3「歯がなくなることによる咀嚼機能｛そしゃくきのう｝の低下」である。この選択肢は、認知症の疾患特性・症状・支援方法の対応が適切である。行動だけを抑えるのではなく、原因や本人の体験を捉える。認知機能の障害だけでなく、体調、環境、生活歴、本人の思いを含めて行動の意味を考える。,公益財団法人 社会福祉振興・試験センター 第37回（令和6年度）介護福祉士国家試験; 問題: https://www.sssc.or.jp/kaigo/past_exam/pdf/no37/listen_k_am_37.html; 正答: https://www.sssc.or.jp/kaigo/past_exam/pdf/no37/k_kijun_seitou.pdf,,true
2025-37-044,2025,37,44,認知症の理解,次のうち、全般的な認知機能を評価する尺度であり、30点満点で20点以下を認知症の目安とするものとして、正しいものを1つ選びなさい。,バーセルインデックス（Barthel Index）,改訂長谷川式認知症スケール（HDS-R）,ＦＡＳＴ（Functional Assessment Staging）,認知症高齢者の日常生活自立度判定基準,臨床的認知症尺度（ＣＤＲ：Clinical Dementia Rating）,2,正解は選択肢2「改訂長谷川式認知症スケール（HDS-R）」である。この選択肢は、認知症の疾患特性・症状・支援方法の対応が適切である。行動だけを抑えるのではなく、原因や本人の体験を捉える。認知機能の障害だけでなく、体調、環境、生活歴、本人の思いを含めて行動の意味を考える。,公益財団法人 社会福祉振興・試験センター 第37回（令和6年度）介護福祉士国家試験; 問題: https://www.sssc.or.jp/kaigo/past_exam/pdf/no37/listen_k_am_37.html; 正答: https://www.sssc.or.jp/kaigo/past_exam/pdf/no37/k_kijun_seitou.pdf,,true
2025-37-045,2025,37,45,認知症の理解,次の記述のうち、「認知症（dementia）の人の日常生活・社会生活における意思決定支援ガイドライン」（2018年（平成30年）（厚生労働省））で示されている、意思決定支援として、最も適切なものを1つ選びなさい。,認知症（dementia）の人の家族の意思を支援することである。,意思決定支援者は特定の職種に限定される。,一度、意思決定したら、最後まで同じ内容で支援する。,看取りの場面になってから支援を開始する。,身振りや表情の変化も意思表示として読み取る努力を最大限に行う。,5,正解は選択肢5「身振りや表情の変化も意思表示として読み取る努力を最大限に行う。」である。この選択肢は、認知症の疾患特性・症状・支援方法の対応が適切である。行動だけを抑えるのではなく、原因や本人の体験を捉える。認知機能の障害だけでなく、体調、環境、生活歴、本人の思いを含めて行動の意味を考える。法令・制度・金額・対象要件は改正されることがあるため、受験時点の最新情報も確認する。,公益財団法人 社会福祉振興・試験センター 第37回（令和6年度）介護福祉士国家試験; 問題: https://www.sssc.or.jp/kaigo/past_exam/pdf/no37/listen_k_am_37.html; 正答: https://www.sssc.or.jp/kaigo/past_exam/pdf/no37/k_kijun_seitou.pdf,,true
2025-37-046,2025,37,46,認知症の理解,次の記述のうち、回想法として、最も適切なものを1つ選びなさい。,肩や背中から優しくゆっくりと触れる。,共感を通して、認知症（dementia）の人が体験している現実を受け入れる。,見当識を高めるために、時間や場所、現在の状況を説明する。,昔の写真や音楽を活用して、記憶を活性化する。,残存能力を活用し、共同作業を通して仲間をつくる。,4,正解は選択肢4「昔の写真や音楽を活用して、記憶を活性化する。」である。この選択肢は、認知症の疾患特性・症状・支援方法の対応が適切である。行動だけを抑えるのではなく、原因や本人の体験を捉える。認知機能の障害だけでなく、体調、環境、生活歴、本人の思いを含めて行動の意味を考える。,公益財団法人 社会福祉振興・試験センター 第37回（令和6年度）介護福祉士国家試験; 問題: https://www.sssc.or.jp/kaigo/past_exam/pdf/no37/listen_k_am_37.html; 正答: https://www.sssc.or.jp/kaigo/past_exam/pdf/no37/k_kijun_seitou.pdf,,true
2025-37-047,2025,37,47,認知症の理解,次の記述のうち、認知症疾患医療センターの説明として、適切なものを1つ選びなさい。,事業の実施主体は、市町村である。,都道府県ごとに、1か所の設置が義務づけられている。,認知症（dementia）の鑑別診断を行う。,主に認知症（dementia）が進行した人の入院治療を行う。,介護保険法に定められている。,3,正解は選択肢3「認知症（dementia）の鑑別診断を行う。」である。この選択肢は、認知症の疾患特性・症状・支援方法の対応が適切である。行動だけを抑えるのではなく、原因や本人の体験を捉える。認知機能の障害だけでなく、体調、環境、生活歴、本人の思いを含めて行動の意味を考える。,公益財団法人 社会福祉振興・試験センター 第37回（令和6年度）介護福祉士国家試験; 問題: https://www.sssc.or.jp/kaigo/past_exam/pdf/no37/listen_k_am_37.html; 正答: https://www.sssc.or.jp/kaigo/past_exam/pdf/no37/k_kijun_seitou.pdf,,true
2025-37-048,2025,37,48,認知症の理解,"Ｂさん（87歳、男性）は、一人暮らしである。玄関前で、脱水で倒れているところを発見され、救急搬送された。入院中、認知症（dementia）の疑いがある行動が見られた。Ｂさんは、「自宅で暮らしたい」と強く希望していた。退院後、Ｂさんは外出して自宅に戻れなくなることがあった。近所の人たちが、Ｂさんの生活を心配して、地域包括支援センターに相談した結果、認知症初期集中支援チームが編成された。
次の記述のうち、Ｂさんに対して認知症初期集中支援チームが行う支援として、最も適切なものを1つ選びなさい。",金銭管理を行う。,支援方針を検討する。,居宅サービス計画書を作成する。,介護保険サービスを契約する。,法定後見を行う。,2,正解は選択肢2「支援方針を検討する。」である。地域包括支援センターは、高齢者の総合相談、権利擁護、介護予防支援、包括的・継続的ケアマネジメント支援を担う。認知機能の障害だけでなく、体調、環境、生活歴、本人の思いを含めて行動の意味を考える。,公益財団法人 社会福祉振興・試験センター 第37回（令和6年度）介護福祉士国家試験; 問題: https://www.sssc.or.jp/kaigo/past_exam/pdf/no37/listen_k_am_37.html; 正答: https://www.sssc.or.jp/kaigo/past_exam/pdf/no37/k_kijun_seitou.pdf,,true
2025-37-049,2025,37,49,障害の理解,"次のうち、ＩＣＦ（International Classification of Functioning, Disability and Health：国際生活機能分類）の社会（人生）レベルに該当するものとして、正しいものを1つ選びなさい。",心身機能・身体構造,活動,参加,機能障害,活動制限,3,正解は選択肢3「参加」である。この選択肢は、障害特性と必要な支援・社会資源の対応が適切である。できない点だけでなく、環境調整で可能になる活動にも注目する。障害特性だけで判断せず、本人の強みと環境因子を調整して参加を支える。,公益財団法人 社会福祉振興・試験センター 第37回（令和6年度）介護福祉士国家試験; 問題: https://www.sssc.or.jp/kaigo/past_exam/pdf/no37/listen_k_am_37.html; 正答: https://www.sssc.or.jp/kaigo/past_exam/pdf/no37/k_kijun_seitou.pdf,,true
2025-37-050,2025,37,50,障害の理解,次の記述のうち、障害者のエンパワメントに関するものとして、最も適切なものを1つ選びなさい。,障害のある人が障害のない人と同等に生活し、活動する社会を目指す。,専門職が主導し、障害がある人は受動的に支援を受ける。,障害のある人が自らの能力や長所に気づき、課題に対応する。,障害のある人が、主体性や人権が守られないことに耐える。,障害のある人が、医学的リハビリテーションを受ける。,3,正解は選択肢3「障害のある人が自らの能力や長所に気づき、課題に対応する。」である。この選択肢は、障害特性と必要な支援・社会資源の対応が適切である。できない点だけでなく、環境調整で可能になる活動にも注目する。障害特性だけで判断せず、本人の強みと環境因子を調整して参加を支える。,公益財団法人 社会福祉振興・試験センター 第37回（令和6年度）介護福祉士国家試験; 問題: https://www.sssc.or.jp/kaigo/past_exam/pdf/no37/listen_k_am_37.html; 正答: https://www.sssc.or.jp/kaigo/past_exam/pdf/no37/k_kijun_seitou.pdf,,true
2025-37-051,2025,37,51,障害の理解,次のうち、クローン病（Crohn disease）にみられる特徴的な症状として、最も適切なものを1つ選びなさい。,視力低下,栄養障害,咳嗽｛がいそう｝,運動失調,関節痛,2,正解は選択肢2「栄養障害」である。この選択肢は、障害特性と必要な支援・社会資源の対応が適切である。できない点だけでなく、環境調整で可能になる活動にも注目する。障害特性だけで判断せず、本人の強みと環境因子を調整して参加を支える。,公益財団法人 社会福祉振興・試験センター 第37回（令和6年度）介護福祉士国家試験; 問題: https://www.sssc.or.jp/kaigo/past_exam/pdf/no37/listen_k_am_37.html; 正答: https://www.sssc.or.jp/kaigo/past_exam/pdf/no37/k_kijun_seitou.pdf,,true
2025-37-052,2025,37,52,障害の理解,次の記述のうち、遂行機能障害の特徴として、最も適切なものを1つ選びなさい。,些細｛ささい｝なことですぐに興奮して怒鳴る。,新しい知識を覚えることが困難である。,ぼんやりして周囲に注意を向け続けることが困難である。,行動を計画して実行することが困難である。,言葉の表出や理解が困難である。,4,正解は選択肢4「行動を計画して実行することが困難である。」である。この選択肢は、障害特性と必要な支援・社会資源の対応が適切である。できない点だけでなく、環境調整で可能になる活動にも注目する。障害特性だけで判断せず、本人の強みと環境因子を調整して参加を支える。,公益財団法人 社会福祉振興・試験センター 第37回（令和6年度）介護福祉士国家試験; 問題: https://www.sssc.or.jp/kaigo/past_exam/pdf/no37/listen_k_am_37.html; 正答: https://www.sssc.or.jp/kaigo/past_exam/pdf/no37/k_kijun_seitou.pdf,,true
2025-37-053,2025,37,53,障害の理解,視覚障害の特徴と視覚障害者の生活支援に関する次の記述のうち、最も適切なものを1つ選びなさい。,ロービジョンは、視覚情報をまったく得られない状態である。,中途視覚障害者は、先天性の障害に比べて障害を受容しやすい。,白杖｛はくじょう｝には、視覚に障害があることを周囲に知らせる役目がある。,視覚障害を補うために、ペットの犬と一緒に外出する。,視覚障害者は、ガイドヘルパーの利用はできない。,3,正解は選択肢3「白杖｛はくじょう｝には、視覚に障害があることを周囲に知らせる役目がある。」である。この選択肢は、障害特性と必要な支援・社会資源の対応が適切である。できない点だけでなく、環境調整で可能になる活動にも注目する。障害特性だけで判断せず、本人の強みと環境因子を調整して参加を支える。,公益財団法人 社会福祉振興・試験センター 第37回（令和6年度）介護福祉士国家試験; 問題: https://www.sssc.or.jp/kaigo/past_exam/pdf/no37/listen_k_am_37.html; 正答: https://www.sssc.or.jp/kaigo/past_exam/pdf/no37/k_kijun_seitou.pdf,,true
2025-37-054,2025,37,54,障害の理解,"Ａさん（76歳、女性）は、パーキンソン病（Parkinson disease）と診断され、日常生活動作（Activities of Daily Living：ＡＤＬ）は、車いすやベッド上で全介助である。最近、食事に時間がかかって嫌がるようになり、かすれ声が目立つようになった。
次のうち、現在のＡさんに対して介護福祉職が留意すべきこととして、最も適切なものを1つ選びなさい。",安静時振戦,筋固縮,仮面様顔貌,誤嚥｛ごえん｝,便秘,4,正解は選択肢4「誤嚥｛ごえん｝」である。この選択肢は、障害特性と必要な支援・社会資源の対応が適切である。できない点だけでなく、環境調整で可能になる活動にも注目する。障害特性だけで判断せず、本人の強みと環境因子を調整して参加を支える。,公益財団法人 社会福祉振興・試験センター 第37回（令和6年度）介護福祉士国家試験; 問題: https://www.sssc.or.jp/kaigo/past_exam/pdf/no37/listen_k_am_37.html; 正答: https://www.sssc.or.jp/kaigo/past_exam/pdf/no37/k_kijun_seitou.pdf,,true
2025-37-055,2025,37,55,障害の理解,聴覚障害者の特徴や支援の方法に関する次の記述のうち、最も適切なものを1つ選びなさい。,要約筆記によって意思疎通を補う。,軽度の聴覚障害を「ろう」という。,フラッシュベルは周囲の音を増幅させて伝える。,手話は意思の伝達に役立たない。,両耳の聴力レベルが40dBで身体障害者手帳が交付される。,1,正解は選択肢1「要約筆記によって意思疎通を補う。」である。この選択肢は、障害特性と必要な支援・社会資源の対応が適切である。できない点だけでなく、環境調整で可能になる活動にも注目する。障害特性だけで判断せず、本人の強みと環境因子を調整して参加を支える。,公益財団法人 社会福祉振興・試験センター 第37回（令和6年度）介護福祉士国家試験; 問題: https://www.sssc.or.jp/kaigo/past_exam/pdf/no37/listen_k_am_37.html; 正答: https://www.sssc.or.jp/kaigo/past_exam/pdf/no37/k_kijun_seitou.pdf,,true
2025-37-056,2025,37,56,障害の理解,"Ｂさん（24歳、男性）は、母親と二人暮らしで、小学生のときに注意欠陥多動性障害と疑われていた。Ｂさんは、最近になって昼夜を問わずゲームを続け、朝起きられずにアルバイトを無断で休むことが増えた。
次のうち、Ｂさんの母親が相談する機関として、最も適切なものを1つ選びなさい。",ハローワーク（公共職業安定所）,難病情報センター,認知症カフェ,放課後等デイサービス,発達障害者支援センター,5,正解は選択肢5「発達障害者支援センター」である。この選択肢は、障害特性と必要な支援・社会資源の対応が適切である。できない点だけでなく、環境調整で可能になる活動にも注目する。障害特性だけで判断せず、本人の強みと環境因子を調整して参加を支える。,公益財団法人 社会福祉振興・試験センター 第37回（令和6年度）介護福祉士国家試験; 問題: https://www.sssc.or.jp/kaigo/past_exam/pdf/no37/listen_k_am_37.html; 正答: https://www.sssc.or.jp/kaigo/past_exam/pdf/no37/k_kijun_seitou.pdf,,true
2025-37-057,2025,37,57,障害の理解,"次の記述のうち、「障害者差別解消法」の合理的配慮に沿った対応として、最も適切なものを1つ選びなさい。
（注）  「障害者差別解消法」とは、「障害を理由とする差別の解消の推進に関する法律」のことである。",車いすの身体障害者から、陳列棚にある商品を見せてほしいと言われたが、口頭で商品を説明した。,聴覚障害者の手話による注文がわからなかったので、最も人気のあるメニューを出した。,盲導犬を連れた視覚障害者が来店したが、動物嫌いの客から苦情を言われると思い、犬は店の中に入れないように頼んだ。,役所に相談に来た精神障害者から、多くの人の中だと不安になると言われたため、帰宅してもらった。,知的障害者から申し出があったので、会議に参加するための資料をわかりやすい言葉に直して、事前に口頭で説明した。,5,正解は選択肢5「知的障害者から申し出があったので、会議に参加するための資料をわかりやすい言葉に直して、事前に口頭で説明した。」である。障害者差別解消法は不当な差別的取扱いの禁止と合理的配慮を通じ、障害を理由とする差別の解消を進める。障害特性だけで判断せず、本人の強みと環境因子を調整して参加を支える。法令・制度・金額・対象要件は改正されることがあるため、受験時点の最新情報も確認する。,公益財団法人 社会福祉振興・試験センター 第37回（令和6年度）介護福祉士国家試験; 問題: https://www.sssc.or.jp/kaigo/past_exam/pdf/no37/listen_k_am_37.html; 正答: https://www.sssc.or.jp/kaigo/past_exam/pdf/no37/k_kijun_seitou.pdf,,true
2025-37-058,2025,37,58,障害の理解,レスパイトケアの望ましいあり方に関する記述として、最も適切なものを1つ選びなさい。,障害者はサービスを利用せずに生活するべきである。,利用中、家族は自宅で休まなくてはならない。,家族が障害者を預けて旅行に行くことは認められない。,家族の休息が目的なので、障害者の施設利用は宿泊に限定される。,家族が休息している間も、障害者が自分らしく過ごせるようにする。,5,正解は選択肢5「家族が休息している間も、障害者が自分らしく過ごせるようにする。」である。この選択肢は、障害特性と必要な支援・社会資源の対応が適切である。できない点だけでなく、環境調整で可能になる活動にも注目する。障害特性だけで判断せず、本人の強みと環境因子を調整して参加を支える。,公益財団法人 社会福祉振興・試験センター 第37回（令和6年度）介護福祉士国家試験; 問題: https://www.sssc.or.jp/kaigo/past_exam/pdf/no37/listen_k_am_37.html; 正答: https://www.sssc.or.jp/kaigo/past_exam/pdf/no37/k_kijun_seitou.pdf,,true
2025-37-059,2025,37,59,医療的ケア,次の記述のうち、成人に対する救急蘇生法｛きゅうきゅうそせいほう｝での胸骨圧迫の方法として、最も適切なものを1つ選びなさい。,呼吸が確認できない場合は、すぐに圧迫を始める。,圧迫する部位は、胸骨の左側である。,実施者の両手を重ねて、指先で圧迫する。,圧迫の深さは、胸が10cm沈むようにする。,1分間に60回を目安に圧迫する。,1,正解は選択肢1「呼吸が確認できない場合は、すぐに圧迫を始める。」である。この記述は、安全な実施手順と観察・連携の原則に合う。手技の前提条件、清潔保持、異常時の対応を一連で覚える。手順の遵守、実施前後の観察、異常時の中止・報告、医療職との連携が要点である。,公益財団法人 社会福祉振興・試験センター 第37回（令和6年度）介護福祉士国家試験; 問題: https://www.sssc.or.jp/kaigo/past_exam/pdf/no37/listen_k_am_37.html; 正答: https://www.sssc.or.jp/kaigo/past_exam/pdf/no37/k_kijun_seitou.pdf,,true
2025-37-060,2025,37,60,医療的ケア,次の記述のうち、痰｛たん｝を喀出｛かくしゅつ｝する仕組みに関するものとして、正しいものを1つ選びなさい。,呼吸器官の内部は乾燥した状態になっている。,気管の内部の表面には絨毛｛じゅうもう｝があり、分泌物の侵入を防いでいる。,分泌物は、咽頭で吸収される。,痰｛たん｝は、咳｛せき｝や咳払｛せきばら｝いによって排出される。,咳｛せき｝は、下垂体にある咳中枢｛せきちゅうすう｝によっておこる反射運動である。,4,正解は選択肢4「痰｛たん｝は、咳｛せき｝や咳払｛せきばら｝いによって排出される。」である。この記述は、安全な実施手順と観察・連携の原則に合う。手技の前提条件、清潔保持、異常時の対応を一連で覚える。手順の遵守、実施前後の観察、異常時の中止・報告、医療職との連携が要点である。,公益財団法人 社会福祉振興・試験センター 第37回（令和6年度）介護福祉士国家試験; 問題: https://www.sssc.or.jp/kaigo/past_exam/pdf/no37/listen_k_am_37.html; 正答: https://www.sssc.or.jp/kaigo/past_exam/pdf/no37/k_kijun_seitou.pdf,,true
2025-37-061,2025,37,61,医療的ケア,次の記述のうち、介護福祉士が行う口腔内｛こうくうない｝の喀痰吸引｛かくたんきゅういん｝の方法として、最も適切なものを1つ選びなさい。,吸引圧は、利用者の体調によって介護福祉士が決める。,吸引圧をかけた状態で、吸引チューブを挿入する。,口蓋垂まで吸引チューブを挿入する。,吸引チューブを回転させながら痰｛たん｝を吸引する。,吸引後は洗浄水を吸引し、清浄綿でチューブを拭く。,4,正解は選択肢4「吸引チューブを回転させながら痰｛たん｝を吸引する。」である。この記述は、安全な実施手順と観察・連携の原則に合う。手技の前提条件、清潔保持、異常時の対応を一連で覚える。手順の遵守、実施前後の観察、異常時の中止・報告、医療職との連携が要点である。,公益財団法人 社会福祉振興・試験センター 第37回（令和6年度）介護福祉士国家試験; 問題: https://www.sssc.or.jp/kaigo/past_exam/pdf/no37/listen_k_am_37.html; 正答: https://www.sssc.or.jp/kaigo/past_exam/pdf/no37/k_kijun_seitou.pdf,,true
2025-37-062,2025,37,62,医療的ケア,次の記述のうち、消化器症状の説明として、正しいものを1つ選びなさい。,腹部膨満感は、腹部が張る感覚のことである。,しゃっくり（吃逆｛きつぎゃく｝）は、胸膜の刺激で起こる現象である。,胸やけは、飲食物による食道の熱傷のことである。,げっぷ（噯気）は、咽頭にたまった空気が排出されることである。,嘔気｛おうき｝は、胃や腸の内容物が、食道を逆流して口外に吐き出されることである。,1,正解は選択肢1「腹部膨満感は、腹部が張る感覚のことである。」である。この記述は、安全な実施手順と観察・連携の原則に合う。手技の前提条件、清潔保持、異常時の対応を一連で覚える。手順の遵守、実施前後の観察、異常時の中止・報告、医療職との連携が要点である。,公益財団法人 社会福祉振興・試験センター 第37回（令和6年度）介護福祉士国家試験; 問題: https://www.sssc.or.jp/kaigo/past_exam/pdf/no37/listen_k_am_37.html; 正答: https://www.sssc.or.jp/kaigo/past_exam/pdf/no37/k_kijun_seitou.pdf,,true
2025-37-063,2025,37,63,医療的ケア,"Ａさん（80歳、女性）は、脳梗塞（cerebral infarction）の後遺症で左片麻痺｛ひだりかたまひ｝があり、介護老人保健施設に入所して在宅復帰に向けた訓練をしている。嚥下障害｛えんげしょうがい｝もあるため、経鼻経管栄養による栄養摂取をしているが、経口摂取できないことでイライラしてチューブを抜去したことがある。医師からは一時的な治療であると説明を受けて同意していた。
経管栄養中に介護福祉士が訪室すると、チューブを触りながら、「自分の口から食べたいから、このチューブを抜いてほしい。見た目も良くない」と訴えがあった。看護師に連絡し、チューブが抜けていないことを確認してもらった。
このときのＡさんへの介護福祉士の対応として、最も適切なものを1つ選びなさい。",チューブを抜かないようにＡさんの右手を固定する。,経管栄養が早く終わるように滴下速度を調節する。,医師や看護師にＡさんの思いを伝える。,Ａさんに胃ろうの造設を提案する。,Ａさんに経口摂取を提案する。,3,正解は選択肢3「医師や看護師にＡさんの思いを伝える。」である。介護老人保健施設は、在宅復帰を目指して医学的管理の下でリハビリテーションや介護を提供する。短く具体的に説明し、理解できたかを本人の反応から確かめる。手順の遵守、実施前後の観察、異常時の中止・報告、医療職との連携が要点である。,公益財団法人 社会福祉振興・試験センター 第37回（令和6年度）介護福祉士国家試験; 問題: https://www.sssc.or.jp/kaigo/past_exam/pdf/no37/listen_k_am_37.html; 正答: https://www.sssc.or.jp/kaigo/past_exam/pdf/no37/k_kijun_seitou.pdf,,true
2025-37-064,2025,37,64,介護の基本,"介護福祉に関連する法律に関する次の記述のうち、適切なものを1つ選びなさい。
（注）1  「高齢者虐待防止法」とは、「高齢者虐待の防止、高齢者の養護者に対する支援等に関する法律」のことである。
2  「障害者総合支援法」とは、「障害者の日常生活及び社会生活を総合的に支援するための法律」のことである。",「高齢者虐待防止法」は、福祉六法の1つである。,「障害者総合支援法」は、障害者基本計画の策定を義務づけている。,社会福祉法によって、社会福祉士の定義が規定されている。,介護保険法は、国民の共同連帯の理念に基づいて介護保険制度を設けている。,医師法によって、介護福祉の業務の一部として医行為が認められている。,4,正解は選択肢4「介護保険法は、国民の共同連帯の理念に基づいて介護保険制度を設けている。」である。この選択肢は、介護福祉職の倫理と自立支援、安全確保の原則に合う。本人の希望だけでなく、権利擁護と専門職の責任も併せて判断する。尊厳、自己決定、自立支援、安全確保を両立させ、介護福祉職の役割と限界を守る。法令・制度・金額・対象要件は改正されることがあるため、受験時点の最新情報も確認する。,公益財団法人 社会福祉振興・試験センター 第37回（令和6年度）介護福祉士国家試験; 問題: https://www.sssc.or.jp/kaigo/past_exam/pdf/no37/listen_k_pm_37.html; 正答: https://www.sssc.or.jp/kaigo/past_exam/pdf/no37/k_kijun_seitou.pdf,,true
2025-37-065,2025,37,65,介護の基本,社会福祉士及び介護福祉士法に関する次の記述のうち、適切なものを1つ選びなさい。,資質向上のために、5年に1回、資格更新研修を受けなければならない。,社会福祉士の業務を介護福祉士が行うことは禁じられている。,介護福祉士の信用を傷つける行為をしてはならない。,介護福祉士は、その業を辞した後は秘密保持義務が解除される。,介護福祉士国家試験に合格した日から、介護福祉士を名乗ることができる。,3,正解は選択肢3「介護福祉士の信用を傷つける行為をしてはならない。」である。介護福祉士には信用失墜行為の禁止、秘密保持など資格職としての義務がある。尊厳、自己決定、自立支援、安全確保を両立させ、介護福祉職の役割と限界を守る。,公益財団法人 社会福祉振興・試験センター 第37回（令和6年度）介護福祉士国家試験; 問題: https://www.sssc.or.jp/kaigo/past_exam/pdf/no37/listen_k_pm_37.html; 正答: https://www.sssc.or.jp/kaigo/past_exam/pdf/no37/k_kijun_seitou.pdf,,true
2025-37-066,2025,37,66,介護の基本,"Ａさん（75歳、女性）は、3か月前に、血管性認知症（vascular dementia）を発症し、軽度の左片麻痺｛ひだりかたまひ｝で杖歩行｛つえほこう｝となり、要介護3と認定された。Ａさんは、料理が大好きで、娘と一緒に食事を作ることを楽しみに生活していた。1か月前から認知症（dementia）が進行し、ユニット型介護老人福祉施設に入所した。Ａさんは夕方になると、「ご飯の支度をしないといけないから帰ります」と言いながら、興奮して歩き回る様子がみられるようになった。
Ａさんへの介護福祉職の対応として、最も適切なものを1つ選びなさい。",居室に鍵をかけて、自室で過ごしてもらう。,介護福祉職と一緒に、夕食の準備をしてもらう。,杖｛つえ｝を預かり、低めの丸椅子に座ってもらう。,介護福祉職の判断で、向精神薬を服用してもらう。,ここがＡさんの自宅であることを、理解してもらう。,2,正解は選択肢2「介護福祉職と一緒に、夕食の準備をしてもらう。」である。この選択肢は、介護福祉職の倫理と自立支援、安全確保の原則に合う。本人の希望だけでなく、権利擁護と専門職の責任も併せて判断する。尊厳、自己決定、自立支援、安全確保を両立させ、介護福祉職の役割と限界を守る。,公益財団法人 社会福祉振興・試験センター 第37回（令和6年度）介護福祉士国家試験; 問題: https://www.sssc.or.jp/kaigo/past_exam/pdf/no37/listen_k_pm_37.html; 正答: https://www.sssc.or.jp/kaigo/past_exam/pdf/no37/k_kijun_seitou.pdf,,true
2025-37-067,2025,37,67,介護の基本,"ＩＣＦ（International Classification of Functioning, Disability and Health：国際生活機能分類）における「参加」と「活動」の2つが関連した、認知症の人の支援に関する記述として、最も適切なものを1つ選びなさい。",若年性アルツハイマー型認知症（dementia of the Alzheimer’s type with early onset）があり、治療している。,認知症カフェに通い、体操をしている。,近所に住む長男が、買物を代行している。,自宅にある広い庭を、バリアフリー化している。,見当識障害があり、ＧＰＳ装置を身に着けている。,2,正解は選択肢2「認知症カフェに通い、体操をしている。」である。この選択肢は、介護福祉職の倫理と自立支援、安全確保の原則に合う。本人の希望だけでなく、権利擁護と専門職の責任も併せて判断する。尊厳、自己決定、自立支援、安全確保を両立させ、介護福祉職の役割と限界を守る。,公益財団法人 社会福祉振興・試験センター 第37回（令和6年度）介護福祉士国家試験; 問題: https://www.sssc.or.jp/kaigo/past_exam/pdf/no37/listen_k_pm_37.html; 正答: https://www.sssc.or.jp/kaigo/past_exam/pdf/no37/k_kijun_seitou.pdf,,true
2025-37-068,2025,37,68,介護の基本,次の記述のうち、介護保険制度における訪問介護員（ホームヘルパー）が行うサービス内容として、最も適切なものを1つ選びなさい。,利用者が大切にしている庭の植木に、水やりをする。,利用者が長年飼っている猫のペットフードを、購入してくる。,掃き掃除をする習慣のある利用者と一緒に、寝室をほうきで掃除する。,利用者と一緒に、近所のラーメン屋に行く。,利用者のクレジットカードを預かって、買物を代行する。,3,正解は選択肢3「掃き掃除をする習慣のある利用者と一緒に、寝室をほうきで掃除する。」である。この選択肢は、介護福祉職の倫理と自立支援、安全確保の原則に合う。本人の希望だけでなく、権利擁護と専門職の責任も併せて判断する。尊厳、自己決定、自立支援、安全確保を両立させ、介護福祉職の役割と限界を守る。法令・制度・金額・対象要件は改正されることがあるため、受験時点の最新情報も確認する。,公益財団法人 社会福祉振興・試験センター 第37回（令和6年度）介護福祉士国家試験; 問題: https://www.sssc.or.jp/kaigo/past_exam/pdf/no37/listen_k_pm_37.html; 正答: https://www.sssc.or.jp/kaigo/past_exam/pdf/no37/k_kijun_seitou.pdf,,true
2025-37-069,2025,37,69,介護の基本,次の記述のうち、介護従事者を守る法制度として、正しいものを1つ選びなさい。,労働安全衛生法では、年に1回以上の健康診断を行うことを義務づけている。,労働者災害補償保険法では、労働時間、賃金、休暇などの労働条件を定めている。,環境基本法では、快適な職場環境の形成の促進を定めている。,介護休業は、対象家族1名につき、毎年93日間を取得できる。,出生時育児休業は、子の出生後から8週間取得できる。,1,正解は選択肢1「労働安全衛生法では、年に1回以上の健康診断を行うことを義務づけている。」である。この選択肢は、介護福祉職の倫理と自立支援、安全確保の原則に合う。本人の希望だけでなく、権利擁護と専門職の責任も併せて判断する。尊厳、自己決定、自立支援、安全確保を両立させ、介護福祉職の役割と限界を守る。法令・制度・金額・対象要件は改正されることがあるため、受験時点の最新情報も確認する。,公益財団法人 社会福祉振興・試験センター 第37回（令和6年度）介護福祉士国家試験; 問題: https://www.sssc.or.jp/kaigo/past_exam/pdf/no37/listen_k_pm_37.html; 正答: https://www.sssc.or.jp/kaigo/past_exam/pdf/no37/k_kijun_seitou.pdf,,true
2025-37-070,2025,37,70,介護の基本,"Ｂさん（68歳、女性、要介護1）は、ヨーロッパで生まれ育ち、50歳のときに日本人と結婚した。65歳で夫と共に日本で暮らすようになったが、日本語は十分に理解できない。半年前に、脳梗塞（cerebral infarction）を起こし、利き手に麻痺｛まひ｝があり、立ち上がりも不安定である。現在は、介護老人保健施設に入所し、在宅復帰へ向けたリハビリテーションを行っている。Ｂさんはこれまでの生活様式を守り、自宅で自分のペースで食事ができるようになりたいと希望している。
次の記述のうち、Ｂさんへの介護福祉職の対応として、最も適切なものを1つ選びなさい。",入所中は母語を使わずに、日本語を話すように伝える。,居室の床に布団を敷いて、寝起きができるようにする。,自分で食事ができるように、自助具の使用状況を確認する。,ほかの利用者と同じ時間に食べ終えるように伝える。,日本の生活に合わせるように、余暇活動の内容は介護福祉職が判断する。,3,正解は選択肢3「自分で食事ができるように、自助具の使用状況を確認する。」である。介護老人保健施設は、在宅復帰を目指して医学的管理の下でリハビリテーションや介護を提供する。実施前に本人の状態や環境を確認し、得られた情報に基づいて次の対応を選ぶ。尊厳、自己決定、自立支援、安全確保を両立させ、介護福祉職の役割と限界を守る。,公益財団法人 社会福祉振興・試験センター 第37回（令和6年度）介護福祉士国家試験; 問題: https://www.sssc.or.jp/kaigo/past_exam/pdf/no37/listen_k_pm_37.html; 正答: https://www.sssc.or.jp/kaigo/past_exam/pdf/no37/k_kijun_seitou.pdf,,true
2025-37-071,2025,37,71,介護の基本,次の記述のうち、チームアプローチに関するものとして、適切なものを1つ選びなさい。,介護福祉職が利用者のところに行って、相談、支援を行う。,障害者が、地域の資源を活用して、共生社会の実現を目指す。,複数の専門職が共通の目標に向かって協働し、課題解決に取り組む。,利用者に代わって、専門職がサービスを決定する。,当事者が集まって体験談を話し、共に支えあう。,3,正解は選択肢3「複数の専門職が共通の目標に向かって協働し、課題解決に取り組む。」である。この選択肢は、介護福祉職の倫理と自立支援、安全確保の原則に合う。本人の希望だけでなく、権利擁護と専門職の責任も併せて判断する。尊厳、自己決定、自立支援、安全確保を両立させ、介護福祉職の役割と限界を守る。,公益財団法人 社会福祉振興・試験センター 第37回（令和6年度）介護福祉士国家試験; 問題: https://www.sssc.or.jp/kaigo/past_exam/pdf/no37/listen_k_pm_37.html; 正答: https://www.sssc.or.jp/kaigo/past_exam/pdf/no37/k_kijun_seitou.pdf,,true
2025-37-072,2025,37,72,介護の基本,介護保険施設における防災対策に関する次の記述のうち、最も適切なものを1つ選びなさい。,介護福祉士は、災害派遣福祉チームで活動することが義務づけられている。,介護福祉士は、防災スキル向上のために、防災士の資格取得が義務づけられている。,災害対策基本法に基づき、個別避難計画の作成が施設長に義務づけられている。,一般的に、飲料水と非常食は1日分の備蓄が義務づけられている。,災害時等に備えて、業務継続計画（ＢＣＰ：Business Continuity Plan）の策定が義務づけられている。,5,正解は選択肢5「災害時等に備えて、業務継続計画（ＢＣＰ：Business Continuity Plan）の策定が義務づけられている。」である。この選択肢は、介護福祉職の倫理と自立支援、安全確保の原則に合う。本人の希望だけでなく、権利擁護と専門職の責任も併せて判断する。尊厳、自己決定、自立支援、安全確保を両立させ、介護福祉職の役割と限界を守る。法令・制度・金額・対象要件は改正されることがあるため、受験時点の最新情報も確認する。,公益財団法人 社会福祉振興・試験センター 第37回（令和6年度）介護福祉士国家試験; 問題: https://www.sssc.or.jp/kaigo/past_exam/pdf/no37/listen_k_pm_37.html; 正答: https://www.sssc.or.jp/kaigo/past_exam/pdf/no37/k_kijun_seitou.pdf,,true
2025-37-073,2025,37,73,介護の基本,次のうち、結核（tuberculosis）の予防対策に該当するものとして、最も適切なものを1つ選びなさい。,便座のアルコール消毒,肺炎球菌ワクチンの接種,紫外線を避けた生活,年に1回の胸部Ｘ線検査,50℃以上の温水によるリネン類の洗濯,4,正解は選択肢4「年に1回の胸部Ｘ線検査」である。この選択肢は、介護福祉職の倫理と自立支援、安全確保の原則に合う。本人の希望だけでなく、権利擁護と専門職の責任も併せて判断する。尊厳、自己決定、自立支援、安全確保を両立させ、介護福祉職の役割と限界を守る。,公益財団法人 社会福祉振興・試験センター 第37回（令和6年度）介護福祉士国家試験; 問題: https://www.sssc.or.jp/kaigo/past_exam/pdf/no37/listen_k_pm_37.html; 正答: https://www.sssc.or.jp/kaigo/past_exam/pdf/no37/k_kijun_seitou.pdf,,true
2025-37-074,2025,37,74,コミュニケーション技術,次の記述のうち、利用者とのコミュニケーションの場面で用いる要約の技法として、適切なものを1つ選びなさい。,開かれた質問をして、利用者の気持ちを明らかにした。,共感しながら話を聞き、利用者の気持ちを受け止めた。,話の途中でうなずき、利用者の気持ちに同意した。,話の内容を総合的にまとめて返し、利用者の気持ちを整理した。,自己覚知を図り、利用者との人間関係の形成に努めた。,4,正解は選択肢4「話の内容を総合的にまとめて返し、利用者の気持ちを整理した。」である。この応答は、相手の感情と理解の仕方に合わせた双方向のコミュニケーションになっている。説得や評価を急ぐ選択肢は避ける。まず受容・共感して本人のペースを守り、障害特性に応じた伝達方法を選ぶ。,公益財団法人 社会福祉振興・試験センター 第37回（令和6年度）介護福祉士国家試験; 問題: https://www.sssc.or.jp/kaigo/past_exam/pdf/no37/listen_k_pm_37.html; 正答: https://www.sssc.or.jp/kaigo/past_exam/pdf/no37/k_kijun_seitou.pdf,,true
2025-37-075,2025,37,75,コミュニケーション技術,次の記述のうち、利用者と家族の意向が異なるとき、家族とのコミュニケーションにおいて介護福祉職が留意すべき点として、適切なものを1つ選びなさい。,家族に支援方針を決めてもらう。,家族を通して利用者の意向を聴き取る。,家族と話す機会を別に設ける。,家族にカウンセリングを行うことを意識する。,家族を説得する。,3,正解は選択肢3「家族と話す機会を別に設ける。」である。この応答は、相手の感情と理解の仕方に合わせた双方向のコミュニケーションになっている。説得や評価を急ぐ選択肢は避ける。まず受容・共感して本人のペースを守り、障害特性に応じた伝達方法を選ぶ。,公益財団法人 社会福祉振興・試験センター 第37回（令和6年度）介護福祉士国家試験; 問題: https://www.sssc.or.jp/kaigo/past_exam/pdf/no37/listen_k_pm_37.html; 正答: https://www.sssc.or.jp/kaigo/past_exam/pdf/no37/k_kijun_seitou.pdf,,true
2025-37-076,2025,37,76,コミュニケーション技術,"Ａさん（80歳、男性、要介護3）は、介護老人福祉施設に入所している。アルツハイマー型認知症（dementia of the Alzheimer’s type）が進行している。ある日の昼食時、介護福祉職がＡさんに配膳すると、「お金はこれしかありません。足りますか」と小さくたたまれたティッシュペーパーを渡してきた。
このときのＡさんに対する介護福祉職の対応として、最も適切なものを1つ選びなさい。",ティッシュペーパーは、口の周りが汚れたら拭くものだと伝える。,ティッシュペーパーが不足しているサインとして受け止める。,飲食店での会計の場面であると認識して対応する。,食事に集中するように促す。,小遣いの増額を家族に相談する。,3,正解は選択肢3「飲食店での会計の場面であると認識して対応する。」である。この応答は、相手の感情と理解の仕方に合わせた双方向のコミュニケーションになっている。説得や評価を急ぐ選択肢は避ける。まず受容・共感して本人のペースを守り、障害特性に応じた伝達方法を選ぶ。,公益財団法人 社会福祉振興・試験センター 第37回（令和6年度）介護福祉士国家試験; 問題: https://www.sssc.or.jp/kaigo/past_exam/pdf/no37/listen_k_pm_37.html; 正答: https://www.sssc.or.jp/kaigo/past_exam/pdf/no37/k_kijun_seitou.pdf,,true
2025-37-077,2025,37,77,コミュニケーション技術,"構音障害のあるＢさんは、現在発語訓練を実施中である。ある日、介護福祉職に対して、「おあんで、あつがおごれた」と訴えた。介護福祉職は、Ｂさんの発語をうまく聞き取れず、「もう一度、言ってください」と伝えた。Ｂさんは、自身の発語で会話を続けようとしているが、介護福祉職には、その内容を十分に理解することができなかった。
このときの、Ｂさんに対する介護福祉職の判断として、最も適切なものを1つ選びなさい。",Ｂさんは言葉の意味の理解に支障があるため、会話の継続は困難である。,発音が苦手なため、短い言葉でゆっくり話してもらう必要がある。,話す意欲があるため、開かれた質問が有効である。,発語訓練の効果がみられないため、訓練を中止する必要がある。,Ｂさんの言葉が聞き取れないため、会話を中断する必要がある。,2,正解は選択肢2「発音が苦手なため、短い言葉でゆっくり話してもらう必要がある。」である。この応答は、相手の感情と理解の仕方に合わせた双方向のコミュニケーションになっている。説得や評価を急ぐ選択肢は避ける。まず受容・共感して本人のペースを守り、障害特性に応じた伝達方法を選ぶ。,公益財団法人 社会福祉振興・試験センター 第37回（令和6年度）介護福祉士国家試験; 問題: https://www.sssc.or.jp/kaigo/past_exam/pdf/no37/listen_k_pm_37.html; 正答: https://www.sssc.or.jp/kaigo/past_exam/pdf/no37/k_kijun_seitou.pdf,,true
2025-37-078,2025,37,78,コミュニケーション技術,"Ｃさん（55歳、男性）は、知的障害がある。3か月前に、施設から居宅での一人暮らしに移行し、現在は、居宅介護（ホームヘルプサービス）を利用しながら生活している。ある日、Ｃさんが、「ゴミ、分けて捨てるの、難しいよ」と言うので、室内に分別収集の説明書を貼って、カレンダーに収集日を書くことにした。そして、介護福祉職は、「この説明書とカレンダーを見て、捨てるといいですよ」とＣさんに伝えた。その後、Ｃさんは努力していたが、分別できなかったゴミが少しずつ増えていった。
次のうち、Ｃさんにかける介護福祉職の最初の言葉として、最も適切なものを1つ選びなさい。",「ゴミでいっぱいになる前に、適切に捨てられるようになりましょう」,「説明書とカレンダーをよく見てください」,「ゴミが増えてきて、気持ち悪いですね」,「がんばっていれば、上手にできるようになりますよ」,「ゴミ捨ては難しいですよね。できることをいっしょに考えましょう」,5,正解は選択肢5「「ゴミ捨ては難しいですよね。できることをいっしょに考えましょう」」である。この応答は、相手の感情と理解の仕方に合わせた双方向のコミュニケーションになっている。説得や評価を急ぐ選択肢は避ける。まず受容・共感して本人のペースを守り、障害特性に応じた伝達方法を選ぶ。,公益財団法人 社会福祉振興・試験センター 第37回（令和6年度）介護福祉士国家試験; 問題: https://www.sssc.or.jp/kaigo/past_exam/pdf/no37/listen_k_pm_37.html; 正答: https://www.sssc.or.jp/kaigo/past_exam/pdf/no37/k_kijun_seitou.pdf,,true
2025-37-079,2025,37,79,コミュニケーション技術,介護保険サービスにおける記録に関する次の記述のうち、最も適切なものを1つ選びなさい。,記録に含まれないものとして食事チェック表がある。,介護記録は介護福祉職の意見を中心に記録する。,調査・研究目的で記録を利用することは避ける。,主観的情報と客観的事実は区別しないで記録する。,利用者は記録の閲覧を請求することができる。,5,正解は選択肢5「利用者は記録の閲覧を請求することができる。」である。この応答は、相手の感情と理解の仕方に合わせた双方向のコミュニケーションになっている。説得や評価を急ぐ選択肢は避ける。まず受容・共感して本人のペースを守り、障害特性に応じた伝達方法を選ぶ。法令・制度・金額・対象要件は改正されることがあるため、受験時点の最新情報も確認する。,公益財団法人 社会福祉振興・試験センター 第37回（令和6年度）介護福祉士国家試験; 問題: https://www.sssc.or.jp/kaigo/past_exam/pdf/no37/listen_k_pm_37.html; 正答: https://www.sssc.or.jp/kaigo/past_exam/pdf/no37/k_kijun_seitou.pdf,,true
2025-37-080,2025,37,80,生活支援技術,高齢者に配慮した居室環境に関する次の記述のうち、最も適切なものを1つ選びなさい。,夏は高齢者が発汗してから冷房を使用する。,暖房を使用するときは除湿機を併用する。,冷房を使用するときは換気を控える。,温度は介護福祉職の感覚で調整する。,冬はトイレの温度を居室の温度に近づける。,5,正解は選択肢5「冬はトイレの温度を居室の温度に近づける。」である。この方法は、動作の安定性と本人が持つ力を生かす点で適切である。介助者がすべて行う方法や、不自然な姿勢・動線になる方法は避ける。本人の残存能力を生かし、安定した姿勢、動作の順序、福祉用具、環境調整によって安全と自立を支える。,公益財団法人 社会福祉振興・試験センター 第37回（令和6年度）介護福祉士国家試験; 問題: https://www.sssc.or.jp/kaigo/past_exam/pdf/no37/listen_k_pm_37.html; 正答: https://www.sssc.or.jp/kaigo/past_exam/pdf/no37/k_kijun_seitou.pdf,,true
2025-37-081,2025,37,81,生活支援技術,次の記述のうち、介護の現場において、レクリエーション活動で実施するアイスブレーキングの効果として、最も適切なものを1つ選びなさい。,参加者の緊張感を軽減することができる。,活動内容を毎回固定して実施することができる。,介護福祉職の負担を軽減することができる。,利用者の参加を義務づけることができる。,勝敗を楽しむことができる。,1,正解は選択肢1「参加者の緊張感を軽減することができる。」である。この方法は、動作の安定性と本人が持つ力を生かす点で適切である。介助者がすべて行う方法や、不自然な姿勢・動線になる方法は避ける。本人の残存能力を生かし、安定した姿勢、動作の順序、福祉用具、環境調整によって安全と自立を支える。,公益財団法人 社会福祉振興・試験センター 第37回（令和6年度）介護福祉士国家試験; 問題: https://www.sssc.or.jp/kaigo/past_exam/pdf/no37/listen_k_pm_37.html; 正答: https://www.sssc.or.jp/kaigo/past_exam/pdf/no37/k_kijun_seitou.pdf,,true
2025-37-082,2025,37,82,生活支援技術,次の記述のうち、介護福祉職が行う身じたく・整容の介護として、最も適切なものを1つ選びなさい。,ベッド上で行う口腔｛こうくう｝ケアは、ガーグルベースンを用いる。,総義歯の洗浄は、歯みがき剤を用いる。,耳垢｛じこう｝の除去は、ピンセットを用いる。,ベッド上で行う洗顔は、冷水に浸して絞ったタオルを用いる。,浴室で行う洗髪は、ドライシャンプーを用いる。,1,正解は選択肢1「ベッド上で行う口腔｛こうくう｝ケアは、ガーグルベースンを用いる。」である。この方法は、動作の安定性と本人が持つ力を生かす点で適切である。介助者がすべて行う方法や、不自然な姿勢・動線になる方法は避ける。本人の残存能力を生かし、安定した姿勢、動作の順序、福祉用具、環境調整によって安全と自立を支える。,公益財団法人 社会福祉振興・試験センター 第37回（令和6年度）介護福祉士国家試験; 問題: https://www.sssc.or.jp/kaigo/past_exam/pdf/no37/listen_k_pm_37.html; 正答: https://www.sssc.or.jp/kaigo/past_exam/pdf/no37/k_kijun_seitou.pdf,,true
2025-37-083,2025,37,83,生活支援技術,次の記述のうち、障害のある人への事故防止の対応として、最も適切なものを1つ選びなさい。,パーキンソン病（Parkinson disease）の人には、低めのベッドを用意する。,認知症（dementia）の人には、ガスコンロを用意する。,在宅酸素療法中の人のそばでは、喫煙しない。,視覚障害のある人には、洗体用に頭受け台を用意する。,聴覚障害のある人には、補高便座を用意する。,3,正解は選択肢3「在宅酸素療法中の人のそばでは、喫煙しない。」である。この方法は、動作の安定性と本人が持つ力を生かす点で適切である。介助者がすべて行う方法や、不自然な姿勢・動線になる方法は避ける。本人の残存能力を生かし、安定した姿勢、動作の順序、福祉用具、環境調整によって安全と自立を支える。,公益財団法人 社会福祉振興・試験センター 第37回（令和6年度）介護福祉士国家試験; 問題: https://www.sssc.or.jp/kaigo/past_exam/pdf/no37/listen_k_pm_37.html; 正答: https://www.sssc.or.jp/kaigo/past_exam/pdf/no37/k_kijun_seitou.pdf,,true
2025-37-084,2025,37,84,生活支援技術,次のうち、右片麻痺｛みぎかたまひ｝の利用者が多点杖｛たてんづえ｝を使用して3動作歩行を開始するときに、介護福祉職が行う説明として、適切なものを1つ選びなさい。,「杖｛つえ｝、右足、左足の順で歩きましょう」,「杖｛つえ｝、左足、右足の順で歩きましょう」,「右足、左足、杖｛つえ｝の順で歩きましょう」,「左足、杖｛つえ｝、右足の順で歩きましょう」,「左足、右足、杖｛つえ｝の順で歩きましょう」,1,正解は選択肢1「「杖｛つえ｝、右足、左足の順で歩きましょう」」である。この方法は、動作の安定性と本人が持つ力を生かす点で適切である。介助者がすべて行う方法や、不自然な姿勢・動線になる方法は避ける。本人の残存能力を生かし、安定した姿勢、動作の順序、福祉用具、環境調整によって安全と自立を支える。,公益財団法人 社会福祉振興・試験センター 第37回（令和6年度）介護福祉士国家試験; 問題: https://www.sssc.or.jp/kaigo/past_exam/pdf/no37/listen_k_pm_37.html; 正答: https://www.sssc.or.jp/kaigo/past_exam/pdf/no37/k_kijun_seitou.pdf,,true
2025-37-085,2025,37,85,生活支援技術,ノーリフティングケアに関する次の記述のうち、最も適切なものを1つ選びなさい。,仰臥位｛ぎょうがい｝（背臥位｛はいがい｝）の利用者を抱え上げて、端座位にする。,仰臥位｛ぎょうがい｝（背臥位｛はいがい｝）の利用者を手前に引きよせて、ストレッチャーに移乗する。,端座位の利用者の体幹を抱きかかえて、車いすに移乗する。,端座位の利用者にスライディングボードを使用して、車いすに移乗する。,立位が困難な端座位の利用者に回転移動盤を使用して、車いすに移乗する。,4,正解は選択肢4「端座位の利用者にスライディングボードを使用して、車いすに移乗する。」である。この方法は、動作の安定性と本人が持つ力を生かす点で適切である。介助者がすべて行う方法や、不自然な姿勢・動線になる方法は避ける。本人の残存能力を生かし、安定した姿勢、動作の順序、福祉用具、環境調整によって安全と自立を支える。,公益財団法人 社会福祉振興・試験センター 第37回（令和6年度）介護福祉士国家試験; 問題: https://www.sssc.or.jp/kaigo/past_exam/pdf/no37/listen_k_pm_37.html; 正答: https://www.sssc.or.jp/kaigo/past_exam/pdf/no37/k_kijun_seitou.pdf,,true
2025-37-086,2025,37,86,生活支援技術,次の記述のうち、左片麻痺｛ひだりかたまひ｝の利用者を右側臥位｛みぎそくがい｝から端座位にするときの介護として、最も適切なものを1つ選びなさい。,利用者に左手でベッド柵をつかむように伝える。,利用者に右肘を支点にして上体を起こしてもらう。,利用者の右脚をベッドから下ろす。,利用者の頸部｛けいぶ｝を支えて上体を起こす。,端座位の利用者の右側に立って上体を支える。,2,正解は選択肢2「利用者に右肘を支点にして上体を起こしてもらう。」である。この方法は、動作の安定性と本人が持つ力を生かす点で適切である。介助者がすべて行う方法や、不自然な姿勢・動線になる方法は避ける。本人の残存能力を生かし、安定した姿勢、動作の順序、福祉用具、環境調整によって安全と自立を支える。,公益財団法人 社会福祉振興・試験センター 第37回（令和6年度）介護福祉士国家試験; 問題: https://www.sssc.or.jp/kaigo/past_exam/pdf/no37/listen_k_pm_37.html; 正答: https://www.sssc.or.jp/kaigo/past_exam/pdf/no37/k_kijun_seitou.pdf,,true
2025-37-087,2025,37,87,生活支援技術,口腔｛こうくう｝ケアに関する次の記述のうち、最も適切なものを1つ選びなさい。,うがいは、顔貌を整える。,歯みがきは、感染予防になる。,口腔内｛こうくうない｝の乾燥は、口臭を予防する。,唾液腺マッサージは、唾液の分泌を抑える。,咀嚼機能｛そしゃくきのう｝の向上のために、タッピングを行う。,2,正解は選択肢2「歯みがきは、感染予防になる。」である。この方法は、動作の安定性と本人が持つ力を生かす点で適切である。介助者がすべて行う方法や、不自然な姿勢・動線になる方法は避ける。本人の残存能力を生かし、安定した姿勢、動作の順序、福祉用具、環境調整によって安全と自立を支える。,公益財団法人 社会福祉振興・試験センター 第37回（令和6年度）介護福祉士国家試験; 問題: https://www.sssc.or.jp/kaigo/past_exam/pdf/no37/listen_k_pm_37.html; 正答: https://www.sssc.or.jp/kaigo/past_exam/pdf/no37/k_kijun_seitou.pdf,,true
2025-37-088,2025,37,88,生活支援技術,次の記述のうち、口腔｛こうくう｝ケアを実施するときの留意点として、最も適切なものを1つ選びなさい。,実施中は、利用者に顎を上げた姿勢をとってもらう。,総義歯は、上顎から下顎の順に外してもらう。,歯みがきの前に、うがいを行ってもらう。,歯ブラシは、大きく動かして磨いてもらう。,舌ブラシは、舌先から咽頭に向かって動かしてもらう。,3,正解は選択肢3「歯みがきの前に、うがいを行ってもらう。」である。この方法は、動作の安定性と本人が持つ力を生かす点で適切である。介助者がすべて行う方法や、不自然な姿勢・動線になる方法は避ける。本人の残存能力を生かし、安定した姿勢、動作の順序、福祉用具、環境調整によって安全と自立を支える。,公益財団法人 社会福祉振興・試験センター 第37回（令和6年度）介護福祉士国家試験; 問題: https://www.sssc.or.jp/kaigo/past_exam/pdf/no37/listen_k_pm_37.html; 正答: https://www.sssc.or.jp/kaigo/past_exam/pdf/no37/k_kijun_seitou.pdf,,true
2025-37-089,2025,37,89,生活支援技術,次の記述のうち、介護が必要な人への熱中症対策のために、介護福祉職が行う水分補給の対応として、最も適切なものを1つ選びなさい。,のどが渇いてから、水分を取るように伝える。,水でむせるときは、ゼリーの提供を控える。,起床時は、水分摂取を控えるように伝える。,食事のときの水分は、一日の水分摂取量から除く。,汗の量が多いときは、塩分を含んだ飲み物を勧める。,5,正解は選択肢5「汗の量が多いときは、塩分を含んだ飲み物を勧める。」である。一律に代行せず、本人が安全にできる方法を示して自己決定と残存能力を支える。本人の残存能力を生かし、安定した姿勢、動作の順序、福祉用具、環境調整によって安全と自立を支える。,公益財団法人 社会福祉振興・試験センター 第37回（令和6年度）介護福祉士国家試験; 問題: https://www.sssc.or.jp/kaigo/past_exam/pdf/no37/listen_k_pm_37.html; 正答: https://www.sssc.or.jp/kaigo/past_exam/pdf/no37/k_kijun_seitou.pdf,,true
2025-37-090,2025,37,90,生活支援技術,"Ａさん（75歳、男性）は、1年前に前頭側頭型認知症（frontotemporal dementia）と診断され、現在は、認知症対応型共同生活介護（認知症高齢者グループホーム）に入居している。若い頃から食べることが好きである。現在、咀嚼｛そしゃく｝や嚥下機能｛えんげきのう｝の低下はなく、スプーンを使い、自分で食べている。最近、飲み込む前に次々と食べ物を口に入れることが増えた。
次の記述のうち、Ａさんの現在の状態に合わせた食事の介護として、最も適切なものを1つ選びなさい。",取っ手つきのコップを準備する。,食器に少量ずつ盛りつけて提供する。,すべての料理をテーブルの上に並べる。,大きなスプーンに変更する。,手で持って食べられる物を準備する。,2,正解は選択肢2「食器に少量ずつ盛りつけて提供する。」である。この方法は、動作の安定性と本人が持つ力を生かす点で適切である。介助者がすべて行う方法や、不自然な姿勢・動線になる方法は避ける。本人の残存能力を生かし、安定した姿勢、動作の順序、福祉用具、環境調整によって安全と自立を支える。,公益財団法人 社会福祉振興・試験センター 第37回（令和6年度）介護福祉士国家試験; 問題: https://www.sssc.or.jp/kaigo/past_exam/pdf/no37/listen_k_pm_37.html; 正答: https://www.sssc.or.jp/kaigo/past_exam/pdf/no37/k_kijun_seitou.pdf,,true
2025-37-091,2025,37,91,生活支援技術,次の記述のうち、パーキンソン病（Parkinson disease）で上肢の震えはあるが、自力摂取が可能な利用者の食事の介護として、最も適切なものを1つ選びなさい。,食事後に口腔内｛こうくうない｝のアイスマッサージを行う。,片側の縁が高くなっている皿を準備する。,上半身を後ろに20度程度倒すように伝える。,食器の置いてある位置を説明する。,踵｛かかと｝を床から浮かすように伝える。,2,正解は選択肢2「片側の縁が高くなっている皿を準備する。」である。この方法は、動作の安定性と本人が持つ力を生かす点で適切である。介助者がすべて行う方法や、不自然な姿勢・動線になる方法は避ける。本人の残存能力を生かし、安定した姿勢、動作の順序、福祉用具、環境調整によって安全と自立を支える。,公益財団法人 社会福祉振興・試験センター 第37回（令和6年度）介護福祉士国家試験; 問題: https://www.sssc.or.jp/kaigo/past_exam/pdf/no37/listen_k_pm_37.html; 正答: https://www.sssc.or.jp/kaigo/past_exam/pdf/no37/k_kijun_seitou.pdf,,true
2025-37-092,2025,37,92,生活支援技術,次の記述のうち、入浴の作用を生かした、高齢者への入浴の介護として、最も適切なものを1つ選びなさい。,食事は、入浴直前に摂取する。,高血圧の人には、42℃以上の湯につかってもらう。,浴槽の中では、関節運動を促す。,心疾患（heart disease）のある人には、肩まで湯につかってもらう。,個浴の浴槽内では、足を浮かせてもらう。,3,正解は選択肢3「浴槽の中では、関節運動を促す。」である。一律に代行せず、本人が安全にできる方法を示して自己決定と残存能力を支える。本人の残存能力を生かし、安定した姿勢、動作の順序、福祉用具、環境調整によって安全と自立を支える。,公益財団法人 社会福祉振興・試験センター 第37回（令和6年度）介護福祉士国家試験; 問題: https://www.sssc.or.jp/kaigo/past_exam/pdf/no37/listen_k_pm_37.html; 正答: https://www.sssc.or.jp/kaigo/past_exam/pdf/no37/k_kijun_seitou.pdf,,true
2025-37-093,2025,37,93,生活支援技術,次の記述のうち、下肢筋力が低下して介護を必要とする人の入浴に適した環境として、最も適切なものを1つ選びなさい。,浴室の入口は開き戸にする。,床から浴槽の縁までの高さは20cmにする。,縦に長く、浅めの洋式の浴槽にする。,浴槽の縁の幅は20cmにする。,浴槽への出入りのために、水平および垂直の手すりを設置する。,5,正解は選択肢5「浴槽への出入りのために、水平および垂直の手すりを設置する。」である。この方法は、動作の安定性と本人が持つ力を生かす点で適切である。介助者がすべて行う方法や、不自然な姿勢・動線になる方法は避ける。本人の残存能力を生かし、安定した姿勢、動作の順序、福祉用具、環境調整によって安全と自立を支える。,公益財団法人 社会福祉振興・試験センター 第37回（令和6年度）介護福祉士国家試験; 問題: https://www.sssc.or.jp/kaigo/past_exam/pdf/no37/listen_k_pm_37.html; 正答: https://www.sssc.or.jp/kaigo/past_exam/pdf/no37/k_kijun_seitou.pdf,,true
2025-37-094,2025,37,94,生活支援技術,次の記述のうち、体調不良で入浴できない片麻痺｛かたまひ｝の利用者に対して、ベッド上で行う全身清拭の方法として、最も適切なものを1つ選びなさい。,清拭時は、窓を開けて行う。,洗面器には、40℃程度のお湯を準備する。,最初に、腹部から清拭する。,背部は、患側を下にした側臥位｛そくがい｝にして拭く。,蒸しタオルで拭いた後は、乾いたタオルで水分を拭き取る。,5,正解は選択肢5「蒸しタオルで拭いた後は、乾いたタオルで水分を拭き取る。」である。この方法は、動作の安定性と本人が持つ力を生かす点で適切である。介助者がすべて行う方法や、不自然な姿勢・動線になる方法は避ける。本人の残存能力を生かし、安定した姿勢、動作の順序、福祉用具、環境調整によって安全と自立を支える。,公益財団法人 社会福祉振興・試験センター 第37回（令和6年度）介護福祉士国家試験; 問題: https://www.sssc.or.jp/kaigo/past_exam/pdf/no37/listen_k_pm_37.html; 正答: https://www.sssc.or.jp/kaigo/past_exam/pdf/no37/k_kijun_seitou.pdf,,true
2025-37-095,2025,37,95,生活支援技術,次のうち、同居の高齢者におむつを使用する家族介護者に対する、介護福祉職の説明として、最も適切なものを1つ選びなさい。,「使用する本人の羞恥心に気を配りましょう」,「尿失禁を防ぐことができます」,「尿量を気にせずに、1日中同じおむつを使うことができます」,「おむつを着けると、安心して排泄｛はいせつ｝ができます」,「家族の都合に合わせて、おむつを使いましょう」,1,正解は選択肢1「「使用する本人の羞恥心に気を配りましょう」」である。この方法は、動作の安定性と本人が持つ力を生かす点で適切である。介助者がすべて行う方法や、不自然な姿勢・動線になる方法は避ける。本人の残存能力を生かし、安定した姿勢、動作の順序、福祉用具、環境調整によって安全と自立を支える。,公益財団法人 社会福祉振興・試験センター 第37回（令和6年度）介護福祉士国家試験; 問題: https://www.sssc.or.jp/kaigo/past_exam/pdf/no37/listen_k_pm_37.html; 正答: https://www.sssc.or.jp/kaigo/past_exam/pdf/no37/k_kijun_seitou.pdf,,true
2025-37-096,2025,37,96,生活支援技術,次の記述のうち、ポータブルトイレを使用するときの排泄｛はいせつ｝の介護として、最も適切なものを1つ選びなさい。,ポータブルトイレの下に新聞紙を敷く。,ベッドで臥床｛がしょう｝している状態で、ズボンや下着をおろす。,ポータブルトイレには、前かがみになって座ってもらう。,排泄｛はいせつ｝が終わるまで、ポータブルトイレの後ろに立って待つ。,排泄後｛はいせつご｝の陰部の清拭は、ベッドの上で行う。,3,正解は選択肢3「ポータブルトイレには、前かがみになって座ってもらう。」である。夜間にトイレまで間に合わない場合、ベッド近くのポータブルトイレは移動距離を短くし転倒と失禁を防ぎやすい。本人の残存能力を生かし、安定した姿勢、動作の順序、福祉用具、環境調整によって安全と自立を支える。,公益財団法人 社会福祉振興・試験センター 第37回（令和6年度）介護福祉士国家試験; 問題: https://www.sssc.or.jp/kaigo/past_exam/pdf/no37/listen_k_pm_37.html; 正答: https://www.sssc.or.jp/kaigo/past_exam/pdf/no37/k_kijun_seitou.pdf,,true
2025-37-097,2025,37,97,生活支援技術,次の記述のうち、介護福祉職が行うことのできる、坐薬｛ざやく｝（座薬）を用いた介護として、最も適切なものを1つ選びなさい。,膣｛ちつ｝から挿入する坐薬｛ざやく｝（座薬）が扱える。,坐薬｛ざやく｝（座薬）は、あたたかな場所で保管する。,坐薬｛ざやく｝（座薬）は、とがっていない方から挿入する。,腹部に力を入れるよう促しながら、坐薬｛ざやく｝（座薬）を挿入する。,下剤以外の坐薬｛ざやく｝（座薬）挿入は、先に排泄｛はいせつ｝を済ませてから行う。,5,正解は選択肢5「下剤以外の坐薬｛ざやく｝（座薬）挿入は、先に排泄｛はいせつ｝を済ませてから行う。」である。この方法は、動作の安定性と本人が持つ力を生かす点で適切である。介助者がすべて行う方法や、不自然な姿勢・動線になる方法は避ける。本人の残存能力を生かし、安定した姿勢、動作の順序、福祉用具、環境調整によって安全と自立を支える。,公益財団法人 社会福祉振興・試験センター 第37回（令和6年度）介護福祉士国家試験; 問題: https://www.sssc.or.jp/kaigo/past_exam/pdf/no37/listen_k_pm_37.html; 正答: https://www.sssc.or.jp/kaigo/past_exam/pdf/no37/k_kijun_seitou.pdf,,true
2025-37-098,2025,37,98,生活支援技術,次の記述のうち、調理における基本調味料の効果や使い方として、適切なものを1つ選びなさい。,砂糖は、塩より先に入れると、食物に甘みが浸透しやすくなる。,塩は、食物のうま味を増し、照りを出す。,酢は、食物の水分を引き出し、保存性を高める。,しょうゆは、食物のくさみを抜き、肉を柔らかくする。,みそは、味付けの最初に入れると、特有の香りが逃げない。,1,正解は選択肢1「砂糖は、塩より先に入れると、食物に甘みが浸透しやすくなる。」である。この方法は、動作の安定性と本人が持つ力を生かす点で適切である。介助者がすべて行う方法や、不自然な姿勢・動線になる方法は避ける。本人の残存能力を生かし、安定した姿勢、動作の順序、福祉用具、環境調整によって安全と自立を支える。,公益財団法人 社会福祉振興・試験センター 第37回（令和6年度）介護福祉士国家試験; 問題: https://www.sssc.or.jp/kaigo/past_exam/pdf/no37/listen_k_pm_37.html; 正答: https://www.sssc.or.jp/kaigo/past_exam/pdf/no37/k_kijun_seitou.pdf,,true
2025-37-099,2025,37,99,生活支援技術,食品の保存に関する次の記述のうち、最も適切なものを1つ選びなさい。,賞味期限の切れた未開封の缶詰は、すぐに廃棄する。,ウインナーには、消費期限が記載されている。,前日調理して常温保存した肉入りカレーは、再加熱する。,りんごを冷蔵庫で保存するときは、ビニール袋に入れて密封する。,冷凍食品は、一度解凍しても再冷凍すれば長期間の保存が可能である。,4,正解は選択肢4「りんごを冷蔵庫で保存するときは、ビニール袋に入れて密封する。」である。この方法は、動作の安定性と本人が持つ力を生かす点で適切である。介助者がすべて行う方法や、不自然な姿勢・動線になる方法は避ける。本人の残存能力を生かし、安定した姿勢、動作の順序、福祉用具、環境調整によって安全と自立を支える。,公益財団法人 社会福祉振興・試験センター 第37回（令和6年度）介護福祉士国家試験; 問題: https://www.sssc.or.jp/kaigo/past_exam/pdf/no37/listen_k_pm_37.html; 正答: https://www.sssc.or.jp/kaigo/past_exam/pdf/no37/k_kijun_seitou.pdf,,true
2025-37-100,2025,37,100,生活支援技術,次の記述のうち、衣類の保管方法として、適切なものを1つ選びなさい。,衣装ケースで保管するときは、たたんだ衣類の下に防虫剤を入れる。,ドライクリーニング後の衣類は、ビニールを外さずに保管する。,汚れのひどい衣類は、介護福祉職の判断で廃棄する。,湿気を含んだ衣類は、たたんで引き出しに保管する。,絹製品は、タンスの上部に保管する。,5,正解は選択肢5「絹製品は、タンスの上部に保管する。」である。この方法は、動作の安定性と本人が持つ力を生かす点で適切である。介助者がすべて行う方法や、不自然な姿勢・動線になる方法は避ける。本人の残存能力を生かし、安定した姿勢、動作の順序、福祉用具、環境調整によって安全と自立を支える。,公益財団法人 社会福祉振興・試験センター 第37回（令和6年度）介護福祉士国家試験; 問題: https://www.sssc.or.jp/kaigo/past_exam/pdf/no37/listen_k_pm_37.html; 正答: https://www.sssc.or.jp/kaigo/past_exam/pdf/no37/k_kijun_seitou.pdf,,true
2025-37-101,2025,37,101,生活支援技術,次の記述のうち、介護の現場で行うベッドメイキングとして、最も適切なものを1つ選びなさい。,居室の窓は、閉めて行う。,キャスターのあるベッドは、ストッパーを外す。,シーツの中心線を、マットレスの端に合わせる。,シーツをマットレスの下に入れるときは、手掌を下にする。,シーツ交換は、両膝を伸ばしたままで行う。,4,正解は選択肢4「シーツをマットレスの下に入れるときは、手掌を下にする。」である。この方法は、動作の安定性と本人が持つ力を生かす点で適切である。介助者がすべて行う方法や、不自然な姿勢・動線になる方法は避ける。本人の残存能力を生かし、安定した姿勢、動作の順序、福祉用具、環境調整によって安全と自立を支える。,公益財団法人 社会福祉振興・試験センター 第37回（令和6年度）介護福祉士国家試験; 問題: https://www.sssc.or.jp/kaigo/past_exam/pdf/no37/listen_k_pm_37.html; 正答: https://www.sssc.or.jp/kaigo/past_exam/pdf/no37/k_kijun_seitou.pdf,,true
2025-37-102,2025,37,102,生活支援技術,"Ｂさん（90歳、女性、要介護3）は、アルツハイマー型認知症（dementia of the Alzheimer’s type）があり、介護老人福祉施設に入所している。テレビを見ることが好きで、日中はお茶を飲みながら、テレビを見て過ごすことが日課である。1週間前からＢさんは、夜中に目が覚めたり、3時ごろに起きたりと、不眠が続いている。2時間ほどしか寝ていない日もある。ある日、Ｂさんは、「昼間、眠くてしかたがない。からだがだるい」と介護福祉職に話した。
次の記述のうち、Ｂさんに安眠を促すための介護福祉職の対応として、最も適切なものを1つ選びなさい。",午前中、太陽の光を浴びることを勧める。,昼間眠いときは、1時間以上の昼寝を勧める。,夕食後、すぐに寝ることを勧める。,寝る前に、介護福祉職の判断で睡眠薬を勧める。,夜眠れないときは、居室でテレビを見ることを勧める。,1,正解は選択肢1「午前中、太陽の光を浴びることを勧める。」である。一律に代行せず、本人が安全にできる方法を示して自己決定と残存能力を支える。本人の残存能力を生かし、安定した姿勢、動作の順序、福祉用具、環境調整によって安全と自立を支える。,公益財団法人 社会福祉振興・試験センター 第37回（令和6年度）介護福祉士国家試験; 問題: https://www.sssc.or.jp/kaigo/past_exam/pdf/no37/listen_k_pm_37.html; 正答: https://www.sssc.or.jp/kaigo/past_exam/pdf/no37/k_kijun_seitou.pdf,,true
2025-37-103,2025,37,103,生活支援技術,終末期の介護に関する次の記述のうち、最も適切なものを1つ選びなさい。,決まった時間に食事を提供する。,部屋の換気は控えるようにする。,無反応のときは無言で静かに介護を行う。,呼吸困難時は、顎を下げて頭部を前屈させた仰臥位｛ぎょうがい｝（背臥位｛はいがい｝）にする。,せん妄によって話のつじつまが合わないときは、否定せずに受け止める。,5,正解は選択肢5「せん妄によって話のつじつまが合わないときは、否定せずに受け止める。」である。せん妄は急に発症して症状が変動しやすく、感染、脱水、薬剤、環境変化などが誘因になる。本人の残存能力を生かし、安定した姿勢、動作の順序、福祉用具、環境調整によって安全と自立を支える。,公益財団法人 社会福祉振興・試験センター 第37回（令和6年度）介護福祉士国家試験; 問題: https://www.sssc.or.jp/kaigo/past_exam/pdf/no37/listen_k_pm_37.html; 正答: https://www.sssc.or.jp/kaigo/past_exam/pdf/no37/k_kijun_seitou.pdf,,true
2025-37-104,2025,37,104,生活支援技術,"次のうち、キューブラー・ロス（Kubler-Ross, E.）が提唱した終末期にある人の死の受容過程のうち、「死は避けられないと知り、さまざまな喪失感を抱く段階」に該当するものとして、適切なものを1つ選びなさい。",否認,怒り,取り引き,抑うつ,受容,4,正解は選択肢4「抑うつ」である。この方法は、動作の安定性と本人が持つ力を生かす点で適切である。介助者がすべて行う方法や、不自然な姿勢・動線になる方法は避ける。本人の残存能力を生かし、安定した姿勢、動作の順序、福祉用具、環境調整によって安全と自立を支える。,公益財団法人 社会福祉振興・試験センター 第37回（令和6年度）介護福祉士国家試験; 問題: https://www.sssc.or.jp/kaigo/past_exam/pdf/no37/listen_k_pm_37.html; 正答: https://www.sssc.or.jp/kaigo/past_exam/pdf/no37/k_kijun_seitou.pdf,,true
2025-37-105,2025,37,105,生活支援技術,"Ｃさん（58歳、男性）は、アテトーゼ型（athetosis）の脳性麻痺｛のうせいまひ｝（cerebral palsy）がある。腕、脚、体幹の筋肉は不随意的にゆっくりと動くことが多く、手指を細かく動かすことは難しい。言葉をはっきり発音することが困難であるが、音の聞き取りはできる。
次のうち、Ｃさんが使用している情報・意思疎通支援用具として、最も適切なものを1つ選びなさい。",福祉電話,携帯用会話補助装置,人工喉頭,助聴器,点字器,2,正解は選択肢2「携帯用会話補助装置」である。この方法は、動作の安定性と本人が持つ力を生かす点で適切である。介助者がすべて行う方法や、不自然な姿勢・動線になる方法は避ける。本人の残存能力を生かし、安定した姿勢、動作の順序、福祉用具、環境調整によって安全と自立を支える。,公益財団法人 社会福祉振興・試験センター 第37回（令和6年度）介護福祉士国家試験; 問題: https://www.sssc.or.jp/kaigo/past_exam/pdf/no37/listen_k_pm_37.html; 正答: https://www.sssc.or.jp/kaigo/past_exam/pdf/no37/k_kijun_seitou.pdf,,true
2025-37-106,2025,37,106,介護過程,次の記述のうち、介護過程を展開する目的として、最も適切なものを1つ選びなさい。,家族が抱える生活課題の解決,個別ケアに基づく利用者の自立支援,介護福祉職の職業倫理の向上,利用者と家族の信頼関係の構築,介護福祉職と他職種の連携の促進,2,正解は選択肢2「個別ケアに基づく利用者の自立支援」である。この選択肢は、得られた事実を解釈し、本人の生活課題と目標に結び付ける介護過程の流れに合う。推測と観察事実を分けることが重要である。アセスメント、課題の明確化、計画、実施、評価をつなぎ、本人の満足度や変化を次の支援に反映する。,公益財団法人 社会福祉振興・試験センター 第37回（令和6年度）介護福祉士国家試験; 問題: https://www.sssc.or.jp/kaigo/past_exam/pdf/no37/listen_k_pm_37.html; 正答: https://www.sssc.or.jp/kaigo/past_exam/pdf/no37/k_kijun_seitou.pdf,,true
2025-37-107,2025,37,107,介護過程,生活課題に関する記述として、最も適切なものを1つ選びなさい。,家族の立場から検討する。,利用者のニーズを判断の基盤にする。,利用者の要望を1つに集約する。,介護福祉職の主観を尊重する。,生命の危機よりも利用者の意向を優先する。,2,正解は選択肢2「利用者のニーズを判断の基盤にする。」である。この選択肢は、得られた事実を解釈し、本人の生活課題と目標に結び付ける介護過程の流れに合う。推測と観察事実を分けることが重要である。アセスメント、課題の明確化、計画、実施、評価をつなぎ、本人の満足度や変化を次の支援に反映する。,公益財団法人 社会福祉振興・試験センター 第37回（令和6年度）介護福祉士国家試験; 問題: https://www.sssc.or.jp/kaigo/past_exam/pdf/no37/listen_k_pm_37.html; 正答: https://www.sssc.or.jp/kaigo/past_exam/pdf/no37/k_kijun_seitou.pdf,,true
2025-37-108,2025,37,108,介護過程,次の記述のうち、介護過程の展開における評価の説明として、最も適切なものを1つ選びなさい。,他の利用者と比較して評価する。,短期目標の評価によって、介護過程の展開を終了する。,目標の達成状況を評価する。,介護計画の実施後に評価日を検討する。,介護計画を修正した場合は、評価を省略する。,3,正解は選択肢3「目標の達成状況を評価する。」である。この選択肢は、得られた事実を解釈し、本人の生活課題と目標に結び付ける介護過程の流れに合う。推測と観察事実を分けることが重要である。アセスメント、課題の明確化、計画、実施、評価をつなぎ、本人の満足度や変化を次の支援に反映する。,公益財団法人 社会福祉振興・試験センター 第37回（令和6年度）介護福祉士国家試験; 問題: https://www.sssc.or.jp/kaigo/past_exam/pdf/no37/listen_k_pm_37.html; 正答: https://www.sssc.or.jp/kaigo/past_exam/pdf/no37/k_kijun_seitou.pdf,,true
2025-37-109,2025,37,109,介護過程,次のうち、介護保険制度のサービス担当者会議におけるサービス提供責任者の役割として、最も適切なものを1つ選びなさい。,会議の主催,居宅サービス計画の原案の説明,他職種が実施したサービス内容の評価,訪問介護計画の作成に要した時間の報告,訪問介護計画の作成に必要な情報の確認,5,正解は選択肢5「訪問介護計画の作成に必要な情報の確認」である。この選択肢は、得られた事実を解釈し、本人の生活課題と目標に結び付ける介護過程の流れに合う。推測と観察事実を分けることが重要である。アセスメント、課題の明確化、計画、実施、評価をつなぎ、本人の満足度や変化を次の支援に反映する。法令・制度・金額・対象要件は改正されることがあるため、受験時点の最新情報も確認する。,公益財団法人 社会福祉振興・試験センター 第37回（令和6年度）介護福祉士国家試験; 問題: https://www.sssc.or.jp/kaigo/past_exam/pdf/no37/listen_k_pm_37.html; 正答: https://www.sssc.or.jp/kaigo/past_exam/pdf/no37/k_kijun_seitou.pdf,,true
2025-37-110,2025,37,110,介護過程,"次の事例を読んで、問題110、問題111について答えなさい。
〔事  例〕
Ａさん（78歳、男性、要介護1）は、一人暮らしで、脳梗塞（cerebral infarction）を発症し入院した。その後、リハビリテーションを経て、自宅に戻った。利き手の右手に麻痺｛まひ｝が残ったため、左手を使った調理の自立を目的に、訪問介護（ホームヘルプサービス）を利用することになった。サービス利用時は、訪問介護員（ホームヘルパー）の協力を得ながら、孫からプレゼントされた包丁を使って、調理に取り組んでいた。
ある日、好物の牛肉をうまく押さえることができず、切ることができなかった。すると、Ａさんは包丁を置き、部屋で横になってしまった。心配した訪問介護員（ホームヘルパー）が声をかけ、バイタルサインを確認したところ変化はなかった。Ａさんは、「右手が思うように動いてくれない。悔しい。でも、もう一度ひとりで作れるようになりたい」と話した。
次の日、Ａさんは、「今日も手伝って」と訪問介護員（ホームヘルパー）に話した。
調理中にＡさんが包丁を置き、部屋で横になってしまった行動に対する解釈として、最も適切なものを1つ選びなさい。",体調不良による休憩,食材に対する不満,調理に対する興味の喪失,包丁に対する不満,調理がうまくできないことに対する苛立｛いらだ｝ち,5,正解は選択肢5「調理がうまくできないことに対する苛立｛いらだ｝ち」である。この選択肢は、得られた事実を解釈し、本人の生活課題と目標に結び付ける介護過程の流れに合う。推測と観察事実を分けることが重要である。アセスメント、課題の明確化、計画、実施、評価をつなぎ、本人の満足度や変化を次の支援に反映する。,公益財団法人 社会福祉振興・試験センター 第37回（令和6年度）介護福祉士国家試験; 問題: https://www.sssc.or.jp/kaigo/past_exam/pdf/no37/listen_k_pm_37.html; 正答: https://www.sssc.or.jp/kaigo/past_exam/pdf/no37/k_kijun_seitou.pdf,,true
2025-37-111,2025,37,111,介護過程,"次の事例を読んで、問題110、問題111について答えなさい。
〔事  例〕
Ａさん（78歳、男性、要介護1）は、一人暮らしで、脳梗塞（cerebral infarction）を発症し入院した。その後、リハビリテーションを経て、自宅に戻った。利き手の右手に麻痺｛まひ｝が残ったため、左手を使った調理の自立を目的に、訪問介護（ホームヘルプサービス）を利用することになった。サービス利用時は、訪問介護員（ホームヘルパー）の協力を得ながら、孫からプレゼントされた包丁を使って、調理に取り組んでいた。
ある日、好物の牛肉をうまく押さえることができず、切ることができなかった。すると、Ａさんは包丁を置き、部屋で横になってしまった。心配した訪問介護員（ホームヘルパー）が声をかけ、バイタルサインを確認したところ変化はなかった。Ａさんは、「右手が思うように動いてくれない。悔しい。でも、もう一度ひとりで作れるようになりたい」と話した。
次の日、Ａさんは、「今日も手伝って」と訪問介護員（ホームヘルパー）に話した。
訪問介護計画の修正を目的としたカンファレンスで、訪問介護員（ホームヘルパー）が提案する内容として、最も適切なものを1つ選びなさい。",訪問介護員（ホームヘルパー）による調理の代行,担当する訪問介護員（ホームヘルパー）の交代,配食サービスの利用,調理に関する福祉用具の活用,訪問回数の削減,4,正解は選択肢4「調理に関する福祉用具の活用」である。カンファレンスに関係職種・担当者が参加すると、目標、観察事項、支援方法を共通理解にできる。アセスメント、課題の明確化、計画、実施、評価をつなぎ、本人の満足度や変化を次の支援に反映する。,公益財団法人 社会福祉振興・試験センター 第37回（令和6年度）介護福祉士国家試験; 問題: https://www.sssc.or.jp/kaigo/past_exam/pdf/no37/listen_k_pm_37.html; 正答: https://www.sssc.or.jp/kaigo/past_exam/pdf/no37/k_kijun_seitou.pdf,,true
2025-37-112,2025,37,112,介護過程,"次の事例を読んで、問題112、問題113について答えなさい。
〔事  例〕
Ｂさん（42歳、女性、障害支援区分3）は、知的障害があり、母親と二人暮らしである。日中は生活介護事業所に通っている。日常生活動作の一部に見守りが必要である。個別支援計画の短期目標を、「見守りのもと、トイレで排泄｛はいせつ｝ができる」としている。
しかし、最近、排泄｛はいせつ｝のときに下着やズボンを汚してしまい、それをほかの利用者にからかわれ、しばらく一人でいる様子があったと生活支援員から申し送りがあった。
ある日、事業所長が話しかけると、Ｂさんは、「トイレで失敗したら恥ずかしい」と元気なく話した。母親からも電話で、「これからは紙おむつを使うように勧めているのだけど、使いたくないとＢは話している」とサービス管理責任者に連絡があった。
次のうち、Ｂさんがしばらく一人でいた様子を理解するために必要な情報として、最も優先すべきものを1つ選びなさい。",サービス管理責任者との関係,生活支援員との関係,事業所長との関係,ほかの利用者との関係,母親との関係,4,正解は選択肢4「ほかの利用者との関係」である。この選択肢は、得られた事実を解釈し、本人の生活課題と目標に結び付ける介護過程の流れに合う。推測と観察事実を分けることが重要である。アセスメント、課題の明確化、計画、実施、評価をつなぎ、本人の満足度や変化を次の支援に反映する。,公益財団法人 社会福祉振興・試験センター 第37回（令和6年度）介護福祉士国家試験; 問題: https://www.sssc.or.jp/kaigo/past_exam/pdf/no37/listen_k_pm_37.html; 正答: https://www.sssc.or.jp/kaigo/past_exam/pdf/no37/k_kijun_seitou.pdf,,true
2025-37-113,2025,37,113,介護過程,"次の事例を読んで、問題112、問題113について答えなさい。
〔事  例〕
Ｂさん（42歳、女性、障害支援区分3）は、知的障害があり、母親と二人暮らしである。日中は生活介護事業所に通っている。日常生活動作の一部に見守りが必要である。個別支援計画の短期目標を、「見守りのもと、トイレで排泄｛はいせつ｝ができる」としている。
しかし、最近、排泄｛はいせつ｝のときに下着やズボンを汚してしまい、それをほかの利用者にからかわれ、しばらく一人でいる様子があったと生活支援員から申し送りがあった。
ある日、事業所長が話しかけると、Ｂさんは、「トイレで失敗したら恥ずかしい」と元気なく話した。母親からも電話で、「これからは紙おむつを使うように勧めているのだけど、使いたくないとＢは話している」とサービス管理責任者に連絡があった。
Ｂさんについて、個別支援会議が開催され、短期目標を、「排泄｛はいせつ｝の自立（下着を汚さずに排泄｛はいせつ｝する）（3か月）」とした。次の記述のうち、Ｂさんの短期目標を実現するために生活支援員がとる対応として、最も適切なものを1つ選びなさい。",定期的に、手順を理解できているか一緒に確認する。,自宅で排泄｛はいせつ｝を済ませ、事業所で排泄｛はいせつ｝しないように助言する。,母親の要望であると伝え、紙おむつを使うように助言する。,ポータブルトイレを設置し、そこで排泄｛はいせつ｝をするように誘導する。,排泄｛はいせつ｝に関する行為を、全介助にする。,1,正解は選択肢1「定期的に、手順を理解できているか一緒に確認する。」である。実施前に本人の状態や環境を確認し、得られた情報に基づいて次の対応を選ぶ。アセスメント、課題の明確化、計画、実施、評価をつなぎ、本人の満足度や変化を次の支援に反映する。,公益財団法人 社会福祉振興・試験センター 第37回（令和6年度）介護福祉士国家試験; 問題: https://www.sssc.or.jp/kaigo/past_exam/pdf/no37/listen_k_pm_37.html; 正答: https://www.sssc.or.jp/kaigo/past_exam/pdf/no37/k_kijun_seitou.pdf,,true
2025-37-114,2025,37,114,総合問題,"次の事例を読んで、問題114から問題116までについて答えなさい。
〔事  例〕
Ａさん（70歳、男性）は、妻と二人で暮らしている。旅行や釣りが趣味で、会社員として勤務していたころは、活動的な生活を送っていた。66歳のときにパーキンソン病（Parkinson disease）と診断されたが、内服治療が開始され、症状はあまり気にならなかった。1年前から顔の表情が乏しくなり、歩行開始時に、はじめの一歩が出にくくなった。3か月前からは、歩き始めると方向転換が難しく、急に止まることができないことがある。
Ａさんは、今後の生活について相談するために、地域包括支援センターに行った。センターで対応してくれたＢ主任介護支援専門員は、介護福祉士としての実務経験が豊富だった。Ａさんは信頼して、気になっていたことをすべて話すことができた。Ａさんは、要介護認定を申請することを勧められ、後日、市役所に行き、要介護認定の申請を行った。
現在のＡさんの症状に該当するホーエン・ヤール重症度分類として、最も適切なものを1つ選びなさい。",ステージⅠ,ステージⅡ,ステージⅢ,ステージⅣ,ステージⅤ,3,正解は選択肢3「ステージⅢ」である。地域包括支援センターは、高齢者の総合相談、権利擁護、介護予防支援、包括的・継続的ケアマネジメント支援を担う。疾患・障害の特徴、本人の希望、家族状況、利用できる社会資源を関連付けて判断する。法令・制度・金額・対象要件は改正されることがあるため、受験時点の最新情報も確認する。,公益財団法人 社会福祉振興・試験センター 第37回（令和6年度）介護福祉士国家試験; 問題: https://www.sssc.or.jp/kaigo/past_exam/pdf/no37/listen_k_pm_37.html; 正答: https://www.sssc.or.jp/kaigo/past_exam/pdf/no37/k_kijun_seitou.pdf,,true
2025-37-115,2025,37,115,総合問題,"次の事例を読んで、問題114から問題116までについて答えなさい。
〔事  例〕
Ａさん（70歳、男性）は、妻と二人で暮らしている。旅行や釣りが趣味で、会社員として勤務していたころは、活動的な生活を送っていた。66歳のときにパーキンソン病（Parkinson disease）と診断されたが、内服治療が開始され、症状はあまり気にならなかった。1年前から顔の表情が乏しくなり、歩行開始時に、はじめの一歩が出にくくなった。3か月前からは、歩き始めると方向転換が難しく、急に止まることができないことがある。
Ａさんは、今後の生活について相談するために、地域包括支援センターに行った。センターで対応してくれたＢ主任介護支援専門員は、介護福祉士としての実務経験が豊富だった。Ａさんは信頼して、気になっていたことをすべて話すことができた。Ａさんは、要介護認定を申請することを勧められ、後日、市役所に行き、要介護認定の申請を行った。
要介護認定を申請してから2週間が経過した。Ａさんは要介護認定の認定結果が届かないことが気になった。そこで、以前に対応してくれたＢ主任介護支援専門員に電話で相談した。
次のうち、Ｂ主任介護支援専門員の応答として、最も適切なものを1つ選びなさい。",「次の受診時に主治医に相談しましょう」,「通常1か月程度かかるので、あと2週間くらい待ってみましょう」,「以前に自宅に来てくれた認定調査員に相談しましょう」,「念のためにもう一度要介護認定を申請してください」,「通常であれば認定結果は出ていると思います」,2,正解は選択肢2「「通常1か月程度かかるので、あと2週間くらい待ってみましょう」」である。地域包括支援センターは、高齢者の総合相談、権利擁護、介護予防支援、包括的・継続的ケアマネジメント支援を担う。疾患・障害の特徴、本人の希望、家族状況、利用できる社会資源を関連付けて判断する。法令・制度・金額・対象要件は改正されることがあるため、受験時点の最新情報も確認する。,公益財団法人 社会福祉振興・試験センター 第37回（令和6年度）介護福祉士国家試験; 問題: https://www.sssc.or.jp/kaigo/past_exam/pdf/no37/listen_k_pm_37.html; 正答: https://www.sssc.or.jp/kaigo/past_exam/pdf/no37/k_kijun_seitou.pdf,,true
2025-37-116,2025,37,116,総合問題,"次の事例を読んで、問題114から問題116までについて答えなさい。
〔事  例〕
Ａさん（70歳、男性）は、妻と二人で暮らしている。旅行や釣りが趣味で、会社員として勤務していたころは、活動的な生活を送っていた。66歳のときにパーキンソン病（Parkinson disease）と診断されたが、内服治療が開始され、症状はあまり気にならなかった。1年前から顔の表情が乏しくなり、歩行開始時に、はじめの一歩が出にくくなった。3か月前からは、歩き始めると方向転換が難しく、急に止まることができないことがある。
Ａさんは、今後の生活について相談するために、地域包括支援センターに行った。センターで対応してくれたＢ主任介護支援専門員は、介護福祉士としての実務経験が豊富だった。Ａさんは信頼して、気になっていたことをすべて話すことができた。Ａさんは、要介護認定を申請することを勧められ、後日、市役所に行き、要介護認定の申請を行った。
最近、Ａさんは急に体の動きが悪くなる時間帯があり、不安を感じた。そこでＡさんは、週に2回利用している訪問介護員（ホームヘルパー）に相談した。相談を受けた訪問介護員（ホームヘルパー）はＡさんに、日々の症状の変化とその時間、さらにもう一点をメモして、医師に伝えるようにと助言した。
日々の症状の変化とその時間に加えて、Ａさんが医師に伝える内容として、最も優先度の高いものを1つ選びなさい。",服薬の時間,起床の時間,食事の時間,排便の時間,入浴の時間,1,正解は選択肢1「服薬の時間」である。地域包括支援センターは、高齢者の総合相談、権利擁護、介護予防支援、包括的・継続的ケアマネジメント支援を担う。疾患・障害の特徴、本人の希望、家族状況、利用できる社会資源を関連付けて判断する。法令・制度・金額・対象要件は改正されることがあるため、受験時点の最新情報も確認する。,公益財団法人 社会福祉振興・試験センター 第37回（令和6年度）介護福祉士国家試験; 問題: https://www.sssc.or.jp/kaigo/past_exam/pdf/no37/listen_k_pm_37.html; 正答: https://www.sssc.or.jp/kaigo/past_exam/pdf/no37/k_kijun_seitou.pdf,,true
2025-37-117,2025,37,117,総合問題,"次の事例を読んで、問題117から問題119までについて答えなさい。
〔事  例〕
Ｃさん（90歳、女性）は、動物好きで長年ペットのオウムを飼っている。5年前に夫が亡くなったときも、ペットが大きな心の支えになった。2年前、身体の衰えから買物や調理などの家事が難しくなり、一人暮らしが困難になったので、ペットと入所できる健康型有料老人ホームに入所した。
最近Ｃさんは、毎週楽しみにしていたレクリエーションがある曜日や時間を忘れてしまう、トイレの場所がわからず失禁するなどの症状が繰り返し生じるようになってきた。心配した娘がＣさんと病院を受診したところ、アルツハイマー型認知症（dementia of the Alzheimer’s type）と診断を受けた。
健康型有料老人ホームでは対応が困難になってきたため、心配した娘はＣさんが入所できる施設に移ることを検討し始めた。
次のうち、最近のＣさんの症状に該当するものとして、最も適切なものを1つ選びなさい。",妄想,見当識障害,失語,遂行機能障害,観念失行,2,正解は選択肢2「見当識障害」である。この選択肢は、事例に示された症状、本人の希望、生活環境を同時に満たす。単独の情報ではなく、事例中の根拠を複数結び付けて判断する。疾患・障害の特徴、本人の希望、家族状況、利用できる社会資源を関連付けて判断する。,公益財団法人 社会福祉振興・試験センター 第37回（令和6年度）介護福祉士国家試験; 問題: https://www.sssc.or.jp/kaigo/past_exam/pdf/no37/listen_k_pm_37.html; 正答: https://www.sssc.or.jp/kaigo/past_exam/pdf/no37/k_kijun_seitou.pdf,,true
2025-37-118,2025,37,118,総合問題,"次の事例を読んで、問題117から問題119までについて答えなさい。
〔事  例〕
Ｃさん（90歳、女性）は、動物好きで長年ペットのオウムを飼っている。5年前に夫が亡くなったときも、ペットが大きな心の支えになった。2年前、身体の衰えから買物や調理などの家事が難しくなり、一人暮らしが困難になったので、ペットと入所できる健康型有料老人ホームに入所した。
最近Ｃさんは、毎週楽しみにしていたレクリエーションがある曜日や時間を忘れてしまう、トイレの場所がわからず失禁するなどの症状が繰り返し生じるようになってきた。心配した娘がＣさんと病院を受診したところ、アルツハイマー型認知症（dementia of the Alzheimer’s type）と診断を受けた。
健康型有料老人ホームでは対応が困難になってきたため、心配した娘はＣさんが入所できる施設に移ることを検討し始めた。
娘はＣさんの病状を心配して、「お父さんが残してくれた貯金があるから、もっとお母さんのお世話をしてくれる施設に移ろう」と提案した。Ｃさんは、「ペットと一緒に暮らせなくなるのは嫌だ」とつぶやき、うつむいた。困った娘は健康型有料老人ホームの介護福祉士に相談した。
次のうち、娘への介護福祉士の応答として、最も適切なものを1つ選びなさい。",「Ｃさんがペットを大事にしている意思を尊重してはいかがですか」,「Ｃさんが新しい施設に行くことが最優先です」,「あなたの意向を優先してはいかがですか」,「Ｃさんがペットを飼うことは優先度の高いニーズとは言えません」,「Ｃさんが新しい施設に行くことを受け入れるように説得してください」,1,正解は選択肢1「「Ｃさんがペットを大事にしている意思を尊重してはいかがですか」」である。この選択肢は、事例に示された症状、本人の希望、生活環境を同時に満たす。単独の情報ではなく、事例中の根拠を複数結び付けて判断する。疾患・障害の特徴、本人の希望、家族状況、利用できる社会資源を関連付けて判断する。,公益財団法人 社会福祉振興・試験センター 第37回（令和6年度）介護福祉士国家試験; 問題: https://www.sssc.or.jp/kaigo/past_exam/pdf/no37/listen_k_pm_37.html; 正答: https://www.sssc.or.jp/kaigo/past_exam/pdf/no37/k_kijun_seitou.pdf,,true
2025-37-119,2025,37,119,総合問題,"次の事例を読んで、問題117から問題119までについて答えなさい。
〔事  例〕
Ｃさん（90歳、女性）は、動物好きで長年ペットのオウムを飼っている。5年前に夫が亡くなったときも、ペットが大きな心の支えになった。2年前、身体の衰えから買物や調理などの家事が難しくなり、一人暮らしが困難になったので、ペットと入所できる健康型有料老人ホームに入所した。
最近Ｃさんは、毎週楽しみにしていたレクリエーションがある曜日や時間を忘れてしまう、トイレの場所がわからず失禁するなどの症状が繰り返し生じるようになってきた。心配した娘がＣさんと病院を受診したところ、アルツハイマー型認知症（dementia of the Alzheimer’s type）と診断を受けた。
健康型有料老人ホームでは対応が困難になってきたため、心配した娘はＣさんが入所できる施設に移ることを検討し始めた。
Ｃさんと娘は介護福祉士と相談し、希望に沿った施設を見つけることができた。
次のうち、Ｃさんが入所する施設として、最も適切なものを1つ選びなさい。",経過的軽費老人ホーム（Ｂ型）,介護医療院,介護老人保健施設,養護老人ホーム,介護付有料老人ホーム,5,正解は選択肢5「介護付有料老人ホーム」である。この選択肢は、事例に示された症状、本人の希望、生活環境を同時に満たす。単独の情報ではなく、事例中の根拠を複数結び付けて判断する。疾患・障害の特徴、本人の希望、家族状況、利用できる社会資源を関連付けて判断する。,公益財団法人 社会福祉振興・試験センター 第37回（令和6年度）介護福祉士国家試験; 問題: https://www.sssc.or.jp/kaigo/past_exam/pdf/no37/listen_k_pm_37.html; 正答: https://www.sssc.or.jp/kaigo/past_exam/pdf/no37/k_kijun_seitou.pdf,,true
2025-37-120,2025,37,120,総合問題,"次の事例を読んで、問題120から問題122までについて答えなさい。
〔事  例〕
Ｄさん（男性、障害支援区分4）は、ベッカー型筋ジストロフィー（Becker muscular dystrophy）である。自宅で家族と生活をしている。Ｄさんは、食事は自立しているが、排泄｛はいせつ｝、入浴に介護が必要である。歩行はできず、移動は電動車いすを使用している。絵を描くことが趣味であり、日中は創作活動に取り組んでいる。
これまでＤさんは自宅で家族の介護を受けながら生活してきたが、Ｄさんの身体機能の低下に伴い、家族の介護負担が増えたため、居宅介護を利用することになった。
Ｄさんの疾患で生じる病態として、適切なものを1つ選びなさい。",筋線維の変性,運動神経の変性,網膜の変性,自己免疫の低下,脳細胞の変性,1,正解は選択肢1「筋線維の変性」である。この選択肢は、事例に示された症状、本人の希望、生活環境を同時に満たす。単独の情報ではなく、事例中の根拠を複数結び付けて判断する。疾患・障害の特徴、本人の希望、家族状況、利用できる社会資源を関連付けて判断する。,公益財団法人 社会福祉振興・試験センター 第37回（令和6年度）介護福祉士国家試験; 問題: https://www.sssc.or.jp/kaigo/past_exam/pdf/no37/listen_k_pm_37.html; 正答: https://www.sssc.or.jp/kaigo/past_exam/pdf/no37/k_kijun_seitou.pdf,,true
2025-37-121,2025,37,121,総合問題,"次の事例を読んで、問題120から問題122までについて答えなさい。
〔事  例〕
Ｄさん（男性、障害支援区分4）は、ベッカー型筋ジストロフィー（Becker muscular dystrophy）である。自宅で家族と生活をしている。Ｄさんは、食事は自立しているが、排泄｛はいせつ｝、入浴に介護が必要である。歩行はできず、移動は電動車いすを使用している。絵を描くことが趣味であり、日中は創作活動に取り組んでいる。
これまでＤさんは自宅で家族の介護を受けながら生活してきたが、Ｄさんの身体機能の低下に伴い、家族の介護負担が増えたため、居宅介護を利用することになった。
この問題は、視覚素材問題です。
Dさんのジェノグラムが示されています。
ジェノグラムに示されていることを説明します。
Dさん男性は、結婚し息子と３人で暮らしている。
Dさんの兄は独身である。
Dさんは、母親と一緒に暮らしていない。
Dさんの父親は、死亡している。
Dさんの妻は一人娘で、両親は生存している。
問題  E居宅介護事業所に勤務するF介護福祉職は、Dさん宅を初回訪問するにあたりフェイスシートのジェノグラムを確認した。
以下のジェノグラムからF介護福祉職が把握した内容として、適切なものを１つ選びなさい。",Dさんは、Dさんの母親と同居している。,Dさんには息子がいる。,Dさんの兄は結婚している。,Dさんの父親は生存している。,Dさんの妻には兄弟姉妹がいる。,2,正解は選択肢2「Dさんには息子がいる。」である。この選択肢は、事例に示された症状、本人の希望、生活環境を同時に満たす。単独の情報ではなく、事例中の根拠を複数結び付けて判断する。疾患・障害の特徴、本人の希望、家族状況、利用できる社会資源を関連付けて判断する。,公益財団法人 社会福祉振興・試験センター 第37回（令和6年度）介護福祉士国家試験; 問題: https://www.sssc.or.jp/kaigo/past_exam/pdf/no37/listen_k_pm_37.html; 正答: https://www.sssc.or.jp/kaigo/past_exam/pdf/no37/k_kijun_seitou.pdf,,true
2025-37-122,2025,37,122,総合問題,"次の事例を読んで、問題120から問題122までについて答えなさい。
〔事  例〕
Ｄさん（男性、障害支援区分4）は、ベッカー型筋ジストロフィー（Becker muscular dystrophy）である。自宅で家族と生活をしている。Ｄさんは、食事は自立しているが、排泄｛はいせつ｝、入浴に介護が必要である。歩行はできず、移動は電動車いすを使用している。絵を描くことが趣味であり、日中は創作活動に取り組んでいる。
これまでＤさんは自宅で家族の介護を受けながら生活してきたが、Ｄさんの身体機能の低下に伴い、家族の介護負担が増えたため、居宅介護を利用することになった。
Ｄさんが居宅介護を利用してから数年が経過し、Ｄさんの身体機能は徐々に低下して、着替えに時間がかかるようになった。Ｄさんは自分のことはできるだけ自分で行いたいという思いがあり、時間がかかっても自分で着替えをしていた。
ある日、ＤさんはＦ介護福祉職に、「着替えをすると疲れてしまい、絵を描くことができない」とつぶやいた。Ｆ介護福祉職は、「着替えは私たちや家族の介護を利用して、Ｄさんは好きな絵を描いたらいいのではないですか」と伝えた。その後、Ｄさんは介護福祉職と家族の介護を利用して、短時間で着替えを済ませ、絵を描くことに専念できるようになった。
Ｆ介護福祉職が発言した自立観を示した人物として、最も適切なものを1つ選びなさい。","ヴィクトール・フランクル（Frankl, V.）","バンク－ミケルセン（Bank-Mikkelsen, N.）","エド・ロバーツ（Roberts, E.）","フェリックス・バイステック（Biestek, F.）","ミルトン・メイヤロフ（Mayeroff, M.）",3,"正解は選択肢3「エド・ロバーツ（Roberts, E.）」である。この選択肢は、事例に示された症状、本人の希望、生活環境を同時に満たす。単独の情報ではなく、事例中の根拠を複数結び付けて判断する。疾患・障害の特徴、本人の希望、家族状況、利用できる社会資源を関連付けて判断する。",公益財団法人 社会福祉振興・試験センター 第37回（令和6年度）介護福祉士国家試験; 問題: https://www.sssc.or.jp/kaigo/past_exam/pdf/no37/listen_k_pm_37.html; 正答: https://www.sssc.or.jp/kaigo/past_exam/pdf/no37/k_kijun_seitou.pdf,,true
2025-37-123,2025,37,123,総合問題,"次の事例を読んで、問題123から問題125までについて答えなさい。
〔事  例〕
Ｇさん（38歳、女性）は、母親（65歳）と暮らしていた。両側性感音難聴（sensorineural hearing loss）があり、雑音がある場所では話を聞き取りにくい。相手の口の動きや表情から会話の内容を理解することはできる。Ｇさんは、脳梗塞（cerebral infarction）を発症し、左片麻痺｛ひだりかたまひ｝で車いすの生活となり、障害支援区分4と認定された。母親による介護が難しくなったため、障害者支援施設に入所することになった。
Ｇさんは、写真を撮ることが好きで、施設で近くの公園に出かけたときに、介護福祉職に手伝ってもらいながら好きな風景を撮影している。Ｇさんは、その写真をアルバムにして、母親にプレゼントしたいと考えている。
ある日、Ｇさんから、「アルバムを作りたい。飾りの付け方やメッセージの書き方を教えてほしい」と相談があった。介護福祉職は、Ｇさんとアルバムを作ることにした。
次のうち、Ｇさんが施設入所支援と同時に利用している障害福祉サービスとして、適切なものを1つ選びなさい。",自立生活援助,療養介護,短期入所,生活介護,居宅介護,4,正解は選択肢4「生活介護」である。この選択肢は、事例に示された症状、本人の希望、生活環境を同時に満たす。単独の情報ではなく、事例中の根拠を複数結び付けて判断する。疾患・障害の特徴、本人の希望、家族状況、利用できる社会資源を関連付けて判断する。,公益財団法人 社会福祉振興・試験センター 第37回（令和6年度）介護福祉士国家試験; 問題: https://www.sssc.or.jp/kaigo/past_exam/pdf/no37/listen_k_pm_37.html; 正答: https://www.sssc.or.jp/kaigo/past_exam/pdf/no37/k_kijun_seitou.pdf,,true
2025-37-124,2025,37,124,総合問題,"次の事例を読んで、問題123から問題125までについて答えなさい。
〔事  例〕
Ｇさん（38歳、女性）は、母親（65歳）と暮らしていた。両側性感音難聴（sensorineural hearing loss）があり、雑音がある場所では話を聞き取りにくい。相手の口の動きや表情から会話の内容を理解することはできる。Ｇさんは、脳梗塞（cerebral infarction）を発症し、左片麻痺｛ひだりかたまひ｝で車いすの生活となり、障害支援区分4と認定された。母親による介護が難しくなったため、障害者支援施設に入所することになった。
Ｇさんは、写真を撮ることが好きで、施設で近くの公園に出かけたときに、介護福祉職に手伝ってもらいながら好きな風景を撮影している。Ｇさんは、その写真をアルバムにして、母親にプレゼントしたいと考えている。
ある日、Ｇさんから、「アルバムを作りたい。飾りの付け方やメッセージの書き方を教えてほしい」と相談があった。介護福祉職は、Ｇさんとアルバムを作ることにした。
次のうち、Ｇさんの難聴の原因となっている損傷部位に該当するものとして、最も適切なものを1つ選びなさい。",内耳から聴神経,外耳道から中耳,耳介から中耳,耳介から外耳道,耳介,1,正解は選択肢1「内耳から聴神経」である。この選択肢は、事例に示された症状、本人の希望、生活環境を同時に満たす。単独の情報ではなく、事例中の根拠を複数結び付けて判断する。疾患・障害の特徴、本人の希望、家族状況、利用できる社会資源を関連付けて判断する。,公益財団法人 社会福祉振興・試験センター 第37回（令和6年度）介護福祉士国家試験; 問題: https://www.sssc.or.jp/kaigo/past_exam/pdf/no37/listen_k_pm_37.html; 正答: https://www.sssc.or.jp/kaigo/past_exam/pdf/no37/k_kijun_seitou.pdf,,true
2025-37-125,2025,37,125,総合問題,"次の事例を読んで、問題123から問題125までについて答えなさい。
〔事  例〕
Ｇさん（38歳、女性）は、母親（65歳）と暮らしていた。両側性感音難聴（sensorineural hearing loss）があり、雑音がある場所では話を聞き取りにくい。相手の口の動きや表情から会話の内容を理解することはできる。Ｇさんは、脳梗塞（cerebral infarction）を発症し、左片麻痺｛ひだりかたまひ｝で車いすの生活となり、障害支援区分4と認定された。母親による介護が難しくなったため、障害者支援施設に入所することになった。
Ｇさんは、写真を撮ることが好きで、施設で近くの公園に出かけたときに、介護福祉職に手伝ってもらいながら好きな風景を撮影している。Ｇさんは、その写真をアルバムにして、母親にプレゼントしたいと考えている。
ある日、Ｇさんから、「アルバムを作りたい。飾りの付け方やメッセージの書き方を教えてほしい」と相談があった。介護福祉職は、Ｇさんとアルバムを作ることにした。
次の記述のうち、Ｇさんに介護福祉職がアルバムの作り方を説明するときに配慮することとして、最も適切なものを1つ選びなさい。",Ｇさんの左側に座る。,閉じられた質問を用いる。,小さな声で話す。,Ｇさんの好きな音楽を流す。,1対1で向かい合って話す。,5,正解は選択肢5「1対1で向かい合って話す。」である。感音難聴では雑音を減らし、口元や表情が見える位置で一対一に話すと理解を補いやすい。疾患・障害の特徴、本人の希望、家族状況、利用できる社会資源を関連付けて判断する。,公益財団法人 社会福祉振興・試験センター 第37回（令和6年度）介護福祉士国家試験; 問題: https://www.sssc.or.jp/kaigo/past_exam/pdf/no37/listen_k_pm_37.html; 正答: https://www.sssc.or.jp/kaigo/past_exam/pdf/no37/k_kijun_seitou.pdf,,true
2026-38-001,2026,38,1,人間の尊厳と自立,社会福祉の理念を発展させた人物に関する次の記述のうち、適切なものを1つ選びなさい。,"バンク-ミケルセン（Bank-Mikkelsen, N.）は、「ソーシャルロール・バロリゼーション（Social Role Valorization）」を提唱した。","ニィリエ（Nirje, B.）は、「ノーマライゼーション（normalization）の8つの原理」を提唱した。","ヴォルフェンスベルガー（Wolfensberger, W.）は、「エーデル改革」を提唱した。","リッチモンド（Richmond, M.）は、「ケースワークの7原則」を提唱した。","エリクソン（Erikson, E.）は、「自立生活運動の理念」を提唱した。",2,"正解は選択肢2「ニィリエ（Nirje, B.）は、「ノーマライゼーション（normalization）の8つの原理」を提唱した。」である。この対応は、介護者側の都合や一律の基準ではなく、本人の思いと選択を中心に支援を組み立てる考えに合う。本人の価値観と意思決定を起点に、残存能力を生かす支援を考える。",公益財団法人 社会福祉振興・試験センター 第38回（令和7年度）介護福祉士国家試験; 問題: https://www.sssc.or.jp/kaigo/past_exam/pdf/no38/listen_k_am_38.html; 正答: https://www.sssc.or.jp/kaigo/past_exam/pdf/no38/k_kijun_seitou.pdf,,true
2026-38-002,2026,38,2,人間の尊厳と自立,"Ａさん（62歳、男性、要介護2）は、2年前に筋萎縮性側索硬化症（amyotrophic lateral sclerosis：ＡＬＳ）と診断された。妻と自宅で過ごしたいと希望し、訪問介護（ホームヘルプサービス）と訪問看護を利用している。最近、症状が進行し、サービス担当者会議で、Ａさんは、「人工呼吸器はつけないで、最期まで自宅で生活したい」と言った。
会議のあと、妻は訪問介護員（ホームヘルパー）に、「夫にはなかなか言えないのですが、一日でも長く一緒にいたいので、私は人工呼吸器をつけてほしいと思っています」と気持ちを伝えた。
次のうち、Ａさんの妻に対する訪問介護員（ホームヘルパー）の提案として、最も適切なものを1つ選びなさい。",「会議で話されていたＡさんの意思が大切なので、尊重しませんか」,「私にはわからないので、医師に決めてもらってはどうですか」,「Ａさんに人工呼吸器をつけてもらったほうがいいですよね」,「Ａさんとお互いの気持ちを話し合う時間をつくりませんか」,「病院や施設の情報がほしいと介護支援専門員に伝えてはどうですか」,4,正解は選択肢4「「Ａさんとお互いの気持ちを話し合う時間をつくりませんか」」である。この対応は、介護者側の都合や一律の基準ではなく、本人の思いと選択を中心に支援を組み立てる考えに合う。本人の価値観と意思決定を起点に、残存能力を生かす支援を考える。,公益財団法人 社会福祉振興・試験センター 第38回（令和7年度）介護福祉士国家試験; 問題: https://www.sssc.or.jp/kaigo/past_exam/pdf/no38/listen_k_am_38.html; 正答: https://www.sssc.or.jp/kaigo/past_exam/pdf/no38/k_kijun_seitou.pdf,,true
2026-38-003,2026,38,3,介護の基本,介護施設における介護ロボットに関する次の記述のうち、最も適切なものを1つ選びなさい。,導入した施設は、人員配置基準が撤廃される。,使用方法は、職員個人の判断で行う。,導入することによって、利用者の自立支援や生活の質の向上が期待される。,導入の目的は、職員と利用者とのかかわりを最小限に抑えることである。,導入によって、職員の巡回は不要になる。,3,正解は選択肢3「導入することによって、利用者の自立支援や生活の質の向上が期待される。」である。この選択肢は、介護福祉職の倫理と自立支援、安全確保の原則に合う。本人の希望だけでなく、権利擁護と専門職の責任も併せて判断する。尊厳、自己決定、自立支援、安全確保を両立させ、介護福祉職の役割と限界を守る。,公益財団法人 社会福祉振興・試験センター 第38回（令和7年度）介護福祉士国家試験; 問題: https://www.sssc.or.jp/kaigo/past_exam/pdf/no38/listen_k_am_38.html; 正答: https://www.sssc.or.jp/kaigo/past_exam/pdf/no38/k_kijun_seitou.pdf,,true
2026-38-004,2026,38,4,介護の基本,次の記述のうち、指定避難所での要配慮者に対する生活支援として、最も適切なものを1つ選びなさい。,避難所内の情報提供には、音声やピクトグラム（pictogram）も取り入れる。,避難所内では、二次避難に備えて土足で過ごしてもらう。,食事は、被災者の平等性、公平性の観点から同じものを提供する。,トイレは、感染予防のために和式便器が望ましい。,生活範囲は、区画されたスペースに限定する。,1,正解は選択肢1「避難所内の情報提供には、音声やピクトグラム（pictogram）も取り入れる。」である。この選択肢は、介護福祉職の倫理と自立支援、安全確保の原則に合う。本人の希望だけでなく、権利擁護と専門職の責任も併せて判断する。尊厳、自己決定、自立支援、安全確保を両立させ、介護福祉職の役割と限界を守る。,公益財団法人 社会福祉振興・試験センター 第38回（令和7年度）介護福祉士国家試験; 問題: https://www.sssc.or.jp/kaigo/past_exam/pdf/no38/listen_k_am_38.html; 正答: https://www.sssc.or.jp/kaigo/past_exam/pdf/no38/k_kijun_seitou.pdf,,true
2026-38-005,2026,38,5,介護の基本,ユニバーサルデザイン（universal design）の7原則に関する次の記述のうち、最も適切なものを1つ選びなさい。,安全で使いやすいデザインにする。,要介護高齢者を対象とする。,個別対応より標準化を優先する。,介護福祉職にとって操作しやすいことを優先する。,デザインの美しさを優先する。,1,正解は選択肢1「安全で使いやすいデザインにする。」である。この選択肢は、介護福祉職の倫理と自立支援、安全確保の原則に合う。本人の希望だけでなく、権利擁護と専門職の責任も併せて判断する。尊厳、自己決定、自立支援、安全確保を両立させ、介護福祉職の役割と限界を守る。,公益財団法人 社会福祉振興・試験センター 第38回（令和7年度）介護福祉士国家試験; 問題: https://www.sssc.or.jp/kaigo/past_exam/pdf/no38/listen_k_am_38.html; 正答: https://www.sssc.or.jp/kaigo/past_exam/pdf/no38/k_kijun_seitou.pdf,,true
2026-38-006,2026,38,6,介護の基本,"Ａさん（51歳、男性、障害支援区分5）は、知的障害がある。共同生活援助（グループホーム）で生活をしている。日中は、生活介護を利用して軽作業を行っている。Ａさんは、タオルに強いこだわりを持っていて、なじみの店で自分が選んだタオルしか使用しない。これまでタオルは、両親と買いに行っていたが、両親が高齢になり行けなくなった。Ａさんの両親から、サービス管理責任者に、「強いこだわりがあるので、いつも行く店で本人にタオルを選ばせてほしい。何か良いサービスはありませんか」と相談があった。
次の記述のうち、サービス管理責任者の助言として、最も適切なものを1つ選びなさい。",店までの移動に不安があるため、同行援護を勧める。,身体機能の維持・向上のために、自立訓練（機能訓練）を勧める。,一人で外出できるように、自発的活動支援を勧める。,自立した日常生活が送れるように、自立生活援助を勧める。,本人が買物に行けるように、行動援護を勧める。,5,正解は選択肢5「本人が買物に行けるように、行動援護を勧める。」である。一律に代行せず、本人が安全にできる方法を示して自己決定と残存能力を支える。尊厳、自己決定、自立支援、安全確保を両立させ、介護福祉職の役割と限界を守る。,公益財団法人 社会福祉振興・試験センター 第38回（令和7年度）介護福祉士国家試験; 問題: https://www.sssc.or.jp/kaigo/past_exam/pdf/no38/listen_k_am_38.html; 正答: https://www.sssc.or.jp/kaigo/past_exam/pdf/no38/k_kijun_seitou.pdf,,true
2026-38-007,2026,38,7,介護の基本,次の記述のうち、介護保険制度における一人暮らしの要支援者を支えるサービスの内容として、適切なものを1つ選びなさい。,夜間を安心して過ごすために、夜間対応型訪問介護を利用する。,自宅で安全に移動するために、介護予防住宅改修を利用する。,趣味のカラオケに行くために、小規模多機能型居宅介護を利用する。,身元保証や死後の財産処分のために、高齢者等終身サポート事業を利用する。,金銭管理のために、日常生活自立支援事業を利用する。,2,正解は選択肢2「自宅で安全に移動するために、介護予防住宅改修を利用する。」である。この選択肢は、介護福祉職の倫理と自立支援、安全確保の原則に合う。本人の希望だけでなく、権利擁護と専門職の責任も併せて判断する。尊厳、自己決定、自立支援、安全確保を両立させ、介護福祉職の役割と限界を守る。法令・制度・金額・対象要件は改正されることがあるため、受験時点の最新情報も確認する。,公益財団法人 社会福祉振興・試験センター 第38回（令和7年度）介護福祉士国家試験; 問題: https://www.sssc.or.jp/kaigo/past_exam/pdf/no38/listen_k_am_38.html; 正答: https://www.sssc.or.jp/kaigo/past_exam/pdf/no38/k_kijun_seitou.pdf,,true
2026-38-008,2026,38,8,介護の基本,"Ａさん（91歳、女性、要支援2）は、長年診療所の医師として地域医療に貢献してきた。婚姻歴はなく、診療所敷地内の自宅で3匹の猫と暮らしている。85歳で医師を引退した後も、近隣にはＡさんを慕う地域住民が多く、定期的に、「先生、元気にしてますか」とＡさんの自宅を訪ねている。
Ａさんは昨年から歩行の不安を訴え、現在は地域住民の見守りのほか、訪問型サービスを週2回利用している。人の世話になることに慣れていない様子もあるが、最期まで自宅で暮らすことを望んでいる。
次の記述のうち、Ａさんの生活史を尊重した訪問介護員（ホームヘルパー）の声かけとして、最も適切なものを1つ選びなさい。",「3匹の猫は、今後は地域の皆さんに預けましょう」,「近所の方の力も借りて、この地域で暮らしていけるように考えていきましょう」,「介護を受けることにも、今後は慣れてください」,「医師であったことは忘れて、私たちを頼ってください」,「一人暮らしで自宅で最期を迎えるのは、不安がありますよね」,2,正解は選択肢2「「近所の方の力も借りて、この地域で暮らしていけるように考えていきましょう」」である。この選択肢は、介護福祉職の倫理と自立支援、安全確保の原則に合う。本人の希望だけでなく、権利擁護と専門職の責任も併せて判断する。尊厳、自己決定、自立支援、安全確保を両立させ、介護福祉職の役割と限界を守る。,公益財団法人 社会福祉振興・試験センター 第38回（令和7年度）介護福祉士国家試験; 問題: https://www.sssc.or.jp/kaigo/past_exam/pdf/no38/listen_k_am_38.html; 正答: https://www.sssc.or.jp/kaigo/past_exam/pdf/no38/k_kijun_seitou.pdf,,true
2026-38-009,2026,38,9,介護の基本,次の記述のうち、介護老人保健施設における在宅復帰に向けたカンファレンスで、介護福祉士が連携する職種の役割として、最も適切なものを1つ選びなさい。,歯科衛生士が、義歯を作成する。,看護師が、車いすを貸与する。,介護支援専門員（ケアマネジャー）が、訪問介護計画を作成する。,福祉用具専門相談員が、下肢の機能訓練をする。,作業療法士が、自宅の玄関の段差を確認する。,5,正解は選択肢5「作業療法士が、自宅の玄関の段差を確認する。」である。カンファレンスに関係職種・担当者が参加すると、目標、観察事項、支援方法を共通理解にできる。実施前に本人の状態や環境を確認し、得られた情報に基づいて次の対応を選ぶ。尊厳、自己決定、自立支援、安全確保を両立させ、介護福祉職の役割と限界を守る。,公益財団法人 社会福祉振興・試験センター 第38回（令和7年度）介護福祉士国家試験; 問題: https://www.sssc.or.jp/kaigo/past_exam/pdf/no38/listen_k_am_38.html; 正答: https://www.sssc.or.jp/kaigo/past_exam/pdf/no38/k_kijun_seitou.pdf,,true
2026-38-010,2026,38,10,介護の基本,次の記述のうち、介護老人福祉施設におけるリスクマネジメントとして、最も適切なものを1つ選びなさい。,安全対策担当者を置き、事故発生予防のための委員会を定期的に開催する。,家族からの苦情は、介護福祉職が、その場で解決する。,利用者の私物を壊したときは、介護福祉職の自己判断で弁償する。,入浴介助時のインシデントの報告は、職員間の口頭による伝達に統一する。,事故防止のため、地域のお祭りへの参加は控える。,1,正解は選択肢1「安全対策担当者を置き、事故発生予防のための委員会を定期的に開催する。」である。この選択肢は、介護福祉職の倫理と自立支援、安全確保の原則に合う。本人の希望だけでなく、権利擁護と専門職の責任も併せて判断する。尊厳、自己決定、自立支援、安全確保を両立させ、介護福祉職の役割と限界を守る。,公益財団法人 社会福祉振興・試験センター 第38回（令和7年度）介護福祉士国家試験; 問題: https://www.sssc.or.jp/kaigo/past_exam/pdf/no38/listen_k_am_38.html; 正答: https://www.sssc.or.jp/kaigo/past_exam/pdf/no38/k_kijun_seitou.pdf,,true
2026-38-011,2026,38,11,介護の基本,次の記述のうち、介護現場におけるレジオネラ菌の感染対策として、最も適切なものを1つ選びなさい。,感染者の衣類は、熱湯で煮沸消毒する。,提供する食品は、加熱調理を徹底する。,循環式浴槽は、塩素系薬剤を使用して消毒する。,ドアノブは、次亜塩素酸ナトリウム液で消毒する。,家庭用加湿器のタンクの水は、常に貯めておく。,3,正解は選択肢3「循環式浴槽は、塩素系薬剤を使用して消毒する。」である。この選択肢は、介護福祉職の倫理と自立支援、安全確保の原則に合う。本人の希望だけでなく、権利擁護と専門職の責任も併せて判断する。尊厳、自己決定、自立支援、安全確保を両立させ、介護福祉職の役割と限界を守る。,公益財団法人 社会福祉振興・試験センター 第38回（令和7年度）介護福祉士国家試験; 問題: https://www.sssc.or.jp/kaigo/past_exam/pdf/no38/listen_k_am_38.html; 正答: https://www.sssc.or.jp/kaigo/past_exam/pdf/no38/k_kijun_seitou.pdf,,true
2026-38-012,2026,38,12,介護の基本,介護福祉職が受けるストレスチェック制度に関する次の記述のうち、最も適切なものを1つ選びなさい。,3年に1回の実施が義務づけられている。,労働者数が常時100名の事業場は受検が免除される。,結果は労務管理を行う介護主任へ提供され、面接指導に活用する。,心理的な負担の程度を把握するためのものである。,高ストレスと判定された場合は、産業医による治療が必須である。,4,正解は選択肢4「心理的な負担の程度を把握するためのものである。」である。この選択肢は、介護福祉職の倫理と自立支援、安全確保の原則に合う。本人の希望だけでなく、権利擁護と専門職の責任も併せて判断する。尊厳、自己決定、自立支援、安全確保を両立させ、介護福祉職の役割と限界を守る。法令・制度・金額・対象要件は改正されることがあるため、受験時点の最新情報も確認する。,公益財団法人 社会福祉振興・試験センター 第38回（令和7年度）介護福祉士国家試験; 問題: https://www.sssc.or.jp/kaigo/past_exam/pdf/no38/listen_k_am_38.html; 正答: https://www.sssc.or.jp/kaigo/past_exam/pdf/no38/k_kijun_seitou.pdf,,true
2026-38-013,2026,38,13,社会の理解,民法の親族に関する次の記述のうち、正しいものを1つ選びなさい。,三親等内の血族を家族と規定している。,六親等内の姻族を親族と規定している。,いとこは互いに扶養する義務があると規定している。,同居する親族は互いに扶｛たす｝け合わなければならないと規定している。,養子と養親の間には、親族関係は生じない。,4,正解は選択肢4「同居する親族は互いに扶｛たす｝け合わなければならないと規定している。」である。この選択肢は、制度・機関の対象者と役割の組合せが正しい。類似する制度は、実施主体、対象、給付内容、相談窓口で区別する。制度問題は、対象者、実施主体、給付・サービスの内容、相談窓口を組み合わせて整理する。,公益財団法人 社会福祉振興・試験センター 第38回（令和7年度）介護福祉士国家試験; 問題: https://www.sssc.or.jp/kaigo/past_exam/pdf/no38/listen_k_am_38.html; 正答: https://www.sssc.or.jp/kaigo/past_exam/pdf/no38/k_kijun_seitou.pdf,,true
2026-38-014,2026,38,14,社会の理解,次の記述のうち、「令和4（2022）年  国民生活基礎調査」（厚生労働省）における、高齢者に関する調査結果として、適切なものを1つ選びなさい。,65歳以上の者のいる世帯の世帯構造で最も多いのは、親と未婚の子のみの世帯である。,高齢者世帯は5割以上を占めている。,要介護者等と同居の主な介護者の年齢の組合せでは、65歳以上同士が約6割を占めている。,介護が必要となった理由の第1位は、骨折・転倒である。,1世帯当たりの平均所得金額では、高齢者世帯では600万円を超えている。,3,正解は選択肢3「要介護者等と同居の主な介護者の年齢の組合せでは、65歳以上同士が約6割を占めている。」である。この選択肢は、制度・機関の対象者と役割の組合せが正しい。類似する制度は、実施主体、対象、給付内容、相談窓口で区別する。制度問題は、対象者、実施主体、給付・サービスの内容、相談窓口を組み合わせて整理する。法令・制度・金額・対象要件は改正されることがあるため、受験時点の最新情報も確認する。,公益財団法人 社会福祉振興・試験センター 第38回（令和7年度）介護福祉士国家試験; 問題: https://www.sssc.or.jp/kaigo/past_exam/pdf/no38/listen_k_am_38.html; 正答: https://www.sssc.or.jp/kaigo/past_exam/pdf/no38/k_kijun_seitou.pdf,,true
2026-38-015,2026,38,15,社会の理解,"Ａさん（78歳、女性）は、一人暮らしである。家事や買物は、時間はかかるが、できるだけ自分で取り組んでいる。近くに頼れる親族がいないため、緊急時にすぐに通報できる公共サービスを利用している。Ａさんは、定期的に市の窓口や地域包括支援センターに今後の生活支援について相談している。近所には、毎日散歩を一緒にしている友人グループがいて、散歩に来ない仲間がいると訪問して声をかけあっている。
次のうち、Ａさんの生活を支える自助に該当するものとして、最も適切なものを1つ選びなさい。",Ａさんが身辺のことを、時間をかけてもやること,緊急時にすぐに通報できる公共サービスを利用していること,市の窓口の職員が相談に応じること,地域包括支援センターの職員が相談に応じること,散歩仲間が声をかけあっていること,1,正解は選択肢1「Ａさんが身辺のことを、時間をかけてもやること」である。地域包括支援センターは、高齢者の総合相談、権利擁護、介護予防支援、包括的・継続的ケアマネジメント支援を担う。制度問題は、対象者、実施主体、給付・サービスの内容、相談窓口を組み合わせて整理する。,公益財団法人 社会福祉振興・試験センター 第38回（令和7年度）介護福祉士国家試験; 問題: https://www.sssc.or.jp/kaigo/past_exam/pdf/no38/listen_k_am_38.html; 正答: https://www.sssc.or.jp/kaigo/past_exam/pdf/no38/k_kijun_seitou.pdf,,true
2026-38-016,2026,38,16,社会の理解,介護保険制度における介護サービス利用に関する次の記述のうち、適切なものを1つ選びなさい。,65歳未満の者は、保険給付の対象外である。,保険給付には、支給限度額がある。,要介護認定の有効期限は、原則として3か月である。,保険給付による福祉用具の貸与は、要介護3以上の者が対象である。,地域包括支援センターに相談する前に、要介護認定を受ける必要がある。,2,正解は選択肢2「保険給付には、支給限度額がある。」である。この選択肢は、制度・機関の対象者と役割の組合せが正しい。類似する制度は、実施主体、対象、給付内容、相談窓口で区別する。制度問題は、対象者、実施主体、給付・サービスの内容、相談窓口を組み合わせて整理する。法令・制度・金額・対象要件は改正されることがあるため、受験時点の最新情報も確認する。,公益財団法人 社会福祉振興・試験センター 第38回（令和7年度）介護福祉士国家試験; 問題: https://www.sssc.or.jp/kaigo/past_exam/pdf/no38/listen_k_am_38.html; 正答: https://www.sssc.or.jp/kaigo/past_exam/pdf/no38/k_kijun_seitou.pdf,,true
2026-38-017,2026,38,17,社会の理解,"次の記述のうち、障害者福祉の歴史的展開として、最も適切なものを1つ選びなさい。
（注）  「精神薄弱者福祉法」とは、現在の知的障害者福祉法のことである。",国際連合の障害者の権利に関する条約の影響を受け、障害者基本法に「社会的障壁の除去」が規定された。,第二次世界大戦後5年以内に、優生保護法が廃止された。,「精神薄弱者福祉法」の制定によって、知的障害者の入所施設からの地域移行が推進された。,社会福祉基礎構造改革によって、高齢者より先に障害者の福祉制度が利用契約制度となった。,身体障害、知的障害、精神障害のうち、福祉に関する法律の制定が最も早かったのは知的障害である。,1,正解は選択肢1「国際連合の障害者の権利に関する条約の影響を受け、障害者基本法に「社会的障壁の除去」が規定された。」である。この選択肢は、制度・機関の対象者と役割の組合せが正しい。類似する制度は、実施主体、対象、給付内容、相談窓口で区別する。制度問題は、対象者、実施主体、給付・サービスの内容、相談窓口を組み合わせて整理する。法令・制度・金額・対象要件は改正されることがあるため、受験時点の最新情報も確認する。,公益財団法人 社会福祉振興・試験センター 第38回（令和7年度）介護福祉士国家試験; 問題: https://www.sssc.or.jp/kaigo/past_exam/pdf/no38/listen_k_am_38.html; 正答: https://www.sssc.or.jp/kaigo/past_exam/pdf/no38/k_kijun_seitou.pdf,,true
2026-38-018,2026,38,18,社会の理解,次の記述のうち、障害者福祉に関係する機関やシステムとして、最も適切なものを1つ選びなさい。,地域活動支援センターは、補装具の判定を行う。,基幹相談支援センターには、介護福祉士の配置が義務となっている。,都道府県は、身体障害者更生相談所を設置しなければならない。,都道府県は、障害支援区分の認定を行う。,利用者負担の額は、市町村障害福祉計画によって決められる。,3,正解は選択肢3「都道府県は、身体障害者更生相談所を設置しなければならない。」である。この選択肢は、制度・機関の対象者と役割の組合せが正しい。類似する制度は、実施主体、対象、給付内容、相談窓口で区別する。制度問題は、対象者、実施主体、給付・サービスの内容、相談窓口を組み合わせて整理する。法令・制度・金額・対象要件は改正されることがあるため、受験時点の最新情報も確認する。,公益財団法人 社会福祉振興・試験センター 第38回（令和7年度）介護福祉士国家試験; 問題: https://www.sssc.or.jp/kaigo/past_exam/pdf/no38/listen_k_am_38.html; 正答: https://www.sssc.or.jp/kaigo/past_exam/pdf/no38/k_kijun_seitou.pdf,,true
2026-38-019,2026,38,19,社会の理解,障害者虐待防止に関する次の記述のうち、適切なものを1つ選びなさい。,養護者による虐待が疑われる障害者を発見した場合、都道府県へ通報する義務がある。,著しく拒絶的な対応は身体的虐待に当てはまる。,使用者による障害者虐待は含まれない。,行政職員が障害者福祉施設等に、立ち入り調査を行うことは許されていない。,虐待を発見した障害者福祉施設従事者が通報した場合、業務上の守秘義務違反にはならない。,5,正解は選択肢5「虐待を発見した障害者福祉施設従事者が通報した場合、業務上の守秘義務違反にはならない。」である。この選択肢は、制度・機関の対象者と役割の組合せが正しい。類似する制度は、実施主体、対象、給付内容、相談窓口で区別する。制度問題は、対象者、実施主体、給付・サービスの内容、相談窓口を組み合わせて整理する。,公益財団法人 社会福祉振興・試験センター 第38回（令和7年度）介護福祉士国家試験; 問題: https://www.sssc.or.jp/kaigo/past_exam/pdf/no38/listen_k_am_38.html; 正答: https://www.sssc.or.jp/kaigo/past_exam/pdf/no38/k_kijun_seitou.pdf,,true
2026-38-020,2026,38,20,社会の理解,"Ａさん（82歳、女性、要介護1）は、自宅で一人暮らしをしている。外出機会が少ないＡさんを心配して、民生委員が定期的に見守りを行っている。ある日、民生委員から地域包括支援センターに、「Ａさんのように、家に閉じこもりがちな要介護者が増えている。民生委員だけでは十分な見守りができない」と相談があった。
次の記述のうち、地域包括支援センターの職員の対応として、最も適切なものを1つ選びなさい。",高齢者本人による相談が原則のため、Ａさん自身が相談に来るように促す。,介護サービスを利用するため、Ａさんのケアプランを作成する。,フォーマルな社会資源の活用を優先し、民生委員のかかわりを制限する。,地域ケア会議において、関係者と地域課題について話し合う。,要介護者の実態を把握するために、介護保険審査会を設置する。,4,正解は選択肢4「地域ケア会議において、関係者と地域課題について話し合う。」である。地域包括支援センターは、高齢者の総合相談、権利擁護、介護予防支援、包括的・継続的ケアマネジメント支援を担う。制度問題は、対象者、実施主体、給付・サービスの内容、相談窓口を組み合わせて整理する。,公益財団法人 社会福祉振興・試験センター 第38回（令和7年度）介護福祉士国家試験; 問題: https://www.sssc.or.jp/kaigo/past_exam/pdf/no38/listen_k_am_38.html; 正答: https://www.sssc.or.jp/kaigo/past_exam/pdf/no38/k_kijun_seitou.pdf,,true
2026-38-021,2026,38,21,社会の理解,法定後見制度に関する次の記述のうち、正しいものを1つ選びなさい。,65歳未満の者は利用することができない。,判断能力が十分ある者には、後見人をつけることができない。,市町村長は、後見開始の審判を請求することができない。,法人を後見人に選任することはできない。,後見人は財産管理を行うことはできない。,2,正解は選択肢2「判断能力が十分ある者には、後見人をつけることができない。」である。この選択肢は、制度・機関の対象者と役割の組合せが正しい。類似する制度は、実施主体、対象、給付内容、相談窓口で区別する。制度問題は、対象者、実施主体、給付・サービスの内容、相談窓口を組み合わせて整理する。法令・制度・金額・対象要件は改正されることがあるため、受験時点の最新情報も確認する。,公益財団法人 社会福祉振興・試験センター 第38回（令和7年度）介護福祉士国家試験; 問題: https://www.sssc.or.jp/kaigo/past_exam/pdf/no38/listen_k_am_38.html; 正答: https://www.sssc.or.jp/kaigo/past_exam/pdf/no38/k_kijun_seitou.pdf,,true
2026-38-022,2026,38,22,社会の理解,有料老人ホームに関する次の記述のうち、適切なものを1つ選びなさい。,入居する高齢者に、介護、食事の提供、家事、健康管理のうち1つ以上のサービスを提供する。,状況把握サービスと生活相談サービスの提供が義務づけられている。,自立した高齢者は、入居の対象外である。,共生型サービスとして、指定を受けることができる。,介護保険制度の指定対象外である。,1,正解は選択肢1「入居する高齢者に、介護、食事の提供、家事、健康管理のうち1つ以上のサービスを提供する。」である。この選択肢は、制度・機関の対象者と役割の組合せが正しい。類似する制度は、実施主体、対象、給付内容、相談窓口で区別する。制度問題は、対象者、実施主体、給付・サービスの内容、相談窓口を組み合わせて整理する。,公益財団法人 社会福祉振興・試験センター 第38回（令和7年度）介護福祉士国家試験; 問題: https://www.sssc.or.jp/kaigo/past_exam/pdf/no38/listen_k_am_38.html; 正答: https://www.sssc.or.jp/kaigo/past_exam/pdf/no38/k_kijun_seitou.pdf,,true
2026-38-023,2026,38,23,社会の理解,生活困窮者自立支援法に関する記述のうち、適切なものを1つ選びなさい。,障害者は対象から除外されている。,生活困窮者自立相談支援事業は、社会福祉法人へ委託できない。,生活困窮者自立相談支援事業は、市にとって任意事業である。,生活困窮者住居確保給付金の支給は、市にとって必須事業である。,都道府県の責務は規定されていない。,4,正解は選択肢4「生活困窮者住居確保給付金の支給は、市にとって必須事業である。」である。この選択肢は、制度・機関の対象者と役割の組合せが正しい。類似する制度は、実施主体、対象、給付内容、相談窓口で区別する。制度問題は、対象者、実施主体、給付・サービスの内容、相談窓口を組み合わせて整理する。法令・制度・金額・対象要件は改正されることがあるため、受験時点の最新情報も確認する。,公益財団法人 社会福祉振興・試験センター 第38回（令和7年度）介護福祉士国家試験; 問題: https://www.sssc.or.jp/kaigo/past_exam/pdf/no38/listen_k_am_38.html; 正答: https://www.sssc.or.jp/kaigo/past_exam/pdf/no38/k_kijun_seitou.pdf,,true
2026-38-024,2026,38,24,社会の理解,次の記述のうち、生活保護制度における補足性の原理として、適切なものを1つ選びなさい。,申請に基づいて保護を行う。,国の定める基準によって測定された需要をもとに保護を行う。,個人の必要に応じてできるだけ早く保護を行う。,資産・能力を活用した上で保護を行う。,世帯を単位として保護を行う。,4,正解は選択肢4「資産・能力を活用した上で保護を行う。」である。この選択肢は、制度・機関の対象者と役割の組合せが正しい。類似する制度は、実施主体、対象、給付内容、相談窓口で区別する。制度問題は、対象者、実施主体、給付・サービスの内容、相談窓口を組み合わせて整理する。法令・制度・金額・対象要件は改正されることがあるため、受験時点の最新情報も確認する。,公益財団法人 社会福祉振興・試験センター 第38回（令和7年度）介護福祉士国家試験; 問題: https://www.sssc.or.jp/kaigo/past_exam/pdf/no38/listen_k_am_38.html; 正答: https://www.sssc.or.jp/kaigo/past_exam/pdf/no38/k_kijun_seitou.pdf,,true
2026-38-025,2026,38,25,人間関係とコミュニケーション,"新人職員のＡさん（20歳）は、子どもの頃からの夢だった介護福祉職になり、がんばって働いていた。ただ、介護の技術をもっと学ぶ必要があるといつも感じていた。ある日、利用者Ｂさんに、「Ａさんじゃダメだ、別の人を呼んで」と言われて、ショックを受けた。悩むうちに利用者とかかわりたくないと感じるようになり、眠れなくなってしまった。
次の記述のうち、このような状況にあるＡさんが、ストレスを取り除くためにまず行うべき対処方法として、最も適切なものを1つ選びなさい。",つらさから逃げず、学びが足りないことを自覚する。,介護の技術がうまくなるために、全力で取り組む。,眠れるように、毎晩飲酒する。,上司や同僚などに悩みを話して、助言を受ける。,介護福祉職には向かないと判断して、転職する。,4,正解は選択肢4「上司や同僚などに悩みを話して、助言を受ける。」である。この選択肢は、相手との相互理解やチーム内の情報共有という目的に合う。権威や多数派への同調だけでは個別の目標を共有できない。相手の理解力や感情に合わせ、言語・準言語・非言語の手段を使い分けることが基本である。,公益財団法人 社会福祉振興・試験センター 第38回（令和7年度）介護福祉士国家試験; 問題: https://www.sssc.or.jp/kaigo/past_exam/pdf/no38/listen_k_am_38.html; 正答: https://www.sssc.or.jp/kaigo/past_exam/pdf/no38/k_kijun_seitou.pdf,,true
2026-38-026,2026,38,26,人間関係とコミュニケーション,"Ａさんは有料老人ホームに入所したばかりである。ある日、廊下を行ったり来たりしているＡさんに、Ｂ介護福祉職が声をかけた。Ａさんは、「私の部屋はどこですか」と困った様子で答えた。Ｂ介護福祉職が、「ここから2つ隣の部屋です」と伝えると、Ａさんは、「どこですか」と不安そうな表情で聞いた。Ｂ介護福祉職は非言語的コミュニケーションを用いて伝えることにした。
次の記述のうち、Ｂ介護福祉職が用いた非言語的コミュニケーションとして、最も適切なものを1つ選びなさい。",ゆっくり話した。,大きな声で伝えた。,Ａさんの部屋の番号を紙に書いて渡した。,Ａさんに近づいた。,Ａさんの部屋のドアを指差した。,5,正解は選択肢5「Ａさんの部屋のドアを指差した。」である。この選択肢は、相手との相互理解やチーム内の情報共有という目的に合う。権威や多数派への同調だけでは個別の目標を共有できない。相手の理解力や感情に合わせ、言語・準言語・非言語の手段を使い分けることが基本である。,公益財団法人 社会福祉振興・試験センター 第38回（令和7年度）介護福祉士国家試験; 問題: https://www.sssc.or.jp/kaigo/past_exam/pdf/no38/listen_k_am_38.html; 正答: https://www.sssc.or.jp/kaigo/past_exam/pdf/no38/k_kijun_seitou.pdf,,true
2026-38-027,2026,38,27,人間関係とコミュニケーション,次のうち、介護福祉施設におけるコンプライアンスの意味として、最も適切なものを1つ選びなさい。,法令を遵守すること,給与を引き上げること,連携を促進すること,介護技術の向上に努めること,管理体制を強化すること,1,正解は選択肢1「法令を遵守すること」である。この選択肢は、相手との相互理解やチーム内の情報共有という目的に合う。権威や多数派への同調だけでは個別の目標を共有できない。相手の理解力や感情に合わせ、言語・準言語・非言語の手段を使い分けることが基本である。法令・制度・金額・対象要件は改正されることがあるため、受験時点の最新情報も確認する。,公益財団法人 社会福祉振興・試験センター 第38回（令和7年度）介護福祉士国家試験; 問題: https://www.sssc.or.jp/kaigo/past_exam/pdf/no38/listen_k_am_38.html; 正答: https://www.sssc.or.jp/kaigo/past_exam/pdf/no38/k_kijun_seitou.pdf,,true
2026-38-028,2026,38,28,人間関係とコミュニケーション,"入社して3か月のＡ介護福祉職は、初めて夜勤を経験したとき、排泄｛はいせつ｝チェック表の記入でミスをしてしまった。起床介助で忙しい時間に記入したために、記載箇所を間違えてしまった。Ａ介護福祉職は自身のミスを受け入れられず、落ち込んでいる。
次の記述のうち、Ａ介護福祉職に対する支持的スーパービジョンとして、最も適切なものを1つ選びなさい。",同僚と一緒に排泄｛はいせつ｝チェック表を確認する。,施設長から再発防止に向けた対応を指示する。,上司がＡ介護福祉職の気持ちの理解に努めつつ、状況を確認する。,看護師が利用者のその後の状況を確認する。,業務マニュアルを見直して、上司が必要な修正を行う。,3,正解は選択肢3「上司がＡ介護福祉職の気持ちの理解に努めつつ、状況を確認する。」である。実施前に本人の状態や環境を確認し、得られた情報に基づいて次の対応を選ぶ。相手の理解力や感情に合わせ、言語・準言語・非言語の手段を使い分けることが基本である。,公益財団法人 社会福祉振興・試験センター 第38回（令和7年度）介護福祉士国家試験; 問題: https://www.sssc.or.jp/kaigo/past_exam/pdf/no38/listen_k_am_38.html; 正答: https://www.sssc.or.jp/kaigo/past_exam/pdf/no38/k_kijun_seitou.pdf,,true
2026-38-029,2026,38,29,コミュニケーション技術,次のうち、利用者とのコミュニケーション場面で、介護福祉職が行う自己開示の目的として、最も適切なものを1つ選びなさい。,自己の潜在意識を活用するため,利用者との信頼関係を評価するため,利用者に自分自身の情報を知らせるため,利用者との信頼関係を形成するため,自己を深く分析し、客観的に理解するため,4,正解は選択肢4「利用者との信頼関係を形成するため」である。この応答は、相手の感情と理解の仕方に合わせた双方向のコミュニケーションになっている。説得や評価を急ぐ選択肢は避ける。まず受容・共感して本人のペースを守り、障害特性に応じた伝達方法を選ぶ。,公益財団法人 社会福祉振興・試験センター 第38回（令和7年度）介護福祉士国家試験; 問題: https://www.sssc.or.jp/kaigo/past_exam/pdf/no38/listen_k_am_38.html; 正答: https://www.sssc.or.jp/kaigo/past_exam/pdf/no38/k_kijun_seitou.pdf,,true
2026-38-030,2026,38,30,コミュニケーション技術,"Ａ介護福祉職は、認知症（dementia）のあるＢさん（80歳、女性）と会話をしている。Ｂさんは、「私は小さい頃毎年お祭りに行くことが楽しみでね」「なんだか最近ひざが痛いような気がしてね」「今から何をしようかしらね」と、次々に話している。Ａ介護福祉職は、Ｂさんが混乱しないように、「Ｂさん、子どもの頃の思い出や体調のことをお話しくださっているのですね」と返答した。
次のうち、Ａ介護福祉職が行ったコミュニケーション技術として、最も適切なものを1つ選びなさい。",要約,承認,賞賛,共感,同意,1,正解は選択肢1「要約」である。この応答は、相手の感情と理解の仕方に合わせた双方向のコミュニケーションになっている。説得や評価を急ぐ選択肢は避ける。まず受容・共感して本人のペースを守り、障害特性に応じた伝達方法を選ぶ。,公益財団法人 社会福祉振興・試験センター 第38回（令和7年度）介護福祉士国家試験; 問題: https://www.sssc.or.jp/kaigo/past_exam/pdf/no38/listen_k_am_38.html; 正答: https://www.sssc.or.jp/kaigo/past_exam/pdf/no38/k_kijun_seitou.pdf,,true
2026-38-031,2026,38,31,コミュニケーション技術,次の記述のうち、利用者の家族との関係づくりにおける介護福祉職の基本姿勢として、最も適切なものを1つ選びなさい。,お互いの緊張が解けるまでじっと待つ。,介護福祉職のペースで話を進める。,利用者の意向よりも家族の意向を優先する。,家族への連絡は最小限にする。,利用者支援で協働するパートナーとして接する。,5,正解は選択肢5「利用者支援で協働するパートナーとして接する。」である。この応答は、相手の感情と理解の仕方に合わせた双方向のコミュニケーションになっている。説得や評価を急ぐ選択肢は避ける。まず受容・共感して本人のペースを守り、障害特性に応じた伝達方法を選ぶ。,公益財団法人 社会福祉振興・試験センター 第38回（令和7年度）介護福祉士国家試験; 問題: https://www.sssc.or.jp/kaigo/past_exam/pdf/no38/listen_k_am_38.html; 正答: https://www.sssc.or.jp/kaigo/past_exam/pdf/no38/k_kijun_seitou.pdf,,true
2026-38-032,2026,38,32,コミュニケーション技術,"Ａさん（80歳、女性、要介護3）は中途障害の全盲である。介護老人福祉施設に入所している。最近、食堂の席の入れ替えがあった。Ａさんは同じテーブルの利用者同士の会話を、自分に向けて話しかけられていると思って、応答した。しかし、誰からも反応はなく、Ａさんは下を向いてしまった。その様子を見たＢ介護福祉職は、Ａさんの状況に対応するために、同じテーブルの利用者にＡさんの事情を話し、協力を求めた。
次の記述のうち、Ｂ介護福祉職が同じテーブルの利用者に協力を依頼した内容として、最も適切なものを1つ選びなさい。",Ａさんは疲れているので、部屋で休むように伝えてほしい。,Ａさんは不安なので、そっと手を握ってほしい。,Ａさんにもわかるように、話す相手の名前を呼んでから話しかけてほしい。,Ａさんが混乱するので、食堂での会話は控えてほしい。,Ａさんは施設の予定がわからないので、これから食事だと教えてほしい。,3,正解は選択肢3「Ａさんにもわかるように、話す相手の名前を呼んでから話しかけてほしい。」である。この応答は、相手の感情と理解の仕方に合わせた双方向のコミュニケーションになっている。説得や評価を急ぐ選択肢は避ける。まず受容・共感して本人のペースを守り、障害特性に応じた伝達方法を選ぶ。,公益財団法人 社会福祉振興・試験センター 第38回（令和7年度）介護福祉士国家試験; 問題: https://www.sssc.or.jp/kaigo/past_exam/pdf/no38/listen_k_am_38.html; 正答: https://www.sssc.or.jp/kaigo/past_exam/pdf/no38/k_kijun_seitou.pdf,,true
2026-38-033,2026,38,33,コミュニケーション技術,"Ａさん（72歳、男性）は記憶障害があり、介護施設に入居している。ある日、介護福祉職にＡさんが、「あの、ちょっとお願いがあるんです。ええとね、実は、お昼ご飯をほとんど残しちゃいました…。それでね…、あ、あれかな、調理師さんはがっかりしたかな、私はずっと食堂をやっていたんですよ。店はけっこう繁盛していたけど閉めることになってね。あ、ええと何の話だったかな…」と話しかけてきた。
次のうち、このときのＡさんの発言を促すための介護福祉職の応答として、最も適切なものを1つ選びなさい。",「Ａさんは、お店を閉めたくなかったのですね」,「Ａさんは、どんな料理が得意だったのですか」,「調理師さんのことは気にしなくていいですよ」,「どこかからだの具合が悪いのではないですか」,「何かお願いがあるのではありませんか」,5,正解は選択肢5「「何かお願いがあるのではありませんか」」である。この応答は、相手の感情と理解の仕方に合わせた双方向のコミュニケーションになっている。説得や評価を急ぐ選択肢は避ける。まず受容・共感して本人のペースを守り、障害特性に応じた伝達方法を選ぶ。,公益財団法人 社会福祉振興・試験センター 第38回（令和7年度）介護福祉士国家試験; 問題: https://www.sssc.or.jp/kaigo/past_exam/pdf/no38/listen_k_am_38.html; 正答: https://www.sssc.or.jp/kaigo/past_exam/pdf/no38/k_kijun_seitou.pdf,,true
2026-38-034,2026,38,34,コミュニケーション技術,次の記述のうち、客観的事実に該当するものとして、最も適切なものを1つ選びなさい。,利用者Ａは、楽しかったはずだ。,利用者Ａは、朝食のパンを残した。,利用者Ａは、何か言いたそうだった。,利用者Ａは、不安だったと思う。,利用者Ａは、退屈そうにしていた。,2,正解は選択肢2「利用者Ａは、朝食のパンを残した。」である。この応答は、相手の感情と理解の仕方に合わせた双方向のコミュニケーションになっている。説得や評価を急ぐ選択肢は避ける。まず受容・共感して本人のペースを守り、障害特性に応じた伝達方法を選ぶ。,公益財団法人 社会福祉振興・試験センター 第38回（令和7年度）介護福祉士国家試験; 問題: https://www.sssc.or.jp/kaigo/past_exam/pdf/no38/listen_k_am_38.html; 正答: https://www.sssc.or.jp/kaigo/past_exam/pdf/no38/k_kijun_seitou.pdf,,true
2026-38-035,2026,38,35,生活支援技術,次の記述のうち、介護福祉職が行う利用者の生活支援として、最も適切なものを1つ選びなさい。,利用者ができないことを代わりに行うことに重点を置く。,利用者の全体像をとらえて支援する。,利用者がすべてを自分一人でできるようにする。,利用者の生活の効率化を図ることを目標にする。,利用者に同情する気持ちで寄り添う。,2,正解は選択肢2「利用者の全体像をとらえて支援する。」である。この方法は、動作の安定性と本人が持つ力を生かす点で適切である。介助者がすべて行う方法や、不自然な姿勢・動線になる方法は避ける。本人の残存能力を生かし、安定した姿勢、動作の順序、福祉用具、環境調整によって安全と自立を支える。,公益財団法人 社会福祉振興・試験センター 第38回（令和7年度）介護福祉士国家試験; 問題: https://www.sssc.or.jp/kaigo/past_exam/pdf/no38/listen_k_am_38.html; 正答: https://www.sssc.or.jp/kaigo/past_exam/pdf/no38/k_kijun_seitou.pdf,,true
2026-38-036,2026,38,36,生活支援技術,介護老人福祉施設における、快適な室内環境に関する次の記述のうち、最も適切なものを1つ選びなさい。,風の通り道をつくって、換気を行う。,手すりは、壁紙と同じ色を使う。,ベッドライトの光源は、利用者の目に直接あたるように調整する。,カビの発生を予防するために、湿度は高く保つ。,靴音を小さくするために、硬い床材にする。,1,正解は選択肢1「風の通り道をつくって、換気を行う。」である。この方法は、動作の安定性と本人が持つ力を生かす点で適切である。介助者がすべて行う方法や、不自然な姿勢・動線になる方法は避ける。本人の残存能力を生かし、安定した姿勢、動作の順序、福祉用具、環境調整によって安全と自立を支える。,公益財団法人 社会福祉振興・試験センター 第38回（令和7年度）介護福祉士国家試験; 問題: https://www.sssc.or.jp/kaigo/past_exam/pdf/no38/listen_k_am_38.html; 正答: https://www.sssc.or.jp/kaigo/past_exam/pdf/no38/k_kijun_seitou.pdf,,true
2026-38-037,2026,38,37,生活支援技術,パーキンソン病（Parkinson disease）の人の住まいに関する次の記述のうち、最も適切なものを1つ選びなさい。,玄関の段差には、スロープを設置する。,廊下の床には、歩幅に合わせて目印をつける。,リビングの床には、大きさの違うカーペットを重ねて敷く。,移動空間が狭くなるように、家具を配置する。,リビングは1階、浴室は2階にして、階段で行き来する。,2,正解は選択肢2「廊下の床には、歩幅に合わせて目印をつける。」である。この方法は、動作の安定性と本人が持つ力を生かす点で適切である。介助者がすべて行う方法や、不自然な姿勢・動線になる方法は避ける。本人の残存能力を生かし、安定した姿勢、動作の順序、福祉用具、環境調整によって安全と自立を支える。,公益財団法人 社会福祉振興・試験センター 第38回（令和7年度）介護福祉士国家試験; 問題: https://www.sssc.or.jp/kaigo/past_exam/pdf/no38/listen_k_am_38.html; 正答: https://www.sssc.or.jp/kaigo/past_exam/pdf/no38/k_kijun_seitou.pdf,,true
2026-38-038,2026,38,38,生活支援技術,次の記述のうち、歩行が不安定になり、移動の意欲が低下している利用者に対する介護として、最も適切なものを1つ選びなさい。,福祉用具の使用は避けて、自力での歩行を目指すように促す。,移動の目的を伝えるよりも、歩行機能の改善を優先する。,成功体験を積み重ねることができるように、達成可能な歩行の目標距離を設定する。,歩行の不安定さに合わせて、移動範囲を縮小する。,本人が希望しなくても、介護福祉職の判断で毎日歩くことを目標にする。,3,正解は選択肢3「成功体験を積み重ねることができるように、達成可能な歩行の目標距離を設定する。」である。この方法は、動作の安定性と本人が持つ力を生かす点で適切である。介助者がすべて行う方法や、不自然な姿勢・動線になる方法は避ける。本人の残存能力を生かし、安定した姿勢、動作の順序、福祉用具、環境調整によって安全と自立を支える。,公益財団法人 社会福祉振興・試験センター 第38回（令和7年度）介護福祉士国家試験; 問題: https://www.sssc.or.jp/kaigo/past_exam/pdf/no38/listen_k_am_38.html; 正答: https://www.sssc.or.jp/kaigo/past_exam/pdf/no38/k_kijun_seitou.pdf,,true
2026-38-039,2026,38,39,生活支援技術,次の記述のうち、右片麻痺｛みぎかたまひ｝のある利用者に対する、仰臥位｛ぎょうがい｝（背臥位｛はいがい｝）から車いすへの移乗の介護として、最も適切なものを1つ選びなさい。,利用者に右側臥位｛みぎそくがい｝になって起き上がるように促す。,端座位になった利用者の左側に立つ。,端座位になった利用者の右側に、車いすを置く。,車いすのフットサポートは下げておく。,移乗するときは、利用者に前傾姿勢をとるように促す。,5,正解は選択肢5「移乗するときは、利用者に前傾姿勢をとるように促す。」である。一律に代行せず、本人が安全にできる方法を示して自己決定と残存能力を支える。本人の残存能力を生かし、安定した姿勢、動作の順序、福祉用具、環境調整によって安全と自立を支える。,公益財団法人 社会福祉振興・試験センター 第38回（令和7年度）介護福祉士国家試験; 問題: https://www.sssc.or.jp/kaigo/past_exam/pdf/no38/listen_k_am_38.html; 正答: https://www.sssc.or.jp/kaigo/past_exam/pdf/no38/k_kijun_seitou.pdf,,true
2026-38-040,2026,38,40,生活支援技術,視覚障害者の歩行時の誘導に関する次の記述のうち、最も適切なものを1つ選びなさい。,介護福祉職は、利用者の半歩後ろで背中を支えながら歩く。,介護福祉職は、白杖｛はくじょう｝に触れながら歩く。,狭い通路では、介護福祉職は利用者の後ろを歩く。,階段利用時は、介護福祉職は階段の前で声かけして止まる。,介護福祉職は、利用者が握っている上肢を振って歩く。,4,正解は選択肢4「階段利用時は、介護福祉職は階段の前で声かけして止まる。」である。この方法は、動作の安定性と本人が持つ力を生かす点で適切である。介助者がすべて行う方法や、不自然な姿勢・動線になる方法は避ける。本人の残存能力を生かし、安定した姿勢、動作の順序、福祉用具、環境調整によって安全と自立を支える。,公益財団法人 社会福祉振興・試験センター 第38回（令和7年度）介護福祉士国家試験; 問題: https://www.sssc.or.jp/kaigo/past_exam/pdf/no38/listen_k_am_38.html; 正答: https://www.sssc.or.jp/kaigo/past_exam/pdf/no38/k_kijun_seitou.pdf,,true
2026-38-041,2026,38,41,生活支援技術,身じたくの目的に関する次の記述のうち、国際生活機能分類（ＩＣＦ）における「心身機能・身体構造」の観点が考えられるものとして、最も適切なものを1つ選びなさい。,体温を調整する。,身体を清潔に保つ。,セルフケアを行う。,自分を表現する。,周囲との人間関係を調整する。,1,正解は選択肢1「体温を調整する。」である。この方法は、動作の安定性と本人が持つ力を生かす点で適切である。介助者がすべて行う方法や、不自然な姿勢・動線になる方法は避ける。本人の残存能力を生かし、安定した姿勢、動作の順序、福祉用具、環境調整によって安全と自立を支える。,公益財団法人 社会福祉振興・試験センター 第38回（令和7年度）介護福祉士国家試験; 問題: https://www.sssc.or.jp/kaigo/past_exam/pdf/no38/listen_k_am_38.html; 正答: https://www.sssc.or.jp/kaigo/past_exam/pdf/no38/k_kijun_seitou.pdf,,true
2026-38-042,2026,38,42,生活支援技術,次の記述のうち、介護が必要な利用者への口腔｛こうくう｝ケアとして、最も適切なものを1つ選びなさい。,仰臥位｛ぎょうがい｝（背臥位｛はいがい｝）で行う。,歯垢｛しこう｝を除去するためにうがいをしてもらう。,歯ブラシで歯を1、2本ずつ磨く。,スポンジブラシは乾いた状態で使用する。,部分床義歯（局部床義歯）はつけたまま行う。,3,正解は選択肢3「歯ブラシで歯を1、2本ずつ磨く。」である。この方法は、動作の安定性と本人が持つ力を生かす点で適切である。介助者がすべて行う方法や、不自然な姿勢・動線になる方法は避ける。本人の残存能力を生かし、安定した姿勢、動作の順序、福祉用具、環境調整によって安全と自立を支える。,公益財団法人 社会福祉振興・試験センター 第38回（令和7年度）介護福祉士国家試験; 問題: https://www.sssc.or.jp/kaigo/past_exam/pdf/no38/listen_k_am_38.html; 正答: https://www.sssc.or.jp/kaigo/past_exam/pdf/no38/k_kijun_seitou.pdf,,true
2026-38-043,2026,38,43,生活支援技術,次のうち、右片麻痺｛みぎかたまひ｝の利用者が前開きの上着を着脱するときに介護福祉職が行う説明として、最も適切なものを1つ選びなさい。,「脱ぐときは、左肩の衣服を下げてから、右側の袖から腕を抜きましょう」,「脱ぐときは、右肩の衣服を下げてから、右側の袖から腕を抜きましょう」,「襟元を手前にして、腿｛もも｝の上に置きましょう」,「着るときは、右袖を肘まで通してから、左袖を通しましょう」,「着るときは、右袖を肩まで通してから、左袖を通しましょう」,5,正解は選択肢5「「着るときは、右袖を肩まで通してから、左袖を通しましょう」」である。この方法は、動作の安定性と本人が持つ力を生かす点で適切である。介助者がすべて行う方法や、不自然な姿勢・動線になる方法は避ける。本人の残存能力を生かし、安定した姿勢、動作の順序、福祉用具、環境調整によって安全と自立を支える。,公益財団法人 社会福祉振興・試験センター 第38回（令和7年度）介護福祉士国家試験; 問題: https://www.sssc.or.jp/kaigo/past_exam/pdf/no38/listen_k_am_38.html; 正答: https://www.sssc.or.jp/kaigo/past_exam/pdf/no38/k_kijun_seitou.pdf,,true
2026-38-044,2026,38,44,生活支援技術,次の記述のうち、介護老人福祉施設における食事に関する支援として、最も適切なものを1つ選びなさい。,食堂の換気は、不要である。,食事中は、会話を控えるようにする。,食事が楽しくなるような雰囲気をつくる。,食べ終わった利用者の食器は、すぐに下膳する。,照明は、明るさを25ルクス（lx）以下にする。,3,正解は選択肢3「食事が楽しくなるような雰囲気をつくる。」である。この方法は、動作の安定性と本人が持つ力を生かす点で適切である。介助者がすべて行う方法や、不自然な姿勢・動線になる方法は避ける。本人の残存能力を生かし、安定した姿勢、動作の順序、福祉用具、環境調整によって安全と自立を支える。,公益財団法人 社会福祉振興・試験センター 第38回（令和7年度）介護福祉士国家試験; 問題: https://www.sssc.or.jp/kaigo/past_exam/pdf/no38/listen_k_am_38.html; 正答: https://www.sssc.or.jp/kaigo/past_exam/pdf/no38/k_kijun_seitou.pdf,,true
2026-38-045,2026,38,45,生活支援技術,次の記述のうち、椅子に座って食事をするときに、利用者が食事をしやすい姿勢を確保するための介護として、最も適切なものを1つ選びなさい。,足底を床につけてもらう。,テーブルと身体の間は30cm離してもらう。,椅子に浅く座ってもらう。,体幹を後方に傾けてもらう。,顎を上げてもらう。,1,正解は選択肢1「足底を床につけてもらう。」である。この方法は、動作の安定性と本人が持つ力を生かす点で適切である。介助者がすべて行う方法や、不自然な姿勢・動線になる方法は避ける。本人の残存能力を生かし、安定した姿勢、動作の順序、福祉用具、環境調整によって安全と自立を支える。,公益財団法人 社会福祉振興・試験センター 第38回（令和7年度）介護福祉士国家試験; 問題: https://www.sssc.or.jp/kaigo/past_exam/pdf/no38/listen_k_am_38.html; 正答: https://www.sssc.or.jp/kaigo/past_exam/pdf/no38/k_kijun_seitou.pdf,,true
2026-38-046,2026,38,46,生活支援技術,咀嚼機能｛そしゃくきのう｝が低下した利用者の食事介護に関する次の記述のうち、最も適切なものを1つ選びなさい。,大きめのスプーンで吸い込むように食べてもらう。,一口量は、ティースプーンに軽く一杯を目安にする。,食べる順番は、介護福祉職の判断で行う。,スプーンは、舌の奥にのせるように入れる。,咀嚼｛そしゃく｝が始まったら、すぐに次の食べ物を口に入れる。,2,正解は選択肢2「一口量は、ティースプーンに軽く一杯を目安にする。」である。この方法は、動作の安定性と本人が持つ力を生かす点で適切である。介助者がすべて行う方法や、不自然な姿勢・動線になる方法は避ける。本人の残存能力を生かし、安定した姿勢、動作の順序、福祉用具、環境調整によって安全と自立を支える。,公益財団法人 社会福祉振興・試験センター 第38回（令和7年度）介護福祉士国家試験; 問題: https://www.sssc.or.jp/kaigo/past_exam/pdf/no38/listen_k_am_38.html; 正答: https://www.sssc.or.jp/kaigo/past_exam/pdf/no38/k_kijun_seitou.pdf,,true
2026-38-047,2026,38,47,生活支援技術,"Ａさん（80歳、女性、要介護3）は、介護老人福祉施設で生活している。食事は見守りのもとでほぼ自力で摂取しているが、嚥下機能｛えんげきのう｝は低下してきている。医師からは、食事摂取に配慮するように指導されている。ある日の昼食中、Ａさんは食事を1/3ほど食べたところで箸を止め、表情がこわばり、呼吸もやや浅くなった。
次の記述のうち、介護福祉職が医療職に報告すると同時に、最初に行う対応として、最も適切なものを1つ選びなさい。",血圧を測定する。,口腔｛こうくう｝の状況を観察する。,口すぼめ呼吸を促す。,その場で仰臥位｛ぎょうがい｝（背臥位｛はいがい｝）になってもらう。,すぐに薬を服用してもらう。,2,正解は選択肢2「口腔｛こうくう｝の状況を観察する。」である。観察では平常時との違いを具体的に捉え、緊急度の高い変化から報告する。本人の残存能力を生かし、安定した姿勢、動作の順序、福祉用具、環境調整によって安全と自立を支える。,公益財団法人 社会福祉振興・試験センター 第38回（令和7年度）介護福祉士国家試験; 問題: https://www.sssc.or.jp/kaigo/past_exam/pdf/no38/listen_k_am_38.html; 正答: https://www.sssc.or.jp/kaigo/past_exam/pdf/no38/k_kijun_seitou.pdf,,true
2026-38-048,2026,38,48,生活支援技術,ベッド上で行う陰部洗浄に関する次の記述のうち、最も適切なものを1つ選びなさい。,滅菌手袋を使用して行う。,上半身はベッドの手前端に移動する。,バスタオルで両下肢を包む。,洗浄する時は、43℃のお湯を用いる。,終了後は、蒸しタオルで水分を拭き取る。,3,正解は選択肢3「バスタオルで両下肢を包む。」である。この方法は、動作の安定性と本人が持つ力を生かす点で適切である。介助者がすべて行う方法や、不自然な姿勢・動線になる方法は避ける。本人の残存能力を生かし、安定した姿勢、動作の順序、福祉用具、環境調整によって安全と自立を支える。,公益財団法人 社会福祉振興・試験センター 第38回（令和7年度）介護福祉士国家試験; 問題: https://www.sssc.or.jp/kaigo/past_exam/pdf/no38/listen_k_am_38.html; 正答: https://www.sssc.or.jp/kaigo/past_exam/pdf/no38/k_kijun_seitou.pdf,,true
2026-38-049,2026,38,49,生活支援技術,"この問題は視覚素材問題です。選択肢１から５まで、図で示されている。
腹部の清拭の方法を図に示す。矢印は拭く方向を表している。次のうち、基本的な清拭の方法として、最も適切なものを1つ選びなさい。",腹の上部右側から腹の左側斜め下に、そのあとは腹の右側斜め下に、そのあとは腹の左側斜め下、そのあとは腹の右側斜め下に拭く。,腹の上部真ん中、から、時計回りの円を描くように、へその上から恥骨部に、そのあとはへその上に、そのあとは恥骨部にと、拭く。,腹の上部右側から恥骨部に向けて左斜め下に、その後は腹の上部左斜め上に、その後は腹の下部左斜め下に、その後は腹の上部左斜め上に拭く。,腹の上部真ん中から、反時計回りの円を描くように、へその上から恥骨部に、その後はへその上に、その後は恥骨部にと、拭く。,腹の下部左側から腹の右側斜め上に、その後は腹の左側斜め上に、その後は腹の右側斜め上に、その後は腹の左斜め上に拭く。,2,正解は選択肢2「腹の上部真ん中、から、時計回りの円を描くように、へその上から恥骨部に、そのあとはへその上に、そのあとは恥骨部にと、拭く。」である。この方法は、動作の安定性と本人が持つ力を生かす点で適切である。介助者がすべて行う方法や、不自然な姿勢・動線になる方法は避ける。本人の残存能力を生かし、安定した姿勢、動作の順序、福祉用具、環境調整によって安全と自立を支える。法令・制度・金額・対象要件は改正されることがあるため、受験時点の最新情報も確認する。,公益財団法人 社会福祉振興・試験センター 第38回（令和7年度）介護福祉士国家試験; 問題: https://www.sssc.or.jp/kaigo/past_exam/pdf/no38/listen_k_am_38.html; 正答: https://www.sssc.or.jp/kaigo/past_exam/pdf/no38/k_kijun_seitou.pdf,,true
2026-38-050,2026,38,50,生活支援技術,"Ａさん（55歳、男性、会社員）は、20歳のときに交通事故で第5頚髄｛けいずい｝（C5）を損傷した。現在、電動車いすを利用し、自宅で自立した生活を送っている。身体状況は安定しているが、ときどき仙骨部に褥瘡｛じょくそう｝ができることがある。入浴は、居宅介護（ホームヘルプサービス）を利用していて、訪問介護員（ホームヘルパー）が福祉用具を用いて入浴介護をしている。
次のうち、Ａさんが入浴時に使用している福祉用具として、最も適切なものを1つ選びなさい。",移乗台,バスボード,入浴用リフト,浴槽用手すり,滑り止めマット,3,正解は選択肢3「入浴用リフト」である。この方法は、動作の安定性と本人が持つ力を生かす点で適切である。介助者がすべて行う方法や、不自然な姿勢・動線になる方法は避ける。本人の残存能力を生かし、安定した姿勢、動作の順序、福祉用具、環境調整によって安全と自立を支える。,公益財団法人 社会福祉振興・試験センター 第38回（令和7年度）介護福祉士国家試験; 問題: https://www.sssc.or.jp/kaigo/past_exam/pdf/no38/listen_k_am_38.html; 正答: https://www.sssc.or.jp/kaigo/past_exam/pdf/no38/k_kijun_seitou.pdf,,true
2026-38-051,2026,38,51,生活支援技術,"Ａさん（85歳、男性、要介護3）は、アルツハイマー型認知症（dementia of the Alzheimer’s type）と診断され、認知症対応型共同生活介護（認知症高齢者グループホーム）で生活をしている。入所時、Ａさんは、尿意や便意はあり、自分でトイレに行って排泄｛はいせつ｝できていた。最近、認知機能の低下によって、トイレ以外の場所で排泄｛はいせつ｝するようになった。
次の記述のうち、Ａさんの状態に合わせた介護福祉職の対応として、最も適切なものを1つ選びなさい。",骨盤底筋訓練を行う。,紙おむつを使用する。,一日の水分摂取量を減らす。,ほかの利用者と同じ時間にトイレへ誘導する。,トイレの出入口に「トイレ」と書いた紙を貼る。,5,正解は選択肢5「トイレの出入口に「トイレ」と書いた紙を貼る。」である。この方法は、動作の安定性と本人が持つ力を生かす点で適切である。介助者がすべて行う方法や、不自然な姿勢・動線になる方法は避ける。本人の残存能力を生かし、安定した姿勢、動作の順序、福祉用具、環境調整によって安全と自立を支える。,公益財団法人 社会福祉振興・試験センター 第38回（令和7年度）介護福祉士国家試験; 問題: https://www.sssc.or.jp/kaigo/past_exam/pdf/no38/listen_k_am_38.html; 正答: https://www.sssc.or.jp/kaigo/past_exam/pdf/no38/k_kijun_seitou.pdf,,true
2026-38-052,2026,38,52,生活支援技術,次のうち、下痢をしている利用者の水分補給として、最も適切なものを1つ選びなさい。,白湯,牛乳,炭酸水,コーヒー,冷水,1,正解は選択肢1「白湯」である。この方法は、動作の安定性と本人が持つ力を生かす点で適切である。介助者がすべて行う方法や、不自然な姿勢・動線になる方法は避ける。本人の残存能力を生かし、安定した姿勢、動作の順序、福祉用具、環境調整によって安全と自立を支える。,公益財団法人 社会福祉振興・試験センター 第38回（令和7年度）介護福祉士国家試験; 問題: https://www.sssc.or.jp/kaigo/past_exam/pdf/no38/listen_k_am_38.html; 正答: https://www.sssc.or.jp/kaigo/past_exam/pdf/no38/k_kijun_seitou.pdf,,true
2026-38-053,2026,38,53,生活支援技術,"Ａさん（83歳、男性、要介護1）は、一人暮らしで、少額の年金で生活している。Ａさんは軽度の認知症（dementia）と診断を受けている。近所には親しくしている人が複数人いる。ある日、訪問介護員（ホームヘルパー）が訪問すると、近所のスーパーで購入した未開封の健康食品が山積みになっていた。Ａさんが財布を持ってきて、「買いたいものがたくさんあるが、お金が足りない。どうしたらよいか」と訪問介護員（ホームヘルパー）に相談した。
このときの訪問介護員（ホームヘルパー）の対応に関する次の記述のうち、最も適切なものを1つ選びなさい。",「お金は足りているから安心して大丈夫ですよ」と伝える。,近所の親しい人に、財布を預かってもらえるか、聞いてみる。,鍵付きの引き出しに財布を入れ、訪問介護員（ホームヘルパー）が鍵を管理する。,「お金の使い方について、一緒に考えてみませんか」と提案する。,健康食品のクーリング・オフを勧める。,4,正解は選択肢4「「お金の使い方について、一緒に考えてみませんか」と提案する。」である。この方法は、動作の安定性と本人が持つ力を生かす点で適切である。介助者がすべて行う方法や、不自然な姿勢・動線になる方法は避ける。本人の残存能力を生かし、安定した姿勢、動作の順序、福祉用具、環境調整によって安全と自立を支える。,公益財団法人 社会福祉振興・試験センター 第38回（令和7年度）介護福祉士国家試験; 問題: https://www.sssc.or.jp/kaigo/past_exam/pdf/no38/listen_k_am_38.html; 正答: https://www.sssc.or.jp/kaigo/past_exam/pdf/no38/k_kijun_seitou.pdf,,true
2026-38-054,2026,38,54,生活支援技術,繊維や衣類の性質と洗濯方法に関する次の記述のうち、正しいものを1つ選びなさい。,綿の柄物シャツには酸素系漂白剤を使う。,ナイロンのレインウエアは脱水時間を長くする。,ウールのニットセーターは乾燥機を使う。,レーヨンのパジャマはすすぎ時間を長くする。,絹のブラウスには弱アルカリ性洗剤を使う。,1,正解は選択肢1「綿の柄物シャツには酸素系漂白剤を使う。」である。この方法は、動作の安定性と本人が持つ力を生かす点で適切である。介助者がすべて行う方法や、不自然な姿勢・動線になる方法は避ける。本人の残存能力を生かし、安定した姿勢、動作の順序、福祉用具、環境調整によって安全と自立を支える。,公益財団法人 社会福祉振興・試験センター 第38回（令和7年度）介護福祉士国家試験; 問題: https://www.sssc.or.jp/kaigo/past_exam/pdf/no38/listen_k_am_38.html; 正答: https://www.sssc.or.jp/kaigo/past_exam/pdf/no38/k_kijun_seitou.pdf,,true
2026-38-055,2026,38,55,生活支援技術,"Ａさん（82歳、女性、要介護1）は、訪問介護（ホームヘルプサービス）を週1回利用し、生活援助を受けながら、自宅で一人暮らしをしている。調理はＡさん本人が行うなど、できることは自分で行いたいと思っている。ある日、訪問介護員（ホームヘルパー）はＡさんから買物リストを渡されて、近くのスーパーで食材を購入してきた。
次の記述のうち、Ａさんへの生活援助における訪問介護員（ホームヘルパー）の対応として、最も適切なものを1つ選びなさい。",依頼された食材が安かったので、リストに書かれた数より多く購入した。,おつりとレシート、購入した食材の確認を、Ａさんにすべて任せた。,冷蔵庫を開けたとき、賞味期限切れの食材があったため廃棄した。,買物リストは、次から訪問介護員（ホームヘルパー）が書くことを提案した。,購入した食材で調理しにくいものがないか、Ａさんに確認した。,5,正解は選択肢5「購入した食材で調理しにくいものがないか、Ａさんに確認した。」である。この方法は、動作の安定性と本人が持つ力を生かす点で適切である。介助者がすべて行う方法や、不自然な姿勢・動線になる方法は避ける。本人の残存能力を生かし、安定した姿勢、動作の順序、福祉用具、環境調整によって安全と自立を支える。,公益財団法人 社会福祉振興・試験センター 第38回（令和7年度）介護福祉士国家試験; 問題: https://www.sssc.or.jp/kaigo/past_exam/pdf/no38/listen_k_am_38.html; 正答: https://www.sssc.or.jp/kaigo/past_exam/pdf/no38/k_kijun_seitou.pdf,,true
2026-38-056,2026,38,56,生活支援技術,次の記述のうち、良質な睡眠のための環境づくりとして、最も適切なものを1つ選びなさい。,日中は、強度の高い運動を多く取り入れる。,夜食は、就寝直前にとる。,入浴は、就寝の1～2時間前に行う。,眠気がなくても、決まった時間に目を閉じる。,寝ている間も、照明は明るくしておく。,3,正解は選択肢3「入浴は、就寝の1～2時間前に行う。」である。この方法は、動作の安定性と本人が持つ力を生かす点で適切である。介助者がすべて行う方法や、不自然な姿勢・動線になる方法は避ける。本人の残存能力を生かし、安定した姿勢、動作の順序、福祉用具、環境調整によって安全と自立を支える。,公益財団法人 社会福祉振興・試験センター 第38回（令和7年度）介護福祉士国家試験; 問題: https://www.sssc.or.jp/kaigo/past_exam/pdf/no38/listen_k_am_38.html; 正答: https://www.sssc.or.jp/kaigo/past_exam/pdf/no38/k_kijun_seitou.pdf,,true
2026-38-057,2026,38,57,生活支援技術,"Ａさん（83歳、女性、要介護3）は、脳梗塞（cerebral infarction）の後遺症で左片麻痺｛ひだりかたまひ｝があり、介護老人福祉施設に入所している。ある日の夜間、仰臥位｛ぎょうがい｝（背臥位｛はいがい｝）で寝ていたＡさんが、「背中が重く感じて、眠れない」と介護福祉職に訴えた。
次の記述のうち、介護福祉職がＡさんに行う介護として、最も適切なものを1つ選びなさい。",ファーラー位にして、左下肢にクッションを入れる。,両上肢の下に、クッションを入れる。,両膝窩部｛りょうしつかぶ｝に、クッションを入れる。,右側臥位｛みぎそくがい｝にして、クッションを抱いてもらう。,右下肢の足部に、クッションを入れる。,4,正解は選択肢4「右側臥位｛みぎそくがい｝にして、クッションを抱いてもらう。」である。この方法は、動作の安定性と本人が持つ力を生かす点で適切である。介助者がすべて行う方法や、不自然な姿勢・動線になる方法は避ける。本人の残存能力を生かし、安定した姿勢、動作の順序、福祉用具、環境調整によって安全と自立を支える。,公益財団法人 社会福祉振興・試験センター 第38回（令和7年度）介護福祉士国家試験; 問題: https://www.sssc.or.jp/kaigo/past_exam/pdf/no38/listen_k_am_38.html; 正答: https://www.sssc.or.jp/kaigo/past_exam/pdf/no38/k_kijun_seitou.pdf,,true
2026-38-058,2026,38,58,生活支援技術,次の記述のうち、介護老人福祉施設で、終末期にある利用者とその家族に行う介護福祉職の支援として、最も適切なものを1つ選びなさい。,利用者の苦しそうな姿を見せないように、家族には面会を控えてもらう。,利用者と家族の関係が良好でない場合は、家族と連絡を取らないようにする。,好きなものや食べたいものがある場合は、家族に持ってきてもらう。,苦痛を訴える場合は、家族から激励してもらう。,家族が不安になるため、体調の変化は伝えないようにする。,3,正解は選択肢3「好きなものや食べたいものがある場合は、家族に持ってきてもらう。」である。この方法は、動作の安定性と本人が持つ力を生かす点で適切である。介助者がすべて行う方法や、不自然な姿勢・動線になる方法は避ける。本人の残存能力を生かし、安定した姿勢、動作の順序、福祉用具、環境調整によって安全と自立を支える。,公益財団法人 社会福祉振興・試験センター 第38回（令和7年度）介護福祉士国家試験; 問題: https://www.sssc.or.jp/kaigo/past_exam/pdf/no38/listen_k_am_38.html; 正答: https://www.sssc.or.jp/kaigo/past_exam/pdf/no38/k_kijun_seitou.pdf,,true
2026-38-059,2026,38,59,生活支援技術,次の記述のうち、施設で亡くなった利用者家族への介護福祉職の対応として、最も適切なものを1つ選びなさい。,悲しみの表出があった時点からかかわりを開始する。,傾聴よりも励ますことを重視する。,悲嘆は特異な反応のため注意する。,故人との思い出には触れないようにする。,悲嘆が長期化した場合は、専門医等へ相談するように助言する。,5,正解は選択肢5「悲嘆が長期化した場合は、専門医等へ相談するように助言する。」である。介護福祉職だけで判断せず、観察した事実を共有して専門職の役割につなげる。本人の残存能力を生かし、安定した姿勢、動作の順序、福祉用具、環境調整によって安全と自立を支える。,公益財団法人 社会福祉振興・試験センター 第38回（令和7年度）介護福祉士国家試験; 問題: https://www.sssc.or.jp/kaigo/past_exam/pdf/no38/listen_k_am_38.html; 正答: https://www.sssc.or.jp/kaigo/past_exam/pdf/no38/k_kijun_seitou.pdf,,true
2026-38-060,2026,38,60,生活支援技術,次のうち、固定式歩行器が適した利用者として、最も適切なものを1つ選びなさい。,対麻痺｛ついまひ｝で、下肢を交互に出すことができない人,片麻痺｛かたまひ｝があって、麻痺側｛まひそく｝の指関節の拘縮がある人,両上肢の筋力が弱く、手関節に痛みがある人,両手の握力が保たれていて、数秒程度の立位保持ができる人,右の足根骨を骨折して、右下肢に体重をかけることができない人,4,正解は選択肢4「両手の握力が保たれていて、数秒程度の立位保持ができる人」である。この方法は、動作の安定性と本人が持つ力を生かす点で適切である。介助者がすべて行う方法や、不自然な姿勢・動線になる方法は避ける。本人の残存能力を生かし、安定した姿勢、動作の順序、福祉用具、環境調整によって安全と自立を支える。,公益財団法人 社会福祉振興・試験センター 第38回（令和7年度）介護福祉士国家試験; 問題: https://www.sssc.or.jp/kaigo/past_exam/pdf/no38/listen_k_am_38.html; 正答: https://www.sssc.or.jp/kaigo/past_exam/pdf/no38/k_kijun_seitou.pdf,,true
2026-38-061,2026,38,61,こころとからだのしくみ,次のうち、比較的短い時間に限られる大きな感情の動きに該当するものとして、適切なものを1つ選びなさい。,条件づけ,短期記憶,気分,思考,情動,5,正解は選択肢5「情動」である。この選択肢は、設問の部位・生理作用・症状の対応を正しく示している。似た用語は、どの器官で何が起こるかを図にして整理するとよい。器官の働きと症状を結び付け、生命・安全に直結する変化から優先して観察する。,公益財団法人 社会福祉振興・試験センター 第38回（令和7年度）介護福祉士国家試験; 問題: https://www.sssc.or.jp/kaigo/past_exam/pdf/no38/listen_k_pm_38.html; 正答: https://www.sssc.or.jp/kaigo/past_exam/pdf/no38/k_kijun_seitou.pdf,,true
2026-38-062,2026,38,62,こころとからだのしくみ,次の記述のうち、脳のしくみとその働きとして、適切なものを1つ選びなさい。,神経細胞は、神経膠細胞｛しんけいこうさいぼう｝（グリア細胞）を支える。,神経膠細胞｛しんけいこうさいぼう｝（グリア細胞）は、情報伝達をつかさどる。,セロトニン（serotonin）は、神経伝達物質の1つである。,頭頂葉には、運動野が存在する。,海馬は、視覚をつかさどる。,3,正解は選択肢3「セロトニン（serotonin）は、神経伝達物質の1つである。」である。この選択肢は、設問の部位・生理作用・症状の対応を正しく示している。似た用語は、どの器官で何が起こるかを図にして整理するとよい。器官の働きと症状を結び付け、生命・安全に直結する変化から優先して観察する。,公益財団法人 社会福祉振興・試験センター 第38回（令和7年度）介護福祉士国家試験; 問題: https://www.sssc.or.jp/kaigo/past_exam/pdf/no38/listen_k_pm_38.html; 正答: https://www.sssc.or.jp/kaigo/past_exam/pdf/no38/k_kijun_seitou.pdf,,true
2026-38-063,2026,38,63,こころとからだのしくみ,次の記述のうち、循環器系のしくみとして、正しいものを1つ選びなさい。,心臓は体性神経が支配している。,肺動脈には静脈血が流れている。,左心室から出た血液は大静脈へ流れる。,リンパ管には血液が流れている。,静脈血とは酸素を多く含む血液である。,2,正解は選択肢2「肺動脈には静脈血が流れている。」である。この選択肢は、設問の部位・生理作用・症状の対応を正しく示している。似た用語は、どの器官で何が起こるかを図にして整理するとよい。器官の働きと症状を結び付け、生命・安全に直結する変化から優先して観察する。,公益財団法人 社会福祉振興・試験センター 第38回（令和7年度）介護福祉士国家試験; 問題: https://www.sssc.or.jp/kaigo/past_exam/pdf/no38/listen_k_pm_38.html; 正答: https://www.sssc.or.jp/kaigo/past_exam/pdf/no38/k_kijun_seitou.pdf,,true
2026-38-064,2026,38,64,こころとからだのしくみ,次の記述のうち、人の動作時に収縮する筋肉に関する説明として、適切なものを1つ選びなさい。,立位を保持するときは大殿筋が収縮する。,膝の屈曲には大腿四頭筋｛だいたいしとうきん｝が収縮する。,肘の屈曲には上腕三頭筋が収縮する。,肩関節を内転するときは三角筋が収縮する。,足関節の底屈では前脛骨筋｛ぜんけいこつきん｝が収縮する。,1,正解は選択肢1「立位を保持するときは大殿筋が収縮する。」である。この選択肢は、設問の部位・生理作用・症状の対応を正しく示している。似た用語は、どの器官で何が起こるかを図にして整理するとよい。器官の働きと症状を結び付け、生命・安全に直結する変化から優先して観察する。,公益財団法人 社会福祉振興・試験センター 第38回（令和7年度）介護福祉士国家試験; 問題: https://www.sssc.or.jp/kaigo/past_exam/pdf/no38/listen_k_pm_38.html; 正答: https://www.sssc.or.jp/kaigo/past_exam/pdf/no38/k_kijun_seitou.pdf,,true
2026-38-065,2026,38,65,こころとからだのしくみ,次のうち、白内障（cataract）で混濁する部位として、適切なものを1つ選びなさい。,網膜,角膜,脈絡膜,硝子体,水晶体,5,正解は選択肢5「水晶体」である。この選択肢は、設問の部位・生理作用・症状の対応を正しく示している。似た用語は、どの器官で何が起こるかを図にして整理するとよい。器官の働きと症状を結び付け、生命・安全に直結する変化から優先して観察する。,公益財団法人 社会福祉振興・試験センター 第38回（令和7年度）介護福祉士国家試験; 問題: https://www.sssc.or.jp/kaigo/past_exam/pdf/no38/listen_k_pm_38.html; 正答: https://www.sssc.or.jp/kaigo/past_exam/pdf/no38/k_kijun_seitou.pdf,,true
2026-38-066,2026,38,66,こころとからだのしくみ,次の記述のうち、低栄養の高齢者にみられる症状や行動の特徴として、最も適切なものを1つ選びなさい。,唾液の分泌が増加する。,腸蠕動｛ちょうぜんどう｝が亢進｛こうしん｝する。,食べこぼしが減る。,偏りのある食べ方をする。,体重が増える。,4,正解は選択肢4「偏りのある食べ方をする。」である。この選択肢は、設問の部位・生理作用・症状の対応を正しく示している。似た用語は、どの器官で何が起こるかを図にして整理するとよい。器官の働きと症状を結び付け、生命・安全に直結する変化から優先して観察する。,公益財団法人 社会福祉振興・試験センター 第38回（令和7年度）介護福祉士国家試験; 問題: https://www.sssc.or.jp/kaigo/past_exam/pdf/no38/listen_k_pm_38.html; 正答: https://www.sssc.or.jp/kaigo/past_exam/pdf/no38/k_kijun_seitou.pdf,,true
2026-38-067,2026,38,67,こころとからだのしくみ,次のうち、バリア機能をもつ表皮の構造として、最も適切なものを1つ選びなさい。,汗腺,角質層,基底層,有棘層｛ゆうきょくそう｝,顆粒層｛かりゅうそう｝,2,正解は選択肢2「角質層」である。この選択肢は、設問の部位・生理作用・症状の対応を正しく示している。似た用語は、どの器官で何が起こるかを図にして整理するとよい。器官の働きと症状を結び付け、生命・安全に直結する変化から優先して観察する。,公益財団法人 社会福祉振興・試験センター 第38回（令和7年度）介護福祉士国家試験; 問題: https://www.sssc.or.jp/kaigo/past_exam/pdf/no38/listen_k_pm_38.html; 正答: https://www.sssc.or.jp/kaigo/past_exam/pdf/no38/k_kijun_seitou.pdf,,true
2026-38-068,2026,38,68,こころとからだのしくみ,"Ａさん（98歳、女性）は、認知症（dementia）があるが、食事動作は自立していた。最近、配膳されても食事動作が始まらないことが増えてきた。介護福祉職が献立や食材などの説明をしたところ、Ａさんは食べ始めるようになった。
次の摂食嚥下｛せっしょくえんげ｝の5期のうち、介護福祉職が支援した期として、最も適切なものを1つ選びなさい。",先行期,準備期,口腔期,咽頭期,食道期,1,正解は選択肢1「先行期」である。この選択肢は、設問の部位・生理作用・症状の対応を正しく示している。似た用語は、どの器官で何が起こるかを図にして整理するとよい。器官の働きと症状を結び付け、生命・安全に直結する変化から優先して観察する。,公益財団法人 社会福祉振興・試験センター 第38回（令和7年度）介護福祉士国家試験; 問題: https://www.sssc.or.jp/kaigo/past_exam/pdf/no38/listen_k_pm_38.html; 正答: https://www.sssc.or.jp/kaigo/past_exam/pdf/no38/k_kijun_seitou.pdf,,true
2026-38-069,2026,38,69,こころとからだのしくみ,次のうち、健康な成人において、横行結腸の次に便が通過する部位として、最も適切なものを1つ選びなさい。,盲腸,上行結腸,下行結腸,Ｓ状結腸,直腸,3,正解は選択肢3「下行結腸」である。この選択肢は、設問の部位・生理作用・症状の対応を正しく示している。似た用語は、どの器官で何が起こるかを図にして整理するとよい。器官の働きと症状を結び付け、生命・安全に直結する変化から優先して観察する。,公益財団法人 社会福祉振興・試験センター 第38回（令和7年度）介護福祉士国家試験; 問題: https://www.sssc.or.jp/kaigo/past_exam/pdf/no38/listen_k_pm_38.html; 正答: https://www.sssc.or.jp/kaigo/past_exam/pdf/no38/k_kijun_seitou.pdf,,true
2026-38-070,2026,38,70,こころとからだのしくみ,"Ａさん（80歳、男性）は、半年前から急に便秘になり、最近では排便回数が5日に1回程度となった。腹部は膨満していて、便は細く、血液が付着することがあるという。
次の記述のうち、Ａさんの便秘に対する対応として、最も適切なものを1つ選びなさい。",水分摂取を促す。,食物繊維の摂取を促す。,散歩などの運動を促す。,腹部のマッサージを行う。,医療機関の受診を促す。,5,正解は選択肢5「医療機関の受診を促す。」である。一律に代行せず、本人が安全にできる方法を示して自己決定と残存能力を支える。器官の働きと症状を結び付け、生命・安全に直結する変化から優先して観察する。,公益財団法人 社会福祉振興・試験センター 第38回（令和7年度）介護福祉士国家試験; 問題: https://www.sssc.or.jp/kaigo/past_exam/pdf/no38/listen_k_pm_38.html; 正答: https://www.sssc.or.jp/kaigo/past_exam/pdf/no38/k_kijun_seitou.pdf,,true
2026-38-071,2026,38,71,こころとからだのしくみ,次のうち、65歳の人の妥当な睡眠時間として、最も適切なものを1つ選びなさい。,約12時間,約10時間,約8時間,約6時間,約4時間,4,正解は選択肢4「約6時間」である。この選択肢は、設問の部位・生理作用・症状の対応を正しく示している。似た用語は、どの器官で何が起こるかを図にして整理するとよい。器官の働きと症状を結び付け、生命・安全に直結する変化から優先して観察する。,公益財団法人 社会福祉振興・試験センター 第38回（令和7年度）介護福祉士国家試験; 問題: https://www.sssc.or.jp/kaigo/past_exam/pdf/no38/listen_k_pm_38.html; 正答: https://www.sssc.or.jp/kaigo/past_exam/pdf/no38/k_kijun_seitou.pdf,,true
2026-38-072,2026,38,72,こころとからだのしくみ,"キューブラー・ロス（Kubler-Ross, E.）が示した終末期にある人の死の受容プロセスのうち「抑うつ」の段階として、適切なものを1つ選びなさい。",第1段階,第2段階,第3段階,第4段階,第5段階,4,正解は選択肢4「第4段階」である。この選択肢は、設問の部位・生理作用・症状の対応を正しく示している。似た用語は、どの器官で何が起こるかを図にして整理するとよい。器官の働きと症状を結び付け、生命・安全に直結する変化から優先して観察する。,公益財団法人 社会福祉振興・試験センター 第38回（令和7年度）介護福祉士国家試験; 問題: https://www.sssc.or.jp/kaigo/past_exam/pdf/no38/listen_k_pm_38.html; 正答: https://www.sssc.or.jp/kaigo/past_exam/pdf/no38/k_kijun_seitou.pdf,,true
2026-38-073,2026,38,73,発達と老化の理解,"次の記述のうち、ハヴィガースト（Havighurst, R.）の示す中年期の発達課題に該当するものとして、適切なものを1つ選びなさい。",良心、道徳心、価値尺度を発達させる。,成人としての市民的・社会的責任を達成する。,満足できる住宅を確保する。,男性あるいは女性の社会的役割を身につける。,気心の合う社交集団を見つける。,2,正解は選択肢2「成人としての市民的・社会的責任を達成する。」である。この記述は、発達段階または加齢・疾病の特徴と生活上の現れを正しく結び付けている。正常な加齢変化と病的変化を混同しないことが要点である。加齢による一般的な変化と疾病による変化を区別し、生活への影響まで捉える。,公益財団法人 社会福祉振興・試験センター 第38回（令和7年度）介護福祉士国家試験; 問題: https://www.sssc.or.jp/kaigo/past_exam/pdf/no38/listen_k_pm_38.html; 正答: https://www.sssc.or.jp/kaigo/past_exam/pdf/no38/k_kijun_seitou.pdf,,true
2026-38-074,2026,38,74,発達と老化の理解,次の記述のうち、自閉症スペクトラム障害（autism spectrum disorder）の特徴として、最も適切なものを1つ選びなさい。,文字のつづりがうまく書けず、類似の文字を間違えたりする。,同じ動作や行動を繰り返す。,注意の持続が難しい。,順番を待てずに割り込む。,数の大小の比較が難しい。,2,正解は選択肢2「同じ動作や行動を繰り返す。」である。この記述は、発達段階または加齢・疾病の特徴と生活上の現れを正しく結び付けている。正常な加齢変化と病的変化を混同しないことが要点である。加齢による一般的な変化と疾病による変化を区別し、生活への影響まで捉える。,公益財団法人 社会福祉振興・試験センター 第38回（令和7年度）介護福祉士国家試験; 問題: https://www.sssc.or.jp/kaigo/past_exam/pdf/no38/listen_k_pm_38.html; 正答: https://www.sssc.or.jp/kaigo/past_exam/pdf/no38/k_kijun_seitou.pdf,,true
2026-38-075,2026,38,75,発達と老化の理解,次のうち、健康な状態と心身の機能が低下して介護等が必要な状態の中間を示す用語として、最も適切なものを1つ選びなさい。,エイジング（aging）,サルコペニア（sarcopenia）,ロコモティブシンドローム,ホメオスタシス（homeostasis）,フレイル（frailty）,5,正解は選択肢5「フレイル（frailty）」である。この記述は、発達段階または加齢・疾病の特徴と生活上の現れを正しく結び付けている。正常な加齢変化と病的変化を混同しないことが要点である。加齢による一般的な変化と疾病による変化を区別し、生活への影響まで捉える。,公益財団法人 社会福祉振興・試験センター 第38回（令和7年度）介護福祉士国家試験; 問題: https://www.sssc.or.jp/kaigo/past_exam/pdf/no38/listen_k_pm_38.html; 正答: https://www.sssc.or.jp/kaigo/past_exam/pdf/no38/k_kijun_seitou.pdf,,true
2026-38-076,2026,38,76,発達と老化の理解,高齢者のセクシュアリティ（sexuality）に関する次の記述のうち、最も適切なものを1つ選びなさい。,高齢になると性への関心がなくなる。,男性は、高齢になっても性ホルモンの分泌が維持される。,女性は、高齢になると性交痛を感じやすくなる。,高齢者は生殖機能の喪失と同時にセクシュアリティ（sexuality）を喪失する。,高齢者の性的欲求に、性差はみられない。,3,正解は選択肢3「女性は、高齢になると性交痛を感じやすくなる。」である。この記述は、発達段階または加齢・疾病の特徴と生活上の現れを正しく結び付けている。正常な加齢変化と病的変化を混同しないことが要点である。加齢による一般的な変化と疾病による変化を区別し、生活への影響まで捉える。,公益財団法人 社会福祉振興・試験センター 第38回（令和7年度）介護福祉士国家試験; 問題: https://www.sssc.or.jp/kaigo/past_exam/pdf/no38/listen_k_pm_38.html; 正答: https://www.sssc.or.jp/kaigo/past_exam/pdf/no38/k_kijun_seitou.pdf,,true
2026-38-077,2026,38,77,発達と老化の理解,"Ａさん（22歳、女性）は、施設で介護福祉職として勤務し、食事や睡眠を工夫しながら、一人暮らしをしている。日々の生活や勤務状況に問題はない。職場にＡさんと年齢の近い介護福祉職はおらず、休憩時間や休みの日も一人で過ごしている。Ａさんは、「自分の仕事ぶりを上司に認めてほしいという気持ちはない。それよりも、仕事やそれ以外のことを深く話せる同年代の同僚がほしい」と思っている。
次のマズロー（Maslow, A.H.）の欲求階層説の各段階のうち、Ａさんの現在の気持ちが当てはまるものとして、最も適切なものを1つ選びなさい。",生理的欲求,所属・愛情欲求,安全欲求,承認欲求,自己実現欲求,2,正解は選択肢2「所属・愛情欲求」である。この記述は、発達段階または加齢・疾病の特徴と生活上の現れを正しく結び付けている。正常な加齢変化と病的変化を混同しないことが要点である。加齢による一般的な変化と疾病による変化を区別し、生活への影響まで捉える。,公益財団法人 社会福祉振興・試験センター 第38回（令和7年度）介護福祉士国家試験; 問題: https://www.sssc.or.jp/kaigo/past_exam/pdf/no38/listen_k_pm_38.html; 正答: https://www.sssc.or.jp/kaigo/past_exam/pdf/no38/k_kijun_seitou.pdf,,true
2026-38-078,2026,38,78,発達と老化の理解,次のうち、加齢に伴い階段を上ると息切れしやすくなる現象に関係する恒常性の機能として、最も適切なものを1つ選びなさい。,予備力,適応力,免疫力,抵抗力,回復力,1,正解は選択肢1「予備力」である。この記述は、発達段階または加齢・疾病の特徴と生活上の現れを正しく結び付けている。正常な加齢変化と病的変化を混同しないことが要点である。加齢による一般的な変化と疾病による変化を区別し、生活への影響まで捉える。,公益財団法人 社会福祉振興・試験センター 第38回（令和7年度）介護福祉士国家試験; 問題: https://www.sssc.or.jp/kaigo/past_exam/pdf/no38/listen_k_pm_38.html; 正答: https://www.sssc.or.jp/kaigo/past_exam/pdf/no38/k_kijun_seitou.pdf,,true
2026-38-079,2026,38,79,発達と老化の理解,次の記述のうち、高齢者の疾患や症状の特徴として、適切なものを1つ選びなさい。,典型的な症状を呈する。,生活が活発になる。,痛みに敏感になる。,複数の疾患を持ちやすい。,慢性的な疾患は少ない。,4,正解は選択肢4「複数の疾患を持ちやすい。」である。この記述は、発達段階または加齢・疾病の特徴と生活上の現れを正しく結び付けている。正常な加齢変化と病的変化を混同しないことが要点である。加齢による一般的な変化と疾病による変化を区別し、生活への影響まで捉える。,公益財団法人 社会福祉振興・試験センター 第38回（令和7年度）介護福祉士国家試験; 問題: https://www.sssc.or.jp/kaigo/past_exam/pdf/no38/listen_k_pm_38.html; 正答: https://www.sssc.or.jp/kaigo/past_exam/pdf/no38/k_kijun_seitou.pdf,,true
2026-38-080,2026,38,80,発達と老化の理解,"Ａさん（82歳、女性）は、介護老人保健施設に入所している。朝、眠そうな様子であったため、介護福祉職がどうしたのかと尋ねると、Ａさんは、「夜、足や背中がかゆくてあまり眠れなかった」と話した。看護師と共に足や背中を観察すると、皮膚が乾燥していて、引っ掻｛か｝いたような傷があった。そのほかに皮膚の異常はみられなかった。Ａさんは寒さに弱く、今は冬なので常に電気毛布を使用している。昨日は入浴日であった。
次のうち、Ａさんに生じている可能性がある疾患として、最も適切なものを1つ選びなさい。",角化型疥癬｛かくかがたかいせん｝（hyperkeratotic scabies）,帯状疱疹｛たいじょうほうしん｝（herpes zoster）,褥瘡｛じょくそう｝,老人性皮膚掻痒症｛ろうじんせいひふそうようしょう｝（senile pruritus）,閉塞性動脈硬化症（arteriosclerosis obliterans）,4,正解は選択肢4「老人性皮膚掻痒症｛ろうじんせいひふそうようしょう｝（senile pruritus）」である。介護老人保健施設は、在宅復帰を目指して医学的管理の下でリハビリテーションや介護を提供する。加齢による一般的な変化と疾病による変化を区別し、生活への影響まで捉える。,公益財団法人 社会福祉振興・試験センター 第38回（令和7年度）介護福祉士国家試験; 問題: https://www.sssc.or.jp/kaigo/past_exam/pdf/no38/listen_k_pm_38.html; 正答: https://www.sssc.or.jp/kaigo/past_exam/pdf/no38/k_kijun_seitou.pdf,,true
2026-38-081,2026,38,81,認知症の理解,次の記述のうち、認知症（dementia）のある人にみられる妄想の説明として、最も適切なものを1つ選びなさい。,自分でしまい忘れた物が見つからず、誰かが盗んだと思い込むのは、嫉妬妄想である。,孫と会って話をしたにもかかわらず、孫にずっと会わせてもらえていないと主張するのは、カプグラ症候群である。,介護支援専門員（ケアマネジャー）と妻が話しているのを見て、妻の浮気相手だと思い込むのは、幻の同居人である。,家族など身近な人がよく似た偽物と入れ替わっていると主張するのは、被害妄想である。,身体的疾患がないにもかかわらず、自分が病気だと思い込むのは、心気妄想である。,5,正解は選択肢5「身体的疾患がないにもかかわらず、自分が病気だと思い込むのは、心気妄想である。」である。この選択肢は、認知症の疾患特性・症状・支援方法の対応が適切である。行動だけを抑えるのではなく、原因や本人の体験を捉える。認知機能の障害だけでなく、体調、環境、生活歴、本人の思いを含めて行動の意味を考える。,公益財団法人 社会福祉振興・試験センター 第38回（令和7年度）介護福祉士国家試験; 問題: https://www.sssc.or.jp/kaigo/past_exam/pdf/no38/listen_k_pm_38.html; 正答: https://www.sssc.or.jp/kaigo/past_exam/pdf/no38/k_kijun_seitou.pdf,,true
2026-38-082,2026,38,82,認知症の理解,次の記述のうち、認知症（dementia）の人への取り組みとその説明として、最も適切なものを1つ選びなさい。,本人ミーティングでは、当事者たちが語り合い社会に発信も行う。,認知症初期集中支援チームは、要介護認定を行う。,若年性認知症支援コーディネーターは、認知症（dementia）の診断を行う。,認知症疾患医療センターは、地域ケア会議を開催する。,認知症カフェは、認知症介護指導者を養成する。,1,正解は選択肢1「本人ミーティングでは、当事者たちが語り合い社会に発信も行う。」である。この選択肢は、認知症の疾患特性・症状・支援方法の対応が適切である。行動だけを抑えるのではなく、原因や本人の体験を捉える。認知機能の障害だけでなく、体調、環境、生活歴、本人の思いを含めて行動の意味を考える。,公益財団法人 社会福祉振興・試験センター 第38回（令和7年度）介護福祉士国家試験; 問題: https://www.sssc.or.jp/kaigo/past_exam/pdf/no38/listen_k_pm_38.html; 正答: https://www.sssc.or.jp/kaigo/past_exam/pdf/no38/k_kijun_seitou.pdf,,true
2026-38-083,2026,38,83,認知症の理解,次の記述のうち、認知症（dementia）の行動・心理症状（ＢＰＳＤ）に該当するものとして、最も適切なものを1つ選びなさい。,10分前に施設職員が挨拶しに来たことを、覚えていない。,病院にいるのに、自宅にいると思っている。,通所介護（デイサービス）を利用中に、出口を探して歩き回る。,薬を処方されても、服薬管理ができない。,入浴を促すと、湯につかるだけで出てくる。,3,正解は選択肢3「通所介護（デイサービス）を利用中に、出口を探して歩き回る。」である。この選択肢は、認知症の疾患特性・症状・支援方法の対応が適切である。行動だけを抑えるのではなく、原因や本人の体験を捉える。認知機能の障害だけでなく、体調、環境、生活歴、本人の思いを含めて行動の意味を考える。,公益財団法人 社会福祉振興・試験センター 第38回（令和7年度）介護福祉士国家試験; 問題: https://www.sssc.or.jp/kaigo/past_exam/pdf/no38/listen_k_pm_38.html; 正答: https://www.sssc.or.jp/kaigo/past_exam/pdf/no38/k_kijun_seitou.pdf,,true
2026-38-084,2026,38,84,認知症の理解,次の記述のうち、アルツハイマー型認知症（dementia of the Alzheimer’s type）の説明として、最も適切なものを1つ選びなさい。,古い記憶から障害され、徐々に新しい記憶も障害される。,認知機能が変動することが特徴的である。,ＡＤＬ（Activities of Daily Living：日常生活動作）の障害は、重度期以降に認められる。,見当識障害は、中期以降に認められる。,記憶障害は、初期から認められる。,5,正解は選択肢5「記憶障害は、初期から認められる。」である。この選択肢は、認知症の疾患特性・症状・支援方法の対応が適切である。行動だけを抑えるのではなく、原因や本人の体験を捉える。認知機能の障害だけでなく、体調、環境、生活歴、本人の思いを含めて行動の意味を考える。,公益財団法人 社会福祉振興・試験センター 第38回（令和7年度）介護福祉士国家試験; 問題: https://www.sssc.or.jp/kaigo/past_exam/pdf/no38/listen_k_pm_38.html; 正答: https://www.sssc.or.jp/kaigo/past_exam/pdf/no38/k_kijun_seitou.pdf,,true
2026-38-085,2026,38,85,認知症の理解,次のうち、レビー小体型認知症（dementia with Lewy bodies）の症状として、最も適切なものを1つ選びなさい。,ノンレム睡眠行動障害による大声,自律神経症状による起立性低血圧（orthostatic hypotension）,聴覚認知機能の障害による幻聴,側頭葉の萎縮による意味性失語,嚥下機能｛えんげきのう｝の促進による食欲増加,2,正解は選択肢2「自律神経症状による起立性低血圧（orthostatic hypotension）」である。レビー小体型認知症では認知機能の変動、具体的な幻視、パーキンソニズムなどが特徴となる。認知機能の障害だけでなく、体調、環境、生活歴、本人の思いを含めて行動の意味を考える。,公益財団法人 社会福祉振興・試験センター 第38回（令和7年度）介護福祉士国家試験; 問題: https://www.sssc.or.jp/kaigo/past_exam/pdf/no38/listen_k_pm_38.html; 正答: https://www.sssc.or.jp/kaigo/past_exam/pdf/no38/k_kijun_seitou.pdf,,true
2026-38-086,2026,38,86,認知症の理解,次のうち、認知症（dementia）の人の生活をアセスメントするうえで、身体的要因に含まれる項目として、適切なものを1つ選びなさい。,性格,居住環境,人的環境,ＩＡＤＬ（Instrumental Activities of Daily Living：手段的日常生活動作）,社会とのつながり,4,正解は選択肢4「ＩＡＤＬ（Instrumental Activities of Daily Living：手段的日常生活動作）」である。この選択肢は、認知症の疾患特性・症状・支援方法の対応が適切である。行動だけを抑えるのではなく、原因や本人の体験を捉える。認知機能の障害だけでなく、体調、環境、生活歴、本人の思いを含めて行動の意味を考える。,公益財団法人 社会福祉振興・試験センター 第38回（令和7年度）介護福祉士国家試験; 問題: https://www.sssc.or.jp/kaigo/past_exam/pdf/no38/listen_k_pm_38.html; 正答: https://www.sssc.or.jp/kaigo/past_exam/pdf/no38/k_kijun_seitou.pdf,,true
2026-38-087,2026,38,87,認知症の理解,認知症（dementia）の人への環境の配慮に関する次の記述のうち、最も適切なものを1つ選びなさい。,視覚的認識を容易にするために、廊下の手すりに色をつけて目立つようにする。,聴覚に影響を与えるために、ピクトグラム（pictogram）を表示する。,音の選択的聴取の力を高めるために、ＢＧＭ（background music）の音量を大きくする。,穏やかに生活するために、居室の光の刺激を強くする。,落ち着く空間をつくるために、居室を細かい模様の壁紙で統一する。,1,正解は選択肢1「視覚的認識を容易にするために、廊下の手すりに色をつけて目立つようにする。」である。この選択肢は、認知症の疾患特性・症状・支援方法の対応が適切である。行動だけを抑えるのではなく、原因や本人の体験を捉える。認知機能の障害だけでなく、体調、環境、生活歴、本人の思いを含めて行動の意味を考える。,公益財団法人 社会福祉振興・試験センター 第38回（令和7年度）介護福祉士国家試験; 問題: https://www.sssc.or.jp/kaigo/past_exam/pdf/no38/listen_k_pm_38.html; 正答: https://www.sssc.or.jp/kaigo/past_exam/pdf/no38/k_kijun_seitou.pdf,,true
2026-38-088,2026,38,88,認知症の理解,次の記述のうち、認知症（dementia）の人の遂行機能障害の症状として、最も適切なものを1つ選びなさい。,ご飯を食べたことを忘れて、ご飯をほしいと言う。,包丁の使い方を忘れて、うまく使うことができない。,食事が配膳されているが、左側のものを残す。,調理の手順を順序だてて行うことができない。,皿の模様をおかずと間違えて、スプーンですくおうとする。,4,正解は選択肢4「調理の手順を順序だてて行うことができない。」である。この選択肢は、認知症の疾患特性・症状・支援方法の対応が適切である。行動だけを抑えるのではなく、原因や本人の体験を捉える。認知機能の障害だけでなく、体調、環境、生活歴、本人の思いを含めて行動の意味を考える。,公益財団法人 社会福祉振興・試験センター 第38回（令和7年度）介護福祉士国家試験; 問題: https://www.sssc.or.jp/kaigo/past_exam/pdf/no38/listen_k_pm_38.html; 正答: https://www.sssc.or.jp/kaigo/past_exam/pdf/no38/k_kijun_seitou.pdf,,true
2026-38-089,2026,38,89,認知症の理解,"Ａさん（75歳、男性）は、認知症（dementia）で、通所介護（デイサービス）を利用している。介護福祉職が、「今日は何月何日でしょうか」と聞くと、Ａさんは、「9月」と答えた。介護福祉職が、「今朝、Ａさんの家の庭にあじさいが咲いていましたね」と言うと、Ｂさんが、「あじさいが咲くのは6月？」と答えた。介護福祉職は、「そうです。今日は6月22日です」と言い、ホワイトボードに日付とあじさいの絵を描いた。介護福祉職が、「6月生まれの方はいますか」と聞くが、返事がない。介護福祉職は、「今日は6月22日ですが、あと3日でＡさんの誕生日ですね」と伝えた。
次のうち、介護福祉職が実施した技法として、適切なものを1つ選びなさい。",タッチケア（touch care）,アートセラピー（art therapy）,リアリティ・オリエンテーション（reality orientation）,ライフレビュー（life review）,グリーフケア（grief care）,3,正解は選択肢3「リアリティ・オリエンテーション（reality orientation）」である。この選択肢は、認知症の疾患特性・症状・支援方法の対応が適切である。行動だけを抑えるのではなく、原因や本人の体験を捉える。認知機能の障害だけでなく、体調、環境、生活歴、本人の思いを含めて行動の意味を考える。,公益財団法人 社会福祉振興・試験センター 第38回（令和7年度）介護福祉士国家試験; 問題: https://www.sssc.or.jp/kaigo/past_exam/pdf/no38/listen_k_pm_38.html; 正答: https://www.sssc.or.jp/kaigo/past_exam/pdf/no38/k_kijun_seitou.pdf,,true
2026-38-090,2026,38,90,認知症の理解,"Ａさん（88歳、女性）は、4年前に、認知症（dementia）と診断された。在宅で長男が介護している。Ａさんは、3か月前から、何度もトイレ以外で排泄｛はいせつ｝しようとする様子がみられた。長男が繰り返しトイレの場所を教えているが、状態は変わらない。長男はＡさんに対して、「何回、同じことを言ったら、わかるんだ」と大声でどなってしまい、その後で落ち込むようになった。また、長男は、「認知症（dementia）がいつまで続くのか」「自分に何か問題があったのではないか」と言って、自分を強く責めている。
次のうち、Ａさんの認知症（dementia）を長男が受け入れる過程と考えた場合、このときの長男の心理的特徴に該当する段階として、最も適切なものを1つ選びなさい。",ショック期,否認期,混乱期,解決への努力期,受容期,3,正解は選択肢3「混乱期」である。この選択肢は、認知症の疾患特性・症状・支援方法の対応が適切である。行動だけを抑えるのではなく、原因や本人の体験を捉える。認知機能の障害だけでなく、体調、環境、生活歴、本人の思いを含めて行動の意味を考える。,公益財団法人 社会福祉振興・試験センター 第38回（令和7年度）介護福祉士国家試験; 問題: https://www.sssc.or.jp/kaigo/past_exam/pdf/no38/listen_k_pm_38.html; 正答: https://www.sssc.or.jp/kaigo/past_exam/pdf/no38/k_kijun_seitou.pdf,,true
2026-38-091,2026,38,91,障害の理解,次のうち、障害福祉におけるソーシャルインクルージョン（social inclusion）の考え方の説明として、最も適切なものを1つ選びなさい。,障害のある人とない人を統合する社会,障害のある人を権利侵害から守る社会,障害のある人の意思決定を支援する社会,障害のある人の最善の利益を考える社会,障害のある人もない人も包摂する社会,5,正解は選択肢5「障害のある人もない人も包摂する社会」である。この選択肢は、障害特性と必要な支援・社会資源の対応が適切である。できない点だけでなく、環境調整で可能になる活動にも注目する。障害特性だけで判断せず、本人の強みと環境因子を調整して参加を支える。,公益財団法人 社会福祉振興・試験センター 第38回（令和7年度）介護福祉士国家試験; 問題: https://www.sssc.or.jp/kaigo/past_exam/pdf/no38/listen_k_pm_38.html; 正答: https://www.sssc.or.jp/kaigo/past_exam/pdf/no38/k_kijun_seitou.pdf,,true
2026-38-092,2026,38,92,障害の理解,知的障害に関する次の記述のうち、最も適切なものを1つ選びなさい。,障害が発達期にあらわれる。,障害の原因は明らかである。,一般就労は不可能である。,療育手帳の等級は障害支援区分で決める。,運動発達の遅れは伴わない。,1,正解は選択肢1「障害が発達期にあらわれる。」である。この選択肢は、障害特性と必要な支援・社会資源の対応が適切である。できない点だけでなく、環境調整で可能になる活動にも注目する。障害特性だけで判断せず、本人の強みと環境因子を調整して参加を支える。,公益財団法人 社会福祉振興・試験センター 第38回（令和7年度）介護福祉士国家試験; 問題: https://www.sssc.or.jp/kaigo/past_exam/pdf/no38/listen_k_pm_38.html; 正答: https://www.sssc.or.jp/kaigo/past_exam/pdf/no38/k_kijun_seitou.pdf,,true
2026-38-093,2026,38,93,障害の理解,次のうち、後遺症によって片麻痺｛かたまひ｝や言語障害を伴うことがある疾患や病態として、最も適切なものを1つ選びなさい。,脳血管障害（cerebrovascular disorder）,糖尿病（diabetes mellitus）,脊髄損傷（spinal cord injury）,慢性閉塞性肺疾患（chronic obstructive pulmonary disease）,クローン病（Crohn disease）,1,正解は選択肢1「脳血管障害（cerebrovascular disorder）」である。この選択肢は、障害特性と必要な支援・社会資源の対応が適切である。できない点だけでなく、環境調整で可能になる活動にも注目する。障害特性だけで判断せず、本人の強みと環境因子を調整して参加を支える。,公益財団法人 社会福祉振興・試験センター 第38回（令和7年度）介護福祉士国家試験; 問題: https://www.sssc.or.jp/kaigo/past_exam/pdf/no38/listen_k_pm_38.html; 正答: https://www.sssc.or.jp/kaigo/past_exam/pdf/no38/k_kijun_seitou.pdf,,true
2026-38-094,2026,38,94,障害の理解,次の記述のうち、国際障害者年を契機に、日本の障害福祉に起きた変化として、最も適切なものを1つ選びなさい。,障害者を弱者として保護する捉え方が広まった。,ノーマライゼーションの理念が徐々に浸透した。,身体障害者福祉法の制定につながった。,障害種別ごとの福祉サービス給付が始まった。,措置制度から自立支援医療制度へ移行した。,2,正解は選択肢2「ノーマライゼーションの理念が徐々に浸透した。」である。この選択肢は、障害特性と必要な支援・社会資源の対応が適切である。できない点だけでなく、環境調整で可能になる活動にも注目する。障害特性だけで判断せず、本人の強みと環境因子を調整して参加を支える。,公益財団法人 社会福祉振興・試験センター 第38回（令和7年度）介護福祉士国家試験; 問題: https://www.sssc.or.jp/kaigo/past_exam/pdf/no38/listen_k_pm_38.html; 正答: https://www.sssc.or.jp/kaigo/past_exam/pdf/no38/k_kijun_seitou.pdf,,true
2026-38-095,2026,38,95,障害の理解,次のうち、筋萎縮性側索硬化症（amyotrophic lateral sclerosis：ＡＬＳ）によくみられる症状として、最も適切なものを1つ選びなさい。,感覚障害,失禁,嚥下障害｛えんげしょうがい｝,視力障害,便秘,3,正解は選択肢3「嚥下障害｛えんげしょうがい｝」である。この選択肢は、障害特性と必要な支援・社会資源の対応が適切である。できない点だけでなく、環境調整で可能になる活動にも注目する。障害特性だけで判断せず、本人の強みと環境因子を調整して参加を支える。,公益財団法人 社会福祉振興・試験センター 第38回（令和7年度）介護福祉士国家試験; 問題: https://www.sssc.or.jp/kaigo/past_exam/pdf/no38/listen_k_pm_38.html; 正答: https://www.sssc.or.jp/kaigo/past_exam/pdf/no38/k_kijun_seitou.pdf,,true
2026-38-096,2026,38,96,障害の理解,"Ａさん（50歳、男性）は、以前は一人暮らしをしていたが、現在は統合失調症（schizophrenia）のため長期入院をしている。症状が軽快して安定したため、医師から間もなく退院できるという説明があった。Ａさんは以前と同じように独居を希望しているが、一人で住居を探すのに不安がある。
次のうち、Ａさんの希望を実現するために利用する公的な支援として、最も適切なものを1つ選びなさい。",地域定着支援,自立生活援助,地域移行支援,生活介護,同行援護,3,正解は選択肢3「地域移行支援」である。地域移行支援は、施設や病院から地域生活へ移るための住居確保や相談、同行などを支える。障害特性だけで判断せず、本人の強みと環境因子を調整して参加を支える。,公益財団法人 社会福祉振興・試験センター 第38回（令和7年度）介護福祉士国家試験; 問題: https://www.sssc.or.jp/kaigo/past_exam/pdf/no38/listen_k_pm_38.html; 正答: https://www.sssc.or.jp/kaigo/past_exam/pdf/no38/k_kijun_seitou.pdf,,true
2026-38-097,2026,38,97,障害の理解,"Ａさん（45歳、男性）は、1年前、交通事故で頭部外傷を負った。四肢に障害は残らなかったが、高次脳機能障害（higher brain dysfunction）と診断された。
次の記述のうち、Ａさんの障害特性を理解した支援として、最も適切なものを1つ選びなさい。",記憶障害によって同じことを何度も質問するが、一度だけ質問に答える。,注意障害によって作業のミスが多いため、その度ごとに強く注意する。,遂行機能障害によって指示されないと作業ができないため、自分の判断でやるように促す。,社会的行動障害によってすぐに怒りだすことがあるため、感情が落ち着くように場面や話題を変える。,病識低下によってできないことを認めないため、できないことを指摘する。,4,正解は選択肢4「社会的行動障害によってすぐに怒りだすことがあるため、感情が落ち着くように場面や話題を変える。」である。この選択肢は、障害特性と必要な支援・社会資源の対応が適切である。できない点だけでなく、環境調整で可能になる活動にも注目する。障害特性だけで判断せず、本人の強みと環境因子を調整して参加を支える。,公益財団法人 社会福祉振興・試験センター 第38回（令和7年度）介護福祉士国家試験; 問題: https://www.sssc.or.jp/kaigo/past_exam/pdf/no38/listen_k_pm_38.html; 正答: https://www.sssc.or.jp/kaigo/past_exam/pdf/no38/k_kijun_seitou.pdf,,true
2026-38-098,2026,38,98,障害の理解,"次のうち、「障害者総合支援法」に規定する補装具として、適切なものを1つ選びなさい。
（注）  「障害者総合支援法」とは、「障害者の日常生活及び社会生活を総合的に支援するための法律」のことである。",特殊寝台,電動車椅子,点字器,電気式たん吸引器,ストーマ装具,2,正解は選択肢2「電動車椅子」である。この選択肢は、障害特性と必要な支援・社会資源の対応が適切である。できない点だけでなく、環境調整で可能になる活動にも注目する。障害特性だけで判断せず、本人の強みと環境因子を調整して参加を支える。法令・制度・金額・対象要件は改正されることがあるため、受験時点の最新情報も確認する。,公益財団法人 社会福祉振興・試験センター 第38回（令和7年度）介護福祉士国家試験; 問題: https://www.sssc.or.jp/kaigo/past_exam/pdf/no38/listen_k_pm_38.html; 正答: https://www.sssc.or.jp/kaigo/past_exam/pdf/no38/k_kijun_seitou.pdf,,true
2026-38-099,2026,38,99,障害の理解,次の記述のうち、地域における障害者のサポート体制として、最も適切なものを1つ選びなさい。,介護支援専門員は、サービス等利用計画を作成する。,相談支援専門員は、個別支援計画を作成する。,基幹相談支援センターは、障害支援区分を決定する。,地域包括支援センターは、要介護度を決定する。,市町村は、地域生活支援事業を行う。,5,正解は選択肢5「市町村は、地域生活支援事業を行う。」である。この選択肢は、障害特性と必要な支援・社会資源の対応が適切である。できない点だけでなく、環境調整で可能になる活動にも注目する。障害特性だけで判断せず、本人の強みと環境因子を調整して参加を支える。法令・制度・金額・対象要件は改正されることがあるため、受験時点の最新情報も確認する。,公益財団法人 社会福祉振興・試験センター 第38回（令和7年度）介護福祉士国家試験; 問題: https://www.sssc.or.jp/kaigo/past_exam/pdf/no38/listen_k_pm_38.html; 正答: https://www.sssc.or.jp/kaigo/past_exam/pdf/no38/k_kijun_seitou.pdf,,true
2026-38-100,2026,38,100,障害の理解,次のうち、障害があるためスプーンがうまく握れない人に自助具を作成する職種として、最も適切なものを1つ選びなさい。,看護師,義肢装具士,理学療法士,作業療法士,言語聴覚士,4,正解は選択肢4「作業療法士」である。この選択肢は、障害特性と必要な支援・社会資源の対応が適切である。できない点だけでなく、環境調整で可能になる活動にも注目する。障害特性だけで判断せず、本人の強みと環境因子を調整して参加を支える。,公益財団法人 社会福祉振興・試験センター 第38回（令和7年度）介護福祉士国家試験; 問題: https://www.sssc.or.jp/kaigo/past_exam/pdf/no38/listen_k_pm_38.html; 正答: https://www.sssc.or.jp/kaigo/past_exam/pdf/no38/k_kijun_seitou.pdf,,true
2026-38-101,2026,38,101,医療的ケア,次の記述のうち、バイタルサインを測定するときの留意点として、最も適切なものを1つ選びなさい。,非接触型体温計による測定では、環境温度に注意する。,脈拍の測定では、橈骨動脈｛とうこつどうみゃく｝に拇指｛ぼし｝で触れる。,呼吸の測定では、ゆっくりと息をするように伝えてから行う。,血圧測定では、上腕にマンシェットを隙間のないように巻く。,意識レベルは、まず身体を揺さぶって反応をみる。,1,正解は選択肢1「非接触型体温計による測定では、環境温度に注意する。」である。この記述は、安全な実施手順と観察・連携の原則に合う。手技の前提条件、清潔保持、異常時の対応を一連で覚える。手順の遵守、実施前後の観察、異常時の中止・報告、医療職との連携が要点である。,公益財団法人 社会福祉振興・試験センター 第38回（令和7年度）介護福祉士国家試験; 問題: https://www.sssc.or.jp/kaigo/past_exam/pdf/no38/listen_k_pm_38.html; 正答: https://www.sssc.or.jp/kaigo/past_exam/pdf/no38/k_kijun_seitou.pdf,,true
2026-38-102,2026,38,102,医療的ケア,気管カニューレの構造等に関する次の記述のうち、正しいものを1つ選びなさい。,気管カニューレは、咽頭に挿入されている。,気管カニューレは、交換の必要がない。,カフは、カニューレの上端についている。,カフには、滅菌蒸留水が入れてある。,サイドチューブから、カフの上部の貯留物を吸引することができる。,5,正解は選択肢5「サイドチューブから、カフの上部の貯留物を吸引することができる。」である。この記述は、安全な実施手順と観察・連携の原則に合う。手技の前提条件、清潔保持、異常時の対応を一連で覚える。手順の遵守、実施前後の観察、異常時の中止・報告、医療職との連携が要点である。,公益財団法人 社会福祉振興・試験センター 第38回（令和7年度）介護福祉士国家試験; 問題: https://www.sssc.or.jp/kaigo/past_exam/pdf/no38/listen_k_pm_38.html; 正答: https://www.sssc.or.jp/kaigo/past_exam/pdf/no38/k_kijun_seitou.pdf,,true
2026-38-103,2026,38,103,医療的ケア,"Ａさん（85歳、男性）は、慢性閉塞性肺疾患（chronic obstructive pulmonary disease）で、介護老人福祉施設に入所している。ある日、Ａさんから、「痰｛たん｝がからんでいて、咳｛せき｝をしても出せない」という訴えがあった。介護福祉士が呼吸回数を確認すると、1分間に22回で、ゴロゴロという音がしていた。看護職からは、右肺に痰｛たん｝が貯留しやすいという情報提供があった。口腔内吸引｛こうくうないきゅういん｝をすると、粘性の強い透明な痰｛たん｝が吸引できた。
このとき、介護福祉士が喀痰排出｛かくたんはいしゅつ｝を促すためにＡさんに行う対応として、最も適切なものを1つ選びなさい。",居室の湿度を30％に保つ。,水分摂取を控えるように伝える。,左側を下にした体位を勧める。,太い吸引チューブに変える。,ベッド上での安静を勧める。,3,正解は選択肢3「左側を下にした体位を勧める。」である。一律に代行せず、本人が安全にできる方法を示して自己決定と残存能力を支える。手順の遵守、実施前後の観察、異常時の中止・報告、医療職との連携が要点である。,公益財団法人 社会福祉振興・試験センター 第38回（令和7年度）介護福祉士国家試験; 問題: https://www.sssc.or.jp/kaigo/past_exam/pdf/no38/listen_k_pm_38.html; 正答: https://www.sssc.or.jp/kaigo/past_exam/pdf/no38/k_kijun_seitou.pdf,,true
2026-38-104,2026,38,104,医療的ケア,次の記述のうち、胃の構造として、正しいものを1つ選びなさい。,幽門から始まり噴門で終わる。,左上方を胃底部といい、食べ物を一時的にためる。,左下方の縁を小弯｛しょうわん｝という。,胃には3つの生理的狭窄部｛せいりてききょうさくぶ｝がある。,胃に続く小腸は、空腸という。,2,正解は選択肢2「左上方を胃底部といい、食べ物を一時的にためる。」である。この記述は、安全な実施手順と観察・連携の原則に合う。手技の前提条件、清潔保持、異常時の対応を一連で覚える。手順の遵守、実施前後の観察、異常時の中止・報告、医療職との連携が要点である。,公益財団法人 社会福祉振興・試験センター 第38回（令和7年度）介護福祉士国家試験; 問題: https://www.sssc.or.jp/kaigo/past_exam/pdf/no38/listen_k_pm_38.html; 正答: https://www.sssc.or.jp/kaigo/past_exam/pdf/no38/k_kijun_seitou.pdf,,true
2026-38-105,2026,38,105,医療的ケア,次の記述のうち、ボタン型胃ろうチューブを挿入している利用者に対して、介護福祉士が行うケアとして、最も適切なものを1つ選びなさい。,胃ろう周囲の皮膚に発赤がある場合は、軟膏｛なんこう｝を塗布する。,1日に2、3回、胃ろうチューブを回転させて、癒着を防ぐ。,胃ろうチューブの抜去予防のため、歩行は避けるように勧める。,胃ろう周囲の皮膚は石けんとぬるま湯で洗浄して、清潔を保つ。,栄養剤を注入する前には、胃ろう部を消毒する。,4,正解は選択肢4「胃ろう周囲の皮膚は石けんとぬるま湯で洗浄して、清潔を保つ。」である。この記述は、安全な実施手順と観察・連携の原則に合う。手技の前提条件、清潔保持、異常時の対応を一連で覚える。手順の遵守、実施前後の観察、異常時の中止・報告、医療職との連携が要点である。,公益財団法人 社会福祉振興・試験センター 第38回（令和7年度）介護福祉士国家試験; 問題: https://www.sssc.or.jp/kaigo/past_exam/pdf/no38/listen_k_pm_38.html; 正答: https://www.sssc.or.jp/kaigo/past_exam/pdf/no38/k_kijun_seitou.pdf,,true
2026-38-106,2026,38,106,介護過程,次のうち、介護過程における生活課題への対応として、最も適切なものを1つ選びなさい。,介護福祉職が望む支援を実現すること,利用者が望む暮らしを実現すること,他職種が望む連携を実現すること,家族が望む経済状況を実現すること,施設が望む運営を実現すること,2,正解は選択肢2「利用者が望む暮らしを実現すること」である。この選択肢は、得られた事実を解釈し、本人の生活課題と目標に結び付ける介護過程の流れに合う。推測と観察事実を分けることが重要である。アセスメント、課題の明確化、計画、実施、評価をつなぎ、本人の満足度や変化を次の支援に反映する。,公益財団法人 社会福祉振興・試験センター 第38回（令和7年度）介護福祉士国家試験; 問題: https://www.sssc.or.jp/kaigo/past_exam/pdf/no38/listen_k_pm_38.html; 正答: https://www.sssc.or.jp/kaigo/past_exam/pdf/no38/k_kijun_seitou.pdf,,true
2026-38-107,2026,38,107,介護過程,次の記述のうち、短期目標に関する説明として、最も適切なものを1つ選びなさい。,介護福祉職の介護目標を設定する。,利用者の1年後の状態を記載する。,利用者の家族を主体にして表現する。,アセスメントに基づく利用者の具体的な生活課題から検討する。,目標達成時の介護福祉職の満足度を記載する。,4,正解は選択肢4「アセスメントに基づく利用者の具体的な生活課題から検討する。」である。この選択肢は、得られた事実を解釈し、本人の生活課題と目標に結び付ける介護過程の流れに合う。推測と観察事実を分けることが重要である。アセスメント、課題の明確化、計画、実施、評価をつなぎ、本人の満足度や変化を次の支援に反映する。,公益財団法人 社会福祉振興・試験センター 第38回（令和7年度）介護福祉士国家試験; 問題: https://www.sssc.or.jp/kaigo/past_exam/pdf/no38/listen_k_pm_38.html; 正答: https://www.sssc.or.jp/kaigo/past_exam/pdf/no38/k_kijun_seitou.pdf,,true
2026-38-108,2026,38,108,介護過程,次の記述のうち、介護計画の実施に関するものとして、適切なものを1つ選びなさい。,利用者の実践状況は評価日にまとめて記録する。,介護福祉職が結果に満足できるまで実践を続ける。,介護福祉職の実践経験を積むことを目的にする。,他職種が立案した介護計画をチームで実践する。,利用者に支援内容を説明して同意を得る。,5,正解は選択肢5「利用者に支援内容を説明して同意を得る。」である。説明と同意は自己決定を保障する基本で、拒否や撤回ができることも尊重する。アセスメント、課題の明確化、計画、実施、評価をつなぎ、本人の満足度や変化を次の支援に反映する。,公益財団法人 社会福祉振興・試験センター 第38回（令和7年度）介護福祉士国家試験; 問題: https://www.sssc.or.jp/kaigo/past_exam/pdf/no38/listen_k_pm_38.html; 正答: https://www.sssc.or.jp/kaigo/past_exam/pdf/no38/k_kijun_seitou.pdf,,true
2026-38-109,2026,38,109,介護過程,次のうち、サービス担当者会議にサービス管理責任者が出席する目的として、最も適切なものを1つ選びなさい。,個別支援計画の取り組みの報告,障害支援区分の判定,支給が必要かどうかの決定,サービス等利用計画の説明,相談支援専門員への個別支援計画作成の指示,1,正解は選択肢1「個別支援計画の取り組みの報告」である。この選択肢は、得られた事実を解釈し、本人の生活課題と目標に結び付ける介護過程の流れに合う。推測と観察事実を分けることが重要である。アセスメント、課題の明確化、計画、実施、評価をつなぎ、本人の満足度や変化を次の支援に反映する。,公益財団法人 社会福祉振興・試験センター 第38回（令和7年度）介護福祉士国家試験; 問題: https://www.sssc.or.jp/kaigo/past_exam/pdf/no38/listen_k_pm_38.html; 正答: https://www.sssc.or.jp/kaigo/past_exam/pdf/no38/k_kijun_seitou.pdf,,true
2026-38-110,2026,38,110,介護過程,"次の事例を読んで、問題110、問題111について答えなさい。
〔事  例〕
Ａさん（78歳、女性、要介護1）は、軽度の認知症（dementia）があり、通所介護（デイサービス）を利用しながら一人暮らしをしている。一人娘が近くに住んでいる。最近、近所の人から娘に、「決められた日以外にごみを出しているので、そっと片付けているの」と連絡があった。
翌日、娘がＡさんの自宅に行くと、部屋の中に弁当の空の容器がそのまま残されていた。心配した娘が同居を勧めたが、Ａさんは、「これからもこの家からデイサービスに通いたい」と強い口調で言った。話し合いの結果、娘が夕方に様子を見に行くことになった。
Ａさんは、通所介護（デイサービス）を休むことなく利用していたが、ある日の迎えのとき、担当の介護福祉職に、「今日は行きたくない」と言って利用を拒否した。娘が理由を聞くと、「クイズの時間になると利用者のＢさんに、あなたの答えはいつも間違えていると何度も注意される。情けない・・・」と話した。娘はＡさんの様子を介護福祉職に伝えた。
次のうち、Ａさんのニーズとして、最も適切なものを1つ選びなさい。",娘の家で同居すること,自宅での生活を続けること,通所介護（デイサービス）を休めること,弁当のメニューを変更すること,ごみ出しを近所の人に任せること,2,正解は選択肢2「自宅での生活を続けること」である。この選択肢は、得られた事実を解釈し、本人の生活課題と目標に結び付ける介護過程の流れに合う。推測と観察事実を分けることが重要である。アセスメント、課題の明確化、計画、実施、評価をつなぎ、本人の満足度や変化を次の支援に反映する。,公益財団法人 社会福祉振興・試験センター 第38回（令和7年度）介護福祉士国家試験; 問題: https://www.sssc.or.jp/kaigo/past_exam/pdf/no38/listen_k_pm_38.html; 正答: https://www.sssc.or.jp/kaigo/past_exam/pdf/no38/k_kijun_seitou.pdf,,true
2026-38-111,2026,38,111,介護過程,"次の事例を読んで、問題110、問題111について答えなさい。
〔事  例〕
Ａさん（78歳、女性、要介護1）は、軽度の認知症（dementia）があり、通所介護（デイサービス）を利用しながら一人暮らしをしている。一人娘が近くに住んでいる。最近、近所の人から娘に、「決められた日以外にごみを出しているので、そっと片付けているの」と連絡があった。
翌日、娘がＡさんの自宅に行くと、部屋の中に弁当の空の容器がそのまま残されていた。心配した娘が同居を勧めたが、Ａさんは、「これからもこの家からデイサービスに通いたい」と強い口調で言った。話し合いの結果、娘が夕方に様子を見に行くことになった。
Ａさんは、通所介護（デイサービス）を休むことなく利用していたが、ある日の迎えのとき、担当の介護福祉職に、「今日は行きたくない」と言って利用を拒否した。娘が理由を聞くと、「クイズの時間になると利用者のＢさんに、あなたの答えはいつも間違えていると何度も注意される。情けない・・・」と話した。娘はＡさんの様子を介護福祉職に伝えた。
Ａさんの娘から連絡を受けた通所介護（デイサービス）では、介護過程の再アセスメントをすることになった。
次のうち、Ａさんの再アセスメントで重視すべき情報として、最も適切なものを1つ選びなさい。",通所介護（デイサービス）を利用しない日の過ごし方,通所介護（デイサービス）での様子,通所介護（デイサービス）の利用継続に関する娘の意見,通所介護（デイサービス）の迎えを担当した介護福祉職の印象,通所介護（デイサービス）以外のサービスを利用することへの意向,2,正解は選択肢2「通所介護（デイサービス）での様子」である。この選択肢は、得られた事実を解釈し、本人の生活課題と目標に結び付ける介護過程の流れに合う。推測と観察事実を分けることが重要である。アセスメント、課題の明確化、計画、実施、評価をつなぎ、本人の満足度や変化を次の支援に反映する。,公益財団法人 社会福祉振興・試験センター 第38回（令和7年度）介護福祉士国家試験; 問題: https://www.sssc.or.jp/kaigo/past_exam/pdf/no38/listen_k_pm_38.html; 正答: https://www.sssc.or.jp/kaigo/past_exam/pdf/no38/k_kijun_seitou.pdf,,true
2026-38-112,2026,38,112,介護過程,"次の事例を読んで、問題112、問題113について答えなさい。
〔事  例〕
Ａさん（50歳、男性、障害支援区分3）は、中度の知的障害がある。身体機能に問題はないが、遂行機能に障害がある。短い言葉での意思表示はできる。両親は亡くなっている。姉が近くに住んでいるが、同居は難しく、共同生活援助（グループホーム）へ入居した。入居時に短期目標を「生活のリズムを整える」と設定し、順調に進んでいた。日中は就労継続支援Ｂ型事業所に通っている。
共同生活援助（グループホーム）の生活に慣れてきた頃、Ａさんは日中活動を休むようになった。心配した生活支援員が居室を訪ねると、Ａさんが、「昨日も、遊びに来た隣室の友人が、散らかっている部屋を見て笑った。前はきれいにできていたのに」と自信をなくしている様子であった。
生活支援員がＡさんの居室を確認すると、趣味で集めているアニメグッズや衣服が増えていて、きれいにしていた自室内に散乱していた。
次のうち、日中活動を休むようになったＡさんの状態を理解するために必要な情報として、最も適切なものを1つ選びなさい。",Ａさんの姉の家族構成,隣室の友人がＡさんの部屋に行った時間,Ａさんが自信をなくした理由,生活支援員がＡさんの部屋を訪ねた心情,Ａさんが隣室の友人と遊ぶことになった理由,3,正解は選択肢3「Ａさんが自信をなくした理由」である。この選択肢は、得られた事実を解釈し、本人の生活課題と目標に結び付ける介護過程の流れに合う。推測と観察事実を分けることが重要である。アセスメント、課題の明確化、計画、実施、評価をつなぎ、本人の満足度や変化を次の支援に反映する。,公益財団法人 社会福祉振興・試験センター 第38回（令和7年度）介護福祉士国家試験; 問題: https://www.sssc.or.jp/kaigo/past_exam/pdf/no38/listen_k_pm_38.html; 正答: https://www.sssc.or.jp/kaigo/past_exam/pdf/no38/k_kijun_seitou.pdf,,true
2026-38-113,2026,38,113,介護過程,"次の事例を読んで、問題112、問題113について答えなさい。
〔事  例〕
Ａさん（50歳、男性、障害支援区分3）は、中度の知的障害がある。身体機能に問題はないが、遂行機能に障害がある。短い言葉での意思表示はできる。両親は亡くなっている。姉が近くに住んでいるが、同居は難しく、共同生活援助（グループホーム）へ入居した。入居時に短期目標を「生活のリズムを整える」と設定し、順調に進んでいた。日中は就労継続支援Ｂ型事業所に通っている。
共同生活援助（グループホーム）の生活に慣れてきた頃、Ａさんは日中活動を休むようになった。心配した生活支援員が居室を訪ねると、Ａさんが、「昨日も、遊びに来た隣室の友人が、散らかっている部屋を見て笑った。前はきれいにできていたのに」と自信をなくしている様子であった。
生活支援員がＡさんの居室を確認すると、趣味で集めているアニメグッズや衣服が増えていて、きれいにしていた自室内に散乱していた。
後日、カンファレンスが開かれ、短期目標についての見直しが検討された。次の記述のうち、見直された短期目標として、最も適切なものを1つ選びなさい。",趣味を変更する。,現在の自室の状態を維持する。,衣服を部屋の隅に寄せる。,日中活動の事業所を変更する。,自室を整理整頓する。,5,正解は選択肢5「自室を整理整頓する。」である。カンファレンスに関係職種・担当者が参加すると、目標、観察事項、支援方法を共通理解にできる。アセスメント、課題の明確化、計画、実施、評価をつなぎ、本人の満足度や変化を次の支援に反映する。,公益財団法人 社会福祉振興・試験センター 第38回（令和7年度）介護福祉士国家試験; 問題: https://www.sssc.or.jp/kaigo/past_exam/pdf/no38/listen_k_pm_38.html; 正答: https://www.sssc.or.jp/kaigo/past_exam/pdf/no38/k_kijun_seitou.pdf,,true
2026-38-114,2026,38,114,総合問題,"次の事例を読んで、問題114から問題116までについて答えなさい。
〔事  例〕
Ａさん（66歳、女性）は、一人息子と二人で暮らしている。会社の趣味サークルや地域活動に熱心に参加してきた。半年前に、長年勤めた仕事を定年退職して、継続雇用で週2日の勤務になった。その頃から不眠を訴え、疲れやすく気持ちが落ち込む日が増えてきた。しばらくすると、睡眠中に大声をあげたり、息子の部屋までふらふらと歩いてきたり、自室のカーテンの花柄が動いて怖いと話したりするようになった。近隣の大学病院を受診した結果、手足の震え、小刻みな歩行、顔のこわばりなどがみられ、レビー小体型認知症（dementia with Lewy bodies）の診断を受けた。
Ａさんは、趣味活動や自宅で息子と過ごすことを優先し、これからの生活を楽しみたいと考えて、仕事を辞めた。そして、安全に歩く力を維持するために介護サービスを活用しようと考えた。Ａさんは要支援2の認定を受けて、介護予防通所リハビリテーションの利用を始めた。
Ａさんの手足の震えは、ある体内物質の影響によって生じている。
次のうち、その体内物質に該当するものとして、最も適切なものを1つ選びなさい。",メラトニン（melatonin）,ドーパミン（dopamine）,アドレナリン（adrenaline）,コルチゾール（cortisol）,グルカゴン（glucagon）,2,正解は選択肢2「ドーパミン（dopamine）」である。レビー小体型認知症では認知機能の変動、具体的な幻視、パーキンソニズムなどが特徴となる。疾患・障害の特徴、本人の希望、家族状況、利用できる社会資源を関連付けて判断する。,公益財団法人 社会福祉振興・試験センター 第38回（令和7年度）介護福祉士国家試験; 問題: https://www.sssc.or.jp/kaigo/past_exam/pdf/no38/listen_k_pm_38.html; 正答: https://www.sssc.or.jp/kaigo/past_exam/pdf/no38/k_kijun_seitou.pdf,,true
2026-38-115,2026,38,115,総合問題,"次の事例を読んで、問題114から問題116までについて答えなさい。
〔事  例〕
Ａさん（66歳、女性）は、一人息子と二人で暮らしている。会社の趣味サークルや地域活動に熱心に参加してきた。半年前に、長年勤めた仕事を定年退職して、継続雇用で週2日の勤務になった。その頃から不眠を訴え、疲れやすく気持ちが落ち込む日が増えてきた。しばらくすると、睡眠中に大声をあげたり、息子の部屋までふらふらと歩いてきたり、自室のカーテンの花柄が動いて怖いと話したりするようになった。近隣の大学病院を受診した結果、手足の震え、小刻みな歩行、顔のこわばりなどがみられ、レビー小体型認知症（dementia with Lewy bodies）の診断を受けた。
Ａさんは、趣味活動や自宅で息子と過ごすことを優先し、これからの生活を楽しみたいと考えて、仕事を辞めた。そして、安全に歩く力を維持するために介護サービスを活用しようと考えた。Ａさんは要支援2の認定を受けて、介護予防通所リハビリテーションの利用を始めた。
ある日、送迎のときに、介護予防通所リハビリテーション事業所のＢ介護福祉職は、息子から、日々の症状に変動がある母を自宅で介護をするときにどのようなことに注意すべきか、と聞かれた。Ｂ介護福祉職は事業所で多職種ミーティングを行ってから返答することにした。
次の記述のうち、Ｂ介護福祉職の息子への助言として、最も適切なものを1つ選びなさい。",視覚的環境からの影響を防ぐために、自室のカーテンを無地のものに変更する。,下肢筋力を維持するために、毎日決まった時間に同じ運動をする。,転倒を防止するために、Ａさんの外出の機会を減らす。,夜間は部屋をできるだけ明るく照らすために、直接照明を用いる。,着脱をしやすくするために、ボタン止めの衣服を使用する。,1,正解は選択肢1「視覚的環境からの影響を防ぐために、自室のカーテンを無地のものに変更する。」である。レビー小体型認知症では認知機能の変動、具体的な幻視、パーキンソニズムなどが特徴となる。疾患・障害の特徴、本人の希望、家族状況、利用できる社会資源を関連付けて判断する。,公益財団法人 社会福祉振興・試験センター 第38回（令和7年度）介護福祉士国家試験; 問題: https://www.sssc.or.jp/kaigo/past_exam/pdf/no38/listen_k_pm_38.html; 正答: https://www.sssc.or.jp/kaigo/past_exam/pdf/no38/k_kijun_seitou.pdf,,true
2026-38-116,2026,38,116,総合問題,"次の事例を読んで、問題114から問題116までについて答えなさい。
〔事  例〕
Ａさん（66歳、女性）は、一人息子と二人で暮らしている。会社の趣味サークルや地域活動に熱心に参加してきた。半年前に、長年勤めた仕事を定年退職して、継続雇用で週2日の勤務になった。その頃から不眠を訴え、疲れやすく気持ちが落ち込む日が増えてきた。しばらくすると、睡眠中に大声をあげたり、息子の部屋までふらふらと歩いてきたり、自室のカーテンの花柄が動いて怖いと話したりするようになった。近隣の大学病院を受診した結果、手足の震え、小刻みな歩行、顔のこわばりなどがみられ、レビー小体型認知症（dementia with Lewy bodies）の診断を受けた。
Ａさんは、趣味活動や自宅で息子と過ごすことを優先し、これからの生活を楽しみたいと考えて、仕事を辞めた。そして、安全に歩く力を維持するために介護サービスを活用しようと考えた。Ａさんは要支援2の認定を受けて、介護予防通所リハビリテーションの利用を始めた。
サービス利用開始から2か月後、担当介護支援専門員（介護福祉士）はモニタリングを行うために、Ａさんの自宅を訪れた。Ａさんは、「もっとほかの人と交流したいが、自宅で生活しながら利用できると安心だ。とにかく息子に心配をかけずに一緒に暮らしていきたい」と語った。
息子は、「最近仕事が忙しくなり、今後泊まりの出張もあるので、リハビリ以外のサービスもうまく使ってほしい」と語った。
次のうち、Ａさんに利用を勧めるサービスとして、最も適切なものを1つ選びなさい。",介護予防認知症対応型共同生活介護（認知症高齢者グループホーム）,日常生活自立支援事業,訪問介護（ホームヘルプサービス）,介護予防小規模多機能型居宅介護,介護予防・生活支援サービス事業の通所型サービス,4,正解は選択肢4「介護予防小規模多機能型居宅介護」である。レビー小体型認知症では認知機能の変動、具体的な幻視、パーキンソニズムなどが特徴となる。疾患・障害の特徴、本人の希望、家族状況、利用できる社会資源を関連付けて判断する。,公益財団法人 社会福祉振興・試験センター 第38回（令和7年度）介護福祉士国家試験; 問題: https://www.sssc.or.jp/kaigo/past_exam/pdf/no38/listen_k_pm_38.html; 正答: https://www.sssc.or.jp/kaigo/past_exam/pdf/no38/k_kijun_seitou.pdf,,true
2026-38-117,2026,38,117,総合問題,"次の事例を読んで、問題117から問題119までについて答えなさい。
〔事  例〕
Ａさん（85歳、女性、要介護1）は、Ｂ住居型有料老人ホームで暮らしている。子どもはなく、親族もいない。Ａさんは現在、外部の事業所から訪問介護サービスを週2回利用している。Ａさんは駐車場を経営していて、毎月その収入がある。
最近、Ｃ訪問介護員（ホームヘルパー）は、Ａさんの居室内の冷蔵庫の中に同じ食材がたくさん入っていることが多く、気になっていた。ある日、Ｃ訪問介護員（ホームヘルパー）がＡさんに尋ねると、「近所のスーパーに買い物に行くのが楽しみだが、冷蔵庫の中に何があるのか忘れてしまい、同じものばかり買ってしまう」と答えた。また、「今は、毎月振り込まれる駐車場収入の管理ができているが、今後管理できなくなることが不安だ」と話した。その後、Ａさんは、初期のアルツハイマー型認知症（dementia of the Alzheimer’s type）の診断を受けた。
次のうち、Ａさんが不安に思っている駐車場収入の管理について、訪問介護事業所のサービス提供責任者がＡさんに提案する制度として、最も適切なものを1つ選びなさい。",成年後見制度,生活保護制度,老齢年金制度,継続雇用制度,後期高齢者医療制度,1,正解は選択肢1「成年後見制度」である。この選択肢は、事例に示された症状、本人の希望、生活環境を同時に満たす。単独の情報ではなく、事例中の根拠を複数結び付けて判断する。疾患・障害の特徴、本人の希望、家族状況、利用できる社会資源を関連付けて判断する。法令・制度・金額・対象要件は改正されることがあるため、受験時点の最新情報も確認する。,公益財団法人 社会福祉振興・試験センター 第38回（令和7年度）介護福祉士国家試験; 問題: https://www.sssc.or.jp/kaigo/past_exam/pdf/no38/listen_k_pm_38.html; 正答: https://www.sssc.or.jp/kaigo/past_exam/pdf/no38/k_kijun_seitou.pdf,,true
2026-38-118,2026,38,118,総合問題,"次の事例を読んで、問題117から問題119までについて答えなさい。
〔事  例〕
Ａさん（85歳、女性、要介護1）は、Ｂ住居型有料老人ホームで暮らしている。子どもはなく、親族もいない。Ａさんは現在、外部の事業所から訪問介護サービスを週2回利用している。Ａさんは駐車場を経営していて、毎月その収入がある。
最近、Ｃ訪問介護員（ホームヘルパー）は、Ａさんの居室内の冷蔵庫の中に同じ食材がたくさん入っていることが多く、気になっていた。ある日、Ｃ訪問介護員（ホームヘルパー）がＡさんに尋ねると、「近所のスーパーに買い物に行くのが楽しみだが、冷蔵庫の中に何があるのか忘れてしまい、同じものばかり買ってしまう」と答えた。また、「今は、毎月振り込まれる駐車場収入の管理ができているが、今後管理できなくなることが不安だ」と話した。その後、Ａさんは、初期のアルツハイマー型認知症（dementia of the Alzheimer’s type）の診断を受けた。
その後、Ａさんは認知症（dementia）が進行することを心配し、介護支援専門員（ケアマネジャー）に相談して、同じ市内のＤ介護付き有料老人ホームに転居することになった。
転居してから2年後、Ａさんの認知症（dementia）の症状は進行してきた。Ａさんの担当となったＥ介護福祉職はサービス担当者会議で、「現在、Ａさんの、認知症高齢者の日常生活自立度判定基準は、ランクⅢａと考えられる。そこで、このランクに合った介護計画を立案したい」と提案し、他職種の承諾を得た。
次のうち、Ａさんの介護計画立案時にＥ介護福祉職が意識する、認知症高齢者の日常生活自立度判定基準Ⅲａに該当する状態として、最も適切なものを1つ選びなさい。",日常生活が自立している状態,見守りがあれば自立できる状態,日中を中心に意思疎通の困難さがみられ、介護を必要とする状態,意思疎通の困難さが頻繁にみられ、常に介護を必要とする状態,専門医療の導入が必要な状態,3,正解は選択肢3「日中を中心に意思疎通の困難さがみられ、介護を必要とする状態」である。この選択肢は、事例に示された症状、本人の希望、生活環境を同時に満たす。単独の情報ではなく、事例中の根拠を複数結び付けて判断する。疾患・障害の特徴、本人の希望、家族状況、利用できる社会資源を関連付けて判断する。,公益財団法人 社会福祉振興・試験センター 第38回（令和7年度）介護福祉士国家試験; 問題: https://www.sssc.or.jp/kaigo/past_exam/pdf/no38/listen_k_pm_38.html; 正答: https://www.sssc.or.jp/kaigo/past_exam/pdf/no38/k_kijun_seitou.pdf,,true
2026-38-119,2026,38,119,総合問題,"次の事例を読んで、問題117から問題119までについて答えなさい。
〔事  例〕
Ａさん（85歳、女性、要介護1）は、Ｂ住居型有料老人ホームで暮らしている。子どもはなく、親族もいない。Ａさんは現在、外部の事業所から訪問介護サービスを週2回利用している。Ａさんは駐車場を経営していて、毎月その収入がある。
最近、Ｃ訪問介護員（ホームヘルパー）は、Ａさんの居室内の冷蔵庫の中に同じ食材がたくさん入っていることが多く、気になっていた。ある日、Ｃ訪問介護員（ホームヘルパー）がＡさんに尋ねると、「近所のスーパーに買い物に行くのが楽しみだが、冷蔵庫の中に何があるのか忘れてしまい、同じものばかり買ってしまう」と答えた。また、「今は、毎月振り込まれる駐車場収入の管理ができているが、今後管理できなくなることが不安だ」と話した。その後、Ａさんは、初期のアルツハイマー型認知症（dementia of the Alzheimer’s type）の診断を受けた。
Ｄ介護付き有料老人ホームに転居してから3年が経過した。Ａさんの認知症（dementia）の症状は、さらに進行してきた。Ｄ介護付き有料老人ホームでは、施設の方針として、新たにパーソン・センタード・ケアを取り入れることになった。
次の記述のうち、Ｅ介護福祉職が介護計画を見直すときの方向性として、最も適切なものを1つ選びなさい。",認知症（dementia）の人の共通点に着目したケアマニュアルをつくる。,認知症（dementia）を治療する。,認知症（dementia）の人のその人らしさを支える。,認知症（dementia）の人を特別な存在として保護する。,行動・心理症状（ＢＰＳＤ）をなくす。,3,正解は選択肢3「認知症（dementia）の人のその人らしさを支える。」である。この選択肢は、事例に示された症状、本人の希望、生活環境を同時に満たす。単独の情報ではなく、事例中の根拠を複数結び付けて判断する。疾患・障害の特徴、本人の希望、家族状況、利用できる社会資源を関連付けて判断する。,公益財団法人 社会福祉振興・試験センター 第38回（令和7年度）介護福祉士国家試験; 問題: https://www.sssc.or.jp/kaigo/past_exam/pdf/no38/listen_k_pm_38.html; 正答: https://www.sssc.or.jp/kaigo/past_exam/pdf/no38/k_kijun_seitou.pdf,,true
2026-38-120,2026,38,120,総合問題,"次の事例を読んで、問題120から問題122までについて答えなさい。
〔事  例〕
Ａさん（42歳、男性）は、知的障害がある。父親（72歳）と二人暮らしをしている。半年前、Ａさんに血便がみられたため病院を受診したところ、大腸がん（colorectal cancer）と診断され、Ｓ状結腸ストーマを造設した。パウチの交換に支援が必要となり、退院後は父親が自宅で介護をしていた。父親の介護負担が大きくなったため、居宅介護（ホームヘルプサービス）を利用することになった。
次のうち、Ａさんの正常時の便の性状として、最も適切なものを1つ選びなさい。",水様から粥状｛じゅくじょう｝,流動状から液状,半流動から粥状｛じゅくじょう｝,泥状から軟便,軟便から固形状,5,正解は選択肢5「軟便から固形状」である。就寝前にパウチ内を空にすると、睡眠中の膨張、漏れ、皮膚トラブルを予防しやすい。疾患・障害の特徴、本人の希望、家族状況、利用できる社会資源を関連付けて判断する。,公益財団法人 社会福祉振興・試験センター 第38回（令和7年度）介護福祉士国家試験; 問題: https://www.sssc.or.jp/kaigo/past_exam/pdf/no38/listen_k_pm_38.html; 正答: https://www.sssc.or.jp/kaigo/past_exam/pdf/no38/k_kijun_seitou.pdf,,true
2026-38-121,2026,38,121,総合問題,"次の事例を読んで、問題120から問題122までについて答えなさい。
〔事  例〕
Ａさん（42歳、男性）は、知的障害がある。父親（72歳）と二人暮らしをしている。半年前、Ａさんに血便がみられたため病院を受診したところ、大腸がん（colorectal cancer）と診断され、Ｓ状結腸ストーマを造設した。パウチの交換に支援が必要となり、退院後は父親が自宅で介護をしていた。父親の介護負担が大きくなったため、居宅介護（ホームヘルプサービス）を利用することになった。
ある日、訪問介護員（ホームヘルパー）にＡさんから、「今度、父親と温泉に行くことになったが、便のにおいが気になる」と相談があった。
次のうち、訪問介護員（ホームヘルパー）がＡさんに勧める食品として、最も適切なものを1つ選びなさい。",チーズ,たまねぎ,ヨーグルト,にら,アスパラガス,3,正解は選択肢3「ヨーグルト」である。就寝前にパウチ内を空にすると、睡眠中の膨張、漏れ、皮膚トラブルを予防しやすい。疾患・障害の特徴、本人の希望、家族状況、利用できる社会資源を関連付けて判断する。,公益財団法人 社会福祉振興・試験センター 第38回（令和7年度）介護福祉士国家試験; 問題: https://www.sssc.or.jp/kaigo/past_exam/pdf/no38/listen_k_pm_38.html; 正答: https://www.sssc.or.jp/kaigo/past_exam/pdf/no38/k_kijun_seitou.pdf,,true
2026-38-122,2026,38,122,総合問題,"次の事例を読んで、問題120から問題122までについて答えなさい。
〔事  例〕
Ａさん（42歳、男性）は、知的障害がある。父親（72歳）と二人暮らしをしている。半年前、Ａさんに血便がみられたため病院を受診したところ、大腸がん（colorectal cancer）と診断され、Ｓ状結腸ストーマを造設した。パウチの交換に支援が必要となり、退院後は父親が自宅で介護をしていた。父親の介護負担が大きくなったため、居宅介護（ホームヘルプサービス）を利用することになった。
ある日、訪問介護員（ホームヘルパー）がＡさんの自宅を訪問したところ、Ａさんの父親から、「地震のニュースを見たら、知的障害があり、ストーマの管理が必要な息子に対する災害時の対応が心配になった」と相談があった。訪問介護員（ホームヘルパー）は、相談支援専門員に状況を報告し、相談支援専門員とともにほかの利用者家族に確認したところ、同様に災害時の不安を感じている親が多く、この地域では個別避難計画の作成が遅れていることがわかった。そこで、訪問介護員（ホームヘルパー）はこの課題を地域の課題としてとらえ、サービス提供責任者や相談支援専門員とともに対応することを確認した。
次のうち、この地域課題の検討を働きかける場として、最も適切なものを1つ選びなさい。
（注）  「協議会」とは、障害者の日常生活及び社会生活を総合的に支援するための法律第89条の3第1項に規定するものである。",協議会,運営適正化委員会,介護保険審査会,障害者政策委員会,地方更生保護委員会,1,正解は選択肢1「協議会」である。相談支援専門員は、本人の意向を踏まえてサービス等利用計画案の作成やモニタリングを担う。疾患・障害の特徴、本人の希望、家族状況、利用できる社会資源を関連付けて判断する。法令・制度・金額・対象要件は改正されることがあるため、受験時点の最新情報も確認する。,公益財団法人 社会福祉振興・試験センター 第38回（令和7年度）介護福祉士国家試験; 問題: https://www.sssc.or.jp/kaigo/past_exam/pdf/no38/listen_k_pm_38.html; 正答: https://www.sssc.or.jp/kaigo/past_exam/pdf/no38/k_kijun_seitou.pdf,,true
2026-38-123,2026,38,123,総合問題,"次の事例を読んで、問題123から問題125までについて答えなさい。
〔事  例〕
Ａさん（50歳、男性、障害支援区分4）は、1年前の交通事故の後遺症で、右片麻痺｛みぎかたまひ｝、高次脳機能障害（higher brain dysfunction）、失語症（aphasia）となった。現在は障害者支援施設で生活している。日中は、車いすに座って過ごしているが、すぐに右肩が下がり上半身は右へ傾いた姿勢になる。ある日、Ｂ介護福祉職がＡさんに姿勢の傾きを直す方法を伝えようとすると、Ａさんは大声でどなり、物を投げた。Ｂ介護福祉職は、以前からＡさんとのコミュニケーションに悩んでいたため、Ｃ介護主任に相談することにした。Ｃ介護主任の問いかけに答えるなかで、Ｂ介護福祉職は自分自身の言動を振り返ることができ、Ａさんに伝わらない焦りと、子どもに言い聞かせるような口調が、Ａさんの感情を害していたことに気づいた。その後、コミュニケーション方法を工夫し、Ａさんに姿勢の傾きを直す方法を説明し、同意を得ることができた。
毎週、Ａさんは妻との面会を楽しみにしている。しかし、妻はＡさんの将来に不安を感じて、Ｂ介護福祉職に、「夫の障害について、情報交換や勉強がしたい。そのようなところがあれば紹介してほしい」と相談した。
次のうち、Ｃ介護主任がＢ介護福祉職への対応に用いた手法として、最も適切なものを1つ選びなさい。",コンサルテーション（consultation）,コーチング（coaching）,フォロワーシップ（followership）,ティーチング（teaching）,メンバーシップ（membership）,2,正解は選択肢2「コーチング（coaching）」である。この選択肢は、事例に示された症状、本人の希望、生活環境を同時に満たす。単独の情報ではなく、事例中の根拠を複数結び付けて判断する。疾患・障害の特徴、本人の希望、家族状況、利用できる社会資源を関連付けて判断する。,公益財団法人 社会福祉振興・試験センター 第38回（令和7年度）介護福祉士国家試験; 問題: https://www.sssc.or.jp/kaigo/past_exam/pdf/no38/listen_k_pm_38.html; 正答: https://www.sssc.or.jp/kaigo/past_exam/pdf/no38/k_kijun_seitou.pdf,,true
2026-38-124,2026,38,124,総合問題,"次の事例を読んで、問題123から問題125までについて答えなさい。
〔事  例〕
Ａさん（50歳、男性、障害支援区分4）は、1年前の交通事故の後遺症で、右片麻痺｛みぎかたまひ｝、高次脳機能障害（higher brain dysfunction）、失語症（aphasia）となった。現在は障害者支援施設で生活している。日中は、車いすに座って過ごしているが、すぐに右肩が下がり上半身は右へ傾いた姿勢になる。ある日、Ｂ介護福祉職がＡさんに姿勢の傾きを直す方法を伝えようとすると、Ａさんは大声でどなり、物を投げた。Ｂ介護福祉職は、以前からＡさんとのコミュニケーションに悩んでいたため、Ｃ介護主任に相談することにした。Ｃ介護主任の問いかけに答えるなかで、Ｂ介護福祉職は自分自身の言動を振り返ることができ、Ａさんに伝わらない焦りと、子どもに言い聞かせるような口調が、Ａさんの感情を害していたことに気づいた。その後、コミュニケーション方法を工夫し、Ａさんに姿勢の傾きを直す方法を説明し、同意を得ることができた。
毎週、Ａさんは妻との面会を楽しみにしている。しかし、妻はＡさんの将来に不安を感じて、Ｂ介護福祉職に、「夫の障害について、情報交換や勉強がしたい。そのようなところがあれば紹介してほしい」と相談した。
Ｂ介護福祉職は、Ａさんが車いすで良肢位を保つことができるように、クッションを使用することにした。まず、Ｂ介護福祉職はＡさんの上半身を起こし深く座り直してもらった。
次のうち、Ｂ介護福祉職がクッションを挿入する位置として、最も適切なものを1つ選びなさい。",背中とバックサポートの間,左大腿部｛ひだりだいたいぶ｝と座面の間,両下腿｛りょうかたい｝とレッグサポートの間,右大腿部｛みぎだいたいぶ｝と左大腿部｛ひだりだいたいぶ｝の間,右上肢と右アームサポートの間,5,正解は選択肢5「右上肢と右アームサポートの間」である。この選択肢は、事例に示された症状、本人の希望、生活環境を同時に満たす。単独の情報ではなく、事例中の根拠を複数結び付けて判断する。疾患・障害の特徴、本人の希望、家族状況、利用できる社会資源を関連付けて判断する。,公益財団法人 社会福祉振興・試験センター 第38回（令和7年度）介護福祉士国家試験; 問題: https://www.sssc.or.jp/kaigo/past_exam/pdf/no38/listen_k_pm_38.html; 正答: https://www.sssc.or.jp/kaigo/past_exam/pdf/no38/k_kijun_seitou.pdf,,true
2026-38-125,2026,38,125,総合問題,"次の事例を読んで、問題123から問題125までについて答えなさい。
〔事  例〕
Ａさん（50歳、男性、障害支援区分4）は、1年前の交通事故の後遺症で、右片麻痺｛みぎかたまひ｝、高次脳機能障害（higher brain dysfunction）、失語症（aphasia）となった。現在は障害者支援施設で生活している。日中は、車いすに座って過ごしているが、すぐに右肩が下がり上半身は右へ傾いた姿勢になる。ある日、Ｂ介護福祉職がＡさんに姿勢の傾きを直す方法を伝えようとすると、Ａさんは大声でどなり、物を投げた。Ｂ介護福祉職は、以前からＡさんとのコミュニケーションに悩んでいたため、Ｃ介護主任に相談することにした。Ｃ介護主任の問いかけに答えるなかで、Ｂ介護福祉職は自分自身の言動を振り返ることができ、Ａさんに伝わらない焦りと、子どもに言い聞かせるような口調が、Ａさんの感情を害していたことに気づいた。その後、コミュニケーション方法を工夫し、Ａさんに姿勢の傾きを直す方法を説明し、同意を得ることができた。
毎週、Ａさんは妻との面会を楽しみにしている。しかし、妻はＡさんの将来に不安を感じて、Ｂ介護福祉職に、「夫の障害について、情報交換や勉強がしたい。そのようなところがあれば紹介してほしい」と相談した。
妻の相談を受けたＢ介護福祉職がサービス管理責任者に報告をしたところ、ある社会資源を紹介することになった。
次のうち、Ｂ介護福祉職が妻に紹介した社会資源として、最も適切なものを1つ選びなさい。",福祉事務所,公共職業安定所（ハローワーク）,家族会,地域包括支援センター,地域障害者職業センター,3,正解は選択肢3「家族会」である。家族会では、同じ立場の家族が体験や情報を共有し、相互支援や学習につなげられる。疾患・障害の特徴、本人の希望、家族状況、利用できる社会資源を関連付けて判断する。,公益財団法人 社会福祉振興・試験センター 第38回（令和7年度）介護福祉士国家試験; 問題: https://www.sssc.or.jp/kaigo/past_exam/pdf/no38/listen_k_pm_38.html; 正答: https://www.sssc.or.jp/kaigo/past_exam/pdf/no38/k_kijun_seitou.pdf,,true
2023-35-001,2023,35,1,人間の尊厳と自立,利用者の生活の質（ＱＯＬ）を高めるための介護実践に関する次の記述のうち，最も適切なものを1つ選びなさい。,日常生活動作の向上を必須とする。,利用者の主観的評価では，介護福祉職の意向を重視する。,介護実践は，家族のニーズに応じて行う。,福祉用具の活用は，利用者と相談しながら進める。,価値の基準は，全ての利用者に同じものを用いる。,4,正解は選択肢4「福祉用具の活用は，利用者と相談しながら進める。」である。この対応は、介護者側の都合や一律の基準ではなく、本人の思いと選択を中心に支援を組み立てる考えに合う。本人の価値観と意思決定を起点に、残存能力を生かす支援を考える。,公益財団法人 社会福祉振興・試験センター 第35回（令和4年度）介護福祉士国家試験; 問題: https://drive.google.com/file/d/1UPmhp_s2TKj8kZAWzg-ULmjrK0EhJhPL/view; 正答: https://crie-hukushi.com/info/11780/,,true
2023-35-002,2023,35,2,人間の尊厳と自立,"Ａさん（25歳，男性，障害支援区分3）は，網膜色素変性症（retinitis pigmentosa）で，移動と外出先での排泄時に介助が必要である。同行援護を利用しながら，自宅で母親と暮らしている。音楽が好きなＡさんは合唱サークルに入会していて，月1回の練習に参加している。合唱コンクールが遠方で行われることになった。同行援護を担当する介護福祉職は，Ａさんから，「コンクールに出演したいが，初めての場所に行くことが心配である」と相談を受けた。
介護福祉職のＡさんへの対応として，最も適切なものを1つ選びなさい。",合唱コンクールへの参加を諦めるように話す。,合唱サークルの仲間に移動の支援を依頼するように伝える。,一緒に交通経路や会場内の状況を確認する。,合唱コンクールに参加するかどうかは，母親に判断してもらうように促す。,日常生活自立支援事業の利用を勧める。,3,正解は選択肢3「一緒に交通経路や会場内の状況を確認する。」である。実施前に本人の状態や環境を確認し、得られた情報に基づいて次の対応を選ぶ。本人の価値観と意思決定を起点に、残存能力を生かす支援を考える。,公益財団法人 社会福祉振興・試験センター 第35回（令和4年度）介護福祉士国家試験; 問題: https://drive.google.com/file/d/1UPmhp_s2TKj8kZAWzg-ULmjrK0EhJhPL/view; 正答: https://crie-hukushi.com/info/11780/,,true
2023-35-003,2023,35,3,人間関係とコミュニケーション,ストレス対処行動の一つである問題焦点型コーピングに当てはまる行動として，適切なものを1つ選びなさい。,趣味の活動をして気分転換する。,トラブルの原因に働きかけて解決しようとする。,運動して身体を動かしストレスを発散する。,好きな音楽を聴いてリラックスする。,「トラブルも良い経験だ」と自己の意味づけを変える。,2,正解は選択肢2「トラブルの原因に働きかけて解決しようとする。」である。この選択肢は、相手との相互理解やチーム内の情報共有という目的に合う。権威や多数派への同調だけでは個別の目標を共有できない。相手の理解力や感情に合わせ、言語・準言語・非言語の手段を使い分けることが基本である。,公益財団法人 社会福祉振興・試験センター 第35回（令和4年度）介護福祉士国家試験; 問題: https://drive.google.com/file/d/1UPmhp_s2TKj8kZAWzg-ULmjrK0EhJhPL/view; 正答: https://crie-hukushi.com/info/11780/,,true
2023-35-004,2023,35,4,人間関係とコミュニケーション,"Ｂさん（80歳，女性）は，介護老人保健施設に入所が決まった。今日はＢさんが施設に入所する日であり，Ｃ介護福祉職が担当者になった。Ｃ介護福祉職は，初対面のＢさんとの信頼関係の形成に向けて取り組んだ。
Ｃ介護福祉職のＢさんへの対応として，最も適切なものを1つ選びなさい。",自発的な関わりをもつことを控えた。,真正面に座って面談をした。,自分から進んで自己紹介をした。,終始，手を握りながら話をした。,孫のような口調で語りかけた。,3,正解は選択肢3「自分から進んで自己紹介をした。」である。介護老人保健施設は、在宅復帰を目指して医学的管理の下でリハビリテーションや介護を提供する。相手の理解力や感情に合わせ、言語・準言語・非言語の手段を使い分けることが基本である。,公益財団法人 社会福祉振興・試験センター 第35回（令和4年度）介護福祉士国家試験; 問題: https://drive.google.com/file/d/1UPmhp_s2TKj8kZAWzg-ULmjrK0EhJhPL/view; 正答: https://crie-hukushi.com/info/11780/,,true
2023-35-005,2023,35,5,人間関係とコミュニケーション,"介護老人福祉施設は，利用者とその家族，地域住民等との交流を目的とした夏祭りを開催した。夏祭りには，予想を超えた来客があり，「違法駐車が邪魔で困る」という苦情が近隣の住民から寄せられた。そこで，次の夏祭りの運営上の改善に向けて職員間で話し合い，対応案を作成した。
次の対応案のうち，ＰＤＣＡサイクルのアクション（Action）に当たるものとして，最も適切なものを1つ選びなさい。",近隣への騒音の影響について調べる。,苦情を寄せた住民に話を聞きに行く。,夏祭りの感想を利用者から聞く。,来客者用の駐車スペースを確保する。,周辺の交通量を調べる。,4,正解は選択肢4「来客者用の駐車スペースを確保する。」である。この選択肢は、相手との相互理解やチーム内の情報共有という目的に合う。権威や多数派への同調だけでは個別の目標を共有できない。相手の理解力や感情に合わせ、言語・準言語・非言語の手段を使い分けることが基本である。,公益財団法人 社会福祉振興・試験センター 第35回（令和4年度）介護福祉士国家試験; 問題: https://drive.google.com/file/d/1UPmhp_s2TKj8kZAWzg-ULmjrK0EhJhPL/view; 正答: https://crie-hukushi.com/info/11780/,,true
2023-35-006,2023,35,6,人間関係とコミュニケーション,"Ｄ介護福祉職は，利用者に対して行っている移乗の介護がうまくできず，技術向上を目的としたＯＪＴを希望している。
次のうち，Ｄ介護福祉職に対して行うＯＪＴとして，最も適切なものを1つ選びなさい。",専門書の購入を勧める。,外部研修の受講を提案する。,先輩職員が移乗の介護に同行して指導する。,職場外の専門家に相談するように助言する。,苦手な移乗の介護は控えるように指示する。,3,正解は選択肢3「先輩職員が移乗の介護に同行して指導する。」である。この選択肢は、相手との相互理解やチーム内の情報共有という目的に合う。権威や多数派への同調だけでは個別の目標を共有できない。相手の理解力や感情に合わせ、言語・準言語・非言語の手段を使い分けることが基本である。,公益財団法人 社会福祉振興・試験センター 第35回（令和4年度）介護福祉士国家試験; 問題: https://drive.google.com/file/d/1UPmhp_s2TKj8kZAWzg-ULmjrK0EhJhPL/view; 正答: https://crie-hukushi.com/info/11780/,,true
2023-35-007,2023,35,7,社会の理解,社会福祉法に基づく，都道府県や市町村において地域福祉の推進を図ることを目的とする団体として，正しいものを1つ選びなさい。,特定非営利活動法人（ＮＰＯ法人）,隣保館,地域包括支援センター,基幹相談支援センター,社会福祉協議会,5,正解は選択肢5「社会福祉協議会」である。この選択肢は、制度・機関の対象者と役割の組合せが正しい。類似する制度は、実施主体、対象、給付内容、相談窓口で区別する。制度問題は、対象者、実施主体、給付・サービスの内容、相談窓口を組み合わせて整理する。法令・制度・金額・対象要件は改正されることがあるため、受験時点の最新情報も確認する。,公益財団法人 社会福祉振興・試験センター 第35回（令和4年度）介護福祉士国家試験; 問題: https://drive.google.com/file/d/1UPmhp_s2TKj8kZAWzg-ULmjrK0EhJhPL/view; 正答: https://crie-hukushi.com/info/11780/,,true
2023-35-008,2023,35,8,社会の理解,"近年，人と人，人と社会とがつながり，一人ひとりが生きがいや役割をもち，助け合いながら暮らしていくことのできる，包摂的なコミュニティ，地域や社会を創るという考え方が示されている。
この考え方を表すものとして，最も適切なものを1つ選びなさい。",ナショナルミニマム（national minimum）,バリアフリー社会,介護の社会化,生涯現役社会,地域共生社会,5,正解は選択肢5「地域共生社会」である。この選択肢は、制度・機関の対象者と役割の組合せが正しい。類似する制度は、実施主体、対象、給付内容、相談窓口で区別する。制度問題は、対象者、実施主体、給付・サービスの内容、相談窓口を組み合わせて整理する。,公益財団法人 社会福祉振興・試験センター 第35回（令和4年度）介護福祉士国家試験; 問題: https://drive.google.com/file/d/1UPmhp_s2TKj8kZAWzg-ULmjrK0EhJhPL/view; 正答: https://crie-hukushi.com/info/11780/,,true
2023-35-009,2023,35,9,社会の理解,我が国の社会保障制度の基本となる，1950年（昭和25年）の社会保障制度審議会による「社会保障制度に関する勧告」の内容として，最も適切なものを1つ選びなさい。,生活困窮者自立支援法の制定の提言,社会保障制度を，社会保険，国家扶助，公衆衛生及び医療，社会福祉で構成,介護保険制度の創設の提言,保育所の待機児童ゼロ作戦の提言,介護分野におけるＩＣＴ等の活用とビッグデータの整備,2,正解は選択肢2「社会保障制度を，社会保険，国家扶助，公衆衛生及び医療，社会福祉で構成」である。この選択肢は、制度・機関の対象者と役割の組合せが正しい。類似する制度は、実施主体、対象、給付内容、相談窓口で区別する。制度問題は、対象者、実施主体、給付・サービスの内容、相談窓口を組み合わせて整理する。法令・制度・金額・対象要件は改正されることがあるため、受験時点の最新情報も確認する。,公益財団法人 社会福祉振興・試験センター 第35回（令和4年度）介護福祉士国家試験; 問題: https://drive.google.com/file/d/1UPmhp_s2TKj8kZAWzg-ULmjrK0EhJhPL/view; 正答: https://crie-hukushi.com/info/11780/,,true
2023-35-010,2023,35,10,社会の理解,"Ｅさん（75歳，女性，要介護2）は，訪問介護（ホームヘルプサービス）を利用している。最近，Ｅさんの認知症（dementia）が進行して，家での介護が困難になり，介護老人福祉施設の申込みをすることにした。家族が訪問介護員（ホームヘルパー）に相談したところ，まだ要介護認定の有効期間が残っていたが，要介護状態区分の変更の申請ができることがわかった。
家族が区分変更するときの申請先として，正しいものを1つ選びなさい。",介護保険の保険者,後期高齢者医療広域連合,介護保険審査会,国民健康保険団体連合会,運営適正化委員会,1,正解は選択肢1「介護保険の保険者」である。この選択肢は、制度・機関の対象者と役割の組合せが正しい。類似する制度は、実施主体、対象、給付内容、相談窓口で区別する。制度問題は、対象者、実施主体、給付・サービスの内容、相談窓口を組み合わせて整理する。法令・制度・金額・対象要件は改正されることがあるため、受験時点の最新情報も確認する。,公益財団法人 社会福祉振興・試験センター 第35回（令和4年度）介護福祉士国家試験; 問題: https://drive.google.com/file/d/1UPmhp_s2TKj8kZAWzg-ULmjrK0EhJhPL/view; 正答: https://crie-hukushi.com/info/11780/,,true
2023-35-011,2023,35,11,社会の理解,"Ｆさん（19歳，女性，身体障害者手帳2級）は，先天性の聴覚障害がある。Ｆさんは大学生で，授業のときは手話通訳者が配置されている。Ｆさんは筆記による定期試験を受けることになり，試験実施に関する配慮を大学に申し出た。
次の記述のうち，Ｆさんの申し出を踏まえた合理的配慮として，最も適切なものを1つ選びなさい。",受験時間を延長する。,試験問題の文字を拡大する。,テキストの持ち込みを許可する。,試験監督者が口頭で説明する内容を書面で渡す。,問題を読み上げる。,4,正解は選択肢4「試験監督者が口頭で説明する内容を書面で渡す。」である。短く具体的に説明し、理解できたかを本人の反応から確かめる。制度問題は、対象者、実施主体、給付・サービスの内容、相談窓口を組み合わせて整理する。法令・制度・金額・対象要件は改正されることがあるため、受験時点の最新情報も確認する。,公益財団法人 社会福祉振興・試験センター 第35回（令和4年度）介護福祉士国家試験; 問題: https://drive.google.com/file/d/1UPmhp_s2TKj8kZAWzg-ULmjrK0EhJhPL/view; 正答: https://crie-hukushi.com/info/11780/,,true
2023-35-012,2023,35,12,社会の理解,"我が国の「障害者権利条約」の批准（2014年（平成26年））に向けて行われた，障害者基本法の改正（2011年（平成23年））で新たに法律上に規定されたものとして，適切なものを1つ選びなさい。
（注）「障害者権利条約」とは，国際連合の「障害者の権利に関する条約」のことである。",自立支援医療（精神通院医療）の開始,共同生活援助（グループホーム）の制度化,成年後見制度の創設,社会的障壁の除去,東京2020パラリンピック競技大会の開催,4,正解は選択肢4「社会的障壁の除去」である。この選択肢は、制度・機関の対象者と役割の組合せが正しい。類似する制度は、実施主体、対象、給付内容、相談窓口で区別する。制度問題は、対象者、実施主体、給付・サービスの内容、相談窓口を組み合わせて整理する。法令・制度・金額・対象要件は改正されることがあるため、受験時点の最新情報も確認する。,公益財団法人 社会福祉振興・試験センター 第35回（令和4年度）介護福祉士国家試験; 問題: https://drive.google.com/file/d/1UPmhp_s2TKj8kZAWzg-ULmjrK0EhJhPL/view; 正答: https://crie-hukushi.com/info/11780/,,true
2023-35-013,2023,35,13,社会の理解,"次のうち，「障害者総合支援法」の介護給付を利用するときに，利用者が最初に市町村に行う手続きとして，適切なものを1つ選びなさい。
（注）「障害者総合支援法」とは，「障害者の日常生活及び社会生活を総合的に支援するための法律」のことである。",支給申請,認定調査,審査会の開催,障害支援区分の認定,サービス等利用計画の作成,1,正解は選択肢1「支給申請」である。この選択肢は、制度・機関の対象者と役割の組合せが正しい。類似する制度は、実施主体、対象、給付内容、相談窓口で区別する。制度問題は、対象者、実施主体、給付・サービスの内容、相談窓口を組み合わせて整理する。法令・制度・金額・対象要件は改正されることがあるため、受験時点の最新情報も確認する。,公益財団法人 社会福祉振興・試験センター 第35回（令和4年度）介護福祉士国家試験; 問題: https://drive.google.com/file/d/1UPmhp_s2TKj8kZAWzg-ULmjrK0EhJhPL/view; 正答: https://crie-hukushi.com/info/11780/,,true
2023-35-014,2023,35,14,社会の理解,"「障害者総合支援法」の居宅介護を利用したときの利用者負担の考え方として，最も適切なものを1つ選びなさい。
（注）「障害者総合支援法」とは，「障害者の日常生活及び社会生活を総合的に支援するための法律」のことである。",利用したサービスの種類や量に応じて負担する。,利用者の負担能力に応じて負担する。,利用したサービス費用の一定の割合を負担する。,利用したサービス費用の全額を負担する。,利用者は負担しない。,2,正解は選択肢2「利用者の負担能力に応じて負担する。」である。この選択肢は、制度・機関の対象者と役割の組合せが正しい。類似する制度は、実施主体、対象、給付内容、相談窓口で区別する。制度問題は、対象者、実施主体、給付・サービスの内容、相談窓口を組み合わせて整理する。法令・制度・金額・対象要件は改正されることがあるため、受験時点の最新情報も確認する。,公益財団法人 社会福祉振興・試験センター 第35回（令和4年度）介護福祉士国家試験; 問題: https://drive.google.com/file/d/1UPmhp_s2TKj8kZAWzg-ULmjrK0EhJhPL/view; 正答: https://crie-hukushi.com/info/11780/,,true
2023-35-015,2023,35,15,社会の理解,"「個人情報保護法」に基づくプライバシー保護に関する次の記述のうち，最も適切なものを1つ選びなさい。
（注）「個人情報保護法」とは，「個人情報の保護に関する法律」のことである。",電磁的記録は，個人情報には含まれない。,マイナンバーなどの個人識別符号は，個人情報ではない。,施設職員は，実習生に利用者の生活歴などを教えることは一切できない。,個人情報を第三者に提供するときは，原則として本人の同意が必要である。,自治会長は，本人の同意がなくても個人情報を入手できる。,4,正解は選択肢4「個人情報を第三者に提供するときは，原則として本人の同意が必要である。」である。この選択肢は、制度・機関の対象者と役割の組合せが正しい。類似する制度は、実施主体、対象、給付内容、相談窓口で区別する。制度問題は、対象者、実施主体、給付・サービスの内容、相談窓口を組み合わせて整理する。法令・制度・金額・対象要件は改正されることがあるため、受験時点の最新情報も確認する。,公益財団法人 社会福祉振興・試験センター 第35回（令和4年度）介護福祉士国家試験; 問題: https://drive.google.com/file/d/1UPmhp_s2TKj8kZAWzg-ULmjrK0EhJhPL/view; 正答: https://crie-hukushi.com/info/11780/,,true
2023-35-016,2023,35,16,社会の理解,"「高齢者虐待防止法」に関する次の記述のうち，最も適切なものを1つ選びなさい。
（注）「高齢者虐待防止法」とは，「高齢者虐待の防止，高齢者の養護者に対する支援等に関する法律」のことである。",虐待が起こる場として，家庭，施設，病院の3つが規定されている。,対象は，介護保険制度の施設サービス利用者とされている。,徘徊しないように車いすに固定することは，身体拘束には当たらない。,虐待を発見した養介護施設従事者には，通報する義務がある。,虐待の認定は，警察署長が行う。,4,正解は選択肢4「虐待を発見した養介護施設従事者には，通報する義務がある。」である。この選択肢は、制度・機関の対象者と役割の組合せが正しい。類似する制度は、実施主体、対象、給付内容、相談窓口で区別する。制度問題は、対象者、実施主体、給付・サービスの内容、相談窓口を組み合わせて整理する。法令・制度・金額・対象要件は改正されることがあるため、受験時点の最新情報も確認する。,公益財団法人 社会福祉振興・試験センター 第35回（令和4年度）介護福祉士国家試験; 問題: https://drive.google.com/file/d/1UPmhp_s2TKj8kZAWzg-ULmjrK0EhJhPL/view; 正答: https://crie-hukushi.com/info/11780/,,true
2023-35-017,2023,35,17,社会の理解,"発達障害のＧさん（38歳，男性）は，高校生の頃に不登校になり，ずっとアルバイトをしながら，統合失調症（schizophrenia）の母親（65歳，精神保健福祉手帳2級）を介護してきた。母親に認知症（dementia）が疑われるようになったが，これからも二人で暮らし続けたいと考えたＧさんは，相談支援事業所の介護福祉職に相談した。
Ｇさんに対する介護福祉職の助言として，最も適切なものを1つ選びなさい。",地域包括支援センターで，介護保険サービスの情報を得ることを勧める。,Ｇさんが正規に雇用されるように，ハローワークに相談に行くことを勧める。,Ｇさんの発達障害について，クリニックで適切な治療を受けることを勧める。,母親に，介護老人福祉施設を紹介する。,母親に，精神科病院への入院を勧める。,1,正解は選択肢1「地域包括支援センターで，介護保険サービスの情報を得ることを勧める。」である。地域包括支援センターは、高齢者の総合相談、権利擁護、介護予防支援、包括的・継続的ケアマネジメント支援を担う。一律に代行せず、本人が安全にできる方法を示して自己決定と残存能力を支える。制度問題は、対象者、実施主体、給付・サービスの内容、相談窓口を組み合わせて整理する。法令・制度・金額・対象要件は改正されることがあるため、受験時点の最新情報も確認する。,公益財団法人 社会福祉振興・試験センター 第35回（令和4年度）介護福祉士国家試験; 問題: https://drive.google.com/file/d/1UPmhp_s2TKj8kZAWzg-ULmjrK0EhJhPL/view; 正答: https://crie-hukushi.com/info/11780/,,true
2023-35-018,2023,35,18,社会の理解,生活困窮者自立支援法に関する次の記述のうち，適切なものを1つ選びなさい。,最低限度の生活が維持できなくなるおそれのある者が対象になる。,自立を図るために，就労自立給付金が支給される。,疾病がある者には，医療費が支給される。,子どもへの学習支援は，必須事業とされている。,最終的な，「第3のセーフティーネット」と位置づけられている。,1,正解は選択肢1「最低限度の生活が維持できなくなるおそれのある者が対象になる。」である。この選択肢は、制度・機関の対象者と役割の組合せが正しい。類似する制度は、実施主体、対象、給付内容、相談窓口で区別する。制度問題は、対象者、実施主体、給付・サービスの内容、相談窓口を組み合わせて整理する。,公益財団法人 社会福祉振興・試験センター 第35回（令和4年度）介護福祉士国家試験; 問題: https://drive.google.com/file/d/1UPmhp_s2TKj8kZAWzg-ULmjrK0EhJhPL/view; 正答: https://crie-hukushi.com/info/11780/,,true
2023-35-019,2023,35,19,こころとからだのしくみ,"Ｈさん（75歳，男性）は，一人暮らしであるが，隣人と共に社会活動にも積極的に参加し，ゲートボールや詩吟，芸術活動など多くの趣味をもっている。また，多くの友人から，「Ｈさんは，毎日を有意義に生活している」と評価されている。Ｈさん自身も友人関係に満足している。
ライチャード（Reichard, S.）による老齢期の性格類型のうち，Ｈさんに相当するものとして，適切なものを1つ選びなさい。",自責型,防衛型（装甲型）,憤慨型,円熟型,依存型（安楽いす型）,4,正解は選択肢4「円熟型」である。この選択肢は、設問の部位・生理作用・症状の対応を正しく示している。似た用語は、どの器官で何が起こるかを図にして整理するとよい。器官の働きと症状を結び付け、生命・安全に直結する変化から優先して観察する。法令・制度・金額・対象要件は改正されることがあるため、受験時点の最新情報も確認する。,公益財団法人 社会福祉振興・試験センター 第35回（令和4年度）介護福祉士国家試験; 問題: https://drive.google.com/file/d/1UPmhp_s2TKj8kZAWzg-ULmjrK0EhJhPL/view; 正答: https://crie-hukushi.com/info/11780/,,true
2023-35-020,2023,35,20,こころとからだのしくみ,大脳の後頭葉にある機能局在として，適切なものを1つ選びなさい。,視覚野,聴覚野,運動野,体性感覚野,感覚性言語野（ウェルニッケ野）,1,正解は選択肢1「視覚野」である。この選択肢は、設問の部位・生理作用・症状の対応を正しく示している。似た用語は、どの器官で何が起こるかを図にして整理するとよい。器官の働きと症状を結び付け、生命・安全に直結する変化から優先して観察する。,公益財団法人 社会福祉振興・試験センター 第35回（令和4年度）介護福祉士国家試験; 問題: https://drive.google.com/file/d/1UPmhp_s2TKj8kZAWzg-ULmjrK0EhJhPL/view; 正答: https://crie-hukushi.com/info/11780/,,true
2023-35-021,2023,35,21,こころとからだのしくみ,立位姿勢を維持するための筋肉（抗重力筋）として，最も適切なものを1つ選びなさい。,上腕二頭筋,大胸筋,大腿四頭筋,僧帽筋,三角筋,3,正解は選択肢3「大腿四頭筋」である。この選択肢は、設問の部位・生理作用・症状の対応を正しく示している。似た用語は、どの器官で何が起こるかを図にして整理するとよい。器官の働きと症状を結び付け、生命・安全に直結する変化から優先して観察する。,公益財団法人 社会福祉振興・試験センター 第35回（令和4年度）介護福祉士国家試験; 問題: https://drive.google.com/file/d/1UPmhp_s2TKj8kZAWzg-ULmjrK0EhJhPL/view; 正答: https://crie-hukushi.com/info/11780/,,true
2023-35-022,2023,35,22,こころとからだのしくみ,廃用症候群（disuse syndrome）で起こる可能性があるものとして，最も適切なものを1つ選びなさい。,うつ状態,高血圧,関節炎,徘徊,下痢,1,正解は選択肢1「うつ状態」である。この選択肢は、設問の部位・生理作用・症状の対応を正しく示している。似た用語は、どの器官で何が起こるかを図にして整理するとよい。器官の働きと症状を結び付け、生命・安全に直結する変化から優先して観察する。,公益財団法人 社会福祉振興・試験センター 第35回（令和4年度）介護福祉士国家試験; 問題: https://drive.google.com/file/d/1UPmhp_s2TKj8kZAWzg-ULmjrK0EhJhPL/view; 正答: https://crie-hukushi.com/info/11780/,,true
2023-35-023,2023,35,23,こころとからだのしくみ,褥瘡の好発部位として，最も適切なものを1つ選びなさい。,側頭部,頸部,腹部,仙骨部,足趾部,4,正解は選択肢4「仙骨部」である。この選択肢は、設問の部位・生理作用・症状の対応を正しく示している。似た用語は、どの器官で何が起こるかを図にして整理するとよい。器官の働きと症状を結び付け、生命・安全に直結する変化から優先して観察する。,公益財団法人 社会福祉振興・試験センター 第35回（令和4年度）介護福祉士国家試験; 問題: https://drive.google.com/file/d/1UPmhp_s2TKj8kZAWzg-ULmjrK0EhJhPL/view; 正答: https://crie-hukushi.com/info/11780/,,true
2023-35-024,2023,35,24,こころとからだのしくみ,次のうち，口臭の原因になりやすい状態として，最も適切なものを1つ選びなさい。,唾液の増加,義歯の装着,歯周病（periodontal disease）,顎関節症（temporomandibular joint disorder）,低栄養状態,3,正解は選択肢3「歯周病（periodontal disease）」である。この選択肢は、設問の部位・生理作用・症状の対応を正しく示している。似た用語は、どの器官で何が起こるかを図にして整理するとよい。器官の働きと症状を結び付け、生命・安全に直結する変化から優先して観察する。,公益財団法人 社会福祉振興・試験センター 第35回（令和4年度）介護福祉士国家試験; 問題: https://drive.google.com/file/d/1UPmhp_s2TKj8kZAWzg-ULmjrK0EhJhPL/view; 正答: https://crie-hukushi.com/info/11780/,,true
2023-35-025,2023,35,25,こころとからだのしくみ,"Ｊさん（82歳，女性）は，施設に入所している。Ｊさんは車いすで食堂に来て，箸やスプーンを使って，自分で食事をしている。主食は普通食，おかずは刻み食で全量摂取している。最近，車いすからずり落ちる傾向があり，首が後屈した姿勢で食事をし，むせることが多くなった。
Ｊさんが誤嚥をしないようにするための最初の対応として，最も適切なものを1つ選びなさい。",食事回数の調整,座位姿勢の調整,使用食器の変更,食事の量の調整,食事場所の変更,2,正解は選択肢2「座位姿勢の調整」である。この選択肢は、設問の部位・生理作用・症状の対応を正しく示している。似た用語は、どの器官で何が起こるかを図にして整理するとよい。器官の働きと症状を結び付け、生命・安全に直結する変化から優先して観察する。,公益財団法人 社会福祉振興・試験センター 第35回（令和4年度）介護福祉士国家試験; 問題: https://drive.google.com/file/d/1UPmhp_s2TKj8kZAWzg-ULmjrK0EhJhPL/view; 正答: https://crie-hukushi.com/info/11780/,,true
2023-35-026,2023,35,26,こころとからだのしくみ,次のうち，誤嚥しやすい高齢者の脱水予防のために確認することとして，最も優先すべきものを1つ選びなさい。,義歯の装着状態,上肢の関節可動域,睡眠時間,夜間の咳込みの有無,摂取している水分の形状,5,正解は選択肢5「摂取している水分の形状」である。この選択肢は、設問の部位・生理作用・症状の対応を正しく示している。似た用語は、どの器官で何が起こるかを図にして整理するとよい。器官の働きと症状を結び付け、生命・安全に直結する変化から優先して観察する。,公益財団法人 社会福祉振興・試験センター 第35回（令和4年度）介護福祉士国家試験; 問題: https://drive.google.com/file/d/1UPmhp_s2TKj8kZAWzg-ULmjrK0EhJhPL/view; 正答: https://crie-hukushi.com/info/11780/,,true
2023-35-027,2023,35,27,こころとからだのしくみ,健康な成人の便の生成で，上行結腸の次に内容物が通過する部位として，正しいものを1つ選びなさい。,Ｓ状結腸,回腸,直腸,下行結腸,横行結腸,5,正解は選択肢5「横行結腸」である。この選択肢は、設問の部位・生理作用・症状の対応を正しく示している。似た用語は、どの器官で何が起こるかを図にして整理するとよい。器官の働きと症状を結び付け、生命・安全に直結する変化から優先して観察する。,公益財団法人 社会福祉振興・試験センター 第35回（令和4年度）介護福祉士国家試験; 問題: https://drive.google.com/file/d/1UPmhp_s2TKj8kZAWzg-ULmjrK0EhJhPL/view; 正答: https://crie-hukushi.com/info/11780/,,true
2023-35-028,2023,35,28,こころとからだのしくみ,高齢者の睡眠薬の使用に関する次の記述のうち，最も適切なものを1つ選びなさい。,依存性は生じにくい。,翌朝まで作用が残ることがある。,食事後すぐの服用が望ましい。,アルコールと一緒に飲んでも効果は変わらない。,転倒の原因にはならない。,2,正解は選択肢2「翌朝まで作用が残ることがある。」である。この選択肢は、設問の部位・生理作用・症状の対応を正しく示している。似た用語は、どの器官で何が起こるかを図にして整理するとよい。器官の働きと症状を結び付け、生命・安全に直結する変化から優先して観察する。,公益財団法人 社会福祉振興・試験センター 第35回（令和4年度）介護福祉士国家試験; 問題: https://drive.google.com/file/d/1UPmhp_s2TKj8kZAWzg-ULmjrK0EhJhPL/view; 正答: https://crie-hukushi.com/info/11780/,,true
2023-35-029,2023,35,29,こころとからだのしくみ,大切な人を亡くした後にみられる，寂しさやむなしさ，無力感などの精神的反応や，睡眠障害，食欲不振，疲労感などの身体的反応を表すものとして，最も適切なものを1つ選びなさい。,認知症（dementia）,グリーフ（grief）,リビングウィル（living will）,スピリチュアル（spiritual）,パニック障害（panic disorder）,2,正解は選択肢2「グリーフ（grief）」である。この選択肢は、設問の部位・生理作用・症状の対応を正しく示している。似た用語は、どの器官で何が起こるかを図にして整理するとよい。器官の働きと症状を結び付け、生命・安全に直結する変化から優先して観察する。,公益財団法人 社会福祉振興・試験センター 第35回（令和4年度）介護福祉士国家試験; 問題: https://drive.google.com/file/d/1UPmhp_s2TKj8kZAWzg-ULmjrK0EhJhPL/view; 正答: https://crie-hukushi.com/info/11780/,,true
2023-35-030,2023,35,30,こころとからだのしくみ,死が近づいているときの身体の変化として，最も適切なものを1つ選びなさい。,瞳孔の縮小,筋肉の硬直,発汗,結膜の充血,喘鳴,5,正解は選択肢5「喘鳴」である。この選択肢は、設問の部位・生理作用・症状の対応を正しく示している。似た用語は、どの器官で何が起こるかを図にして整理するとよい。器官の働きと症状を結び付け、生命・安全に直結する変化から優先して観察する。,公益財団法人 社会福祉振興・試験センター 第35回（令和4年度）介護福祉士国家試験; 問題: https://drive.google.com/file/d/1UPmhp_s2TKj8kZAWzg-ULmjrK0EhJhPL/view; 正答: https://crie-hukushi.com/info/11780/,,true
2023-35-031,2023,35,31,発達と老化の理解,"今，発達の実験のために，図のようなテーブル（テーブル表面の左半分が格子柄，右半分が透明な板で床の格子柄が透けて見える）の左端に，Ｋさん（1歳1か月）を座らせた。テーブルの反対側には母親が立っている。Ｋさんは，格子柄と透明な板との境目でいったん動くのをやめて，怖がった表情で母親の顔を見た。母親が穏やかにほほ笑むと，Ｋさんは母親の方に近づいていった。
Ｋさんの行動を説明する用語として，最も適切なものを1つ選びなさい。",自己中心性,愛着理論,向社会的行動,社会的参照,原始反射,4,正解は選択肢4「社会的参照」である。この記述は、発達段階または加齢・疾病の特徴と生活上の現れを正しく結び付けている。正常な加齢変化と病的変化を混同しないことが要点である。加齢による一般的な変化と疾病による変化を区別し、生活への影響まで捉える。,公益財団法人 社会福祉振興・試験センター 第35回（令和4年度）介護福祉士国家試験; 問題: https://drive.google.com/file/d/1UPmhp_s2TKj8kZAWzg-ULmjrK0EhJhPL/view; 正答: https://crie-hukushi.com/info/11780/,,true
2023-35-032,2023,35,32,発達と老化の理解,"コールバーグ（Kohlberg, L.）による道徳性判断に関する次の記述のうち，最も高い発達の段階を示すものとして，適切なものを1つ選びなさい。",権威に服従する。,罰を回避する。,多数意見を重視して判断する。,損得で判断する。,人間の権利や平等性などの倫理に従って判断する。,5,正解は選択肢5「人間の権利や平等性などの倫理に従って判断する。」である。この記述は、発達段階または加齢・疾病の特徴と生活上の現れを正しく結び付けている。正常な加齢変化と病的変化を混同しないことが要点である。加齢による一般的な変化と疾病による変化を区別し、生活への影響まで捉える。,公益財団法人 社会福祉振興・試験センター 第35回（令和4年度）介護福祉士国家試験; 問題: https://drive.google.com/file/d/1UPmhp_s2TKj8kZAWzg-ULmjrK0EhJhPL/view; 正答: https://crie-hukushi.com/info/11780/,,true
2023-35-033,2023,35,33,発達と老化の理解,標準的な発育をしている子どもの体重が，出生時の約2倍になる時期として，最も適切なものを1つ選びなさい。,生後3か月,生後6か月,生後9か月,1歳,2歳,1,正解は選択肢1「生後3か月」である。この記述は、発達段階または加齢・疾病の特徴と生活上の現れを正しく結び付けている。正常な加齢変化と病的変化を混同しないことが要点である。加齢による一般的な変化と疾病による変化を区別し、生活への影響まで捉える。,公益財団法人 社会福祉振興・試験センター 第35回（令和4年度）介護福祉士国家試験; 問題: https://drive.google.com/file/d/1UPmhp_s2TKj8kZAWzg-ULmjrK0EhJhPL/view; 正答: https://crie-hukushi.com/info/11780/,,true
2023-35-034,2023,35,34,発達と老化の理解,"ストローブ（Stroebe, M.S.）とシュト（Schut, H.）による悲嘆のモデルでは，死別へのコーピングには喪失志向と回復志向の2種類があるとされる。
喪失志向のコーピングとして，最も適切なものを1つ選びなさい。",しばらく連絡していなかった旧友との交流を深める。,悲しい気持ちを語る。,新たにサークル活動に参加を申し込む。,ボランティア活動に励む。,新しい生活に慣れようとする。,2,正解は選択肢2「悲しい気持ちを語る。」である。この記述は、発達段階または加齢・疾病の特徴と生活上の現れを正しく結び付けている。正常な加齢変化と病的変化を混同しないことが要点である。加齢による一般的な変化と疾病による変化を区別し、生活への影響まで捉える。,公益財団法人 社会福祉振興・試験センター 第35回（令和4年度）介護福祉士国家試験; 問題: https://drive.google.com/file/d/1UPmhp_s2TKj8kZAWzg-ULmjrK0EhJhPL/view; 正答: https://crie-hukushi.com/info/11780/,,true
2023-35-035,2023,35,35,発達と老化の理解,加齢の影響を受けにくい認知機能として，最も適切なものを1つ選びなさい。,エピソード記憶,作業記憶,選択的注意,流動性知能,意味記憶,5,正解は選択肢5「意味記憶」である。この記述は、発達段階または加齢・疾病の特徴と生活上の現れを正しく結び付けている。正常な加齢変化と病的変化を混同しないことが要点である。加齢による一般的な変化と疾病による変化を区別し、生活への影響まで捉える。,公益財団法人 社会福祉振興・試験センター 第35回（令和4年度）介護福祉士国家試験; 問題: https://drive.google.com/file/d/1UPmhp_s2TKj8kZAWzg-ULmjrK0EhJhPL/view; 正答: https://crie-hukushi.com/info/11780/,,true
2023-35-036,2023,35,36,発達と老化の理解,高齢期の腎・泌尿器系の状態や変化に関する次の記述のうち，最も適切なものを1つ選びなさい。,尿路感染症（urinary tract infections）を起こすことは非常に少ない。,腎盂腎炎（pyelonephritis）の主な症状は，頭痛である。,尿の濃縮力が低下する。,前立腺肥大症（prostatic hypertrophy）では，尿道の痛みがある。,薬物が排出される時間は，短くなる。,3,正解は選択肢3「尿の濃縮力が低下する。」である。この記述は、発達段階または加齢・疾病の特徴と生活上の現れを正しく結び付けている。正常な加齢変化と病的変化を混同しないことが要点である。加齢による一般的な変化と疾病による変化を区別し、生活への影響まで捉える。,公益財団法人 社会福祉振興・試験センター 第35回（令和4年度）介護福祉士国家試験; 問題: https://drive.google.com/file/d/1UPmhp_s2TKj8kZAWzg-ULmjrK0EhJhPL/view; 正答: https://crie-hukushi.com/info/11780/,,true
2023-35-037,2023,35,37,発達と老化の理解,老年期の変形性膝関節症（knee osteoarthritis）に関する次の記述のうち，最も適切なものを1つ選びなさい。,外反型の脚の変形を伴うことが多い。,女性のほうが男性より罹患率が高い。,積極的に患部を冷やすことを勧める。,正座の生活習慣を勧める。,肥満のある人には積極的に階段を利用するように勧める。,2,正解は選択肢2「女性のほうが男性より罹患率が高い。」である。この記述は、発達段階または加齢・疾病の特徴と生活上の現れを正しく結び付けている。正常な加齢変化と病的変化を混同しないことが要点である。加齢による一般的な変化と疾病による変化を区別し、生活への影響まで捉える。,公益財団法人 社会福祉振興・試験センター 第35回（令和4年度）介護福祉士国家試験; 問題: https://drive.google.com/file/d/1UPmhp_s2TKj8kZAWzg-ULmjrK0EhJhPL/view; 正答: https://crie-hukushi.com/info/11780/,,true
2023-35-038,2023,35,38,発達と老化の理解,高齢者の脱水に関する次の記述のうち，最も適切なものを1つ選びなさい。,若年者よりも口渇感を感じやすい。,体内水分量は若年者よりも多い。,起立時に血圧が上がりやすくなる。,下痢が原因となることはまれである。,体重が減ることがある。,5,正解は選択肢5「体重が減ることがある。」である。この記述は、発達段階または加齢・疾病の特徴と生活上の現れを正しく結び付けている。正常な加齢変化と病的変化を混同しないことが要点である。加齢による一般的な変化と疾病による変化を区別し、生活への影響まで捉える。,公益財団法人 社会福祉振興・試験センター 第35回（令和4年度）介護福祉士国家試験; 問題: https://drive.google.com/file/d/1UPmhp_s2TKj8kZAWzg-ULmjrK0EhJhPL/view; 正答: https://crie-hukushi.com/info/11780/,,true
2023-35-039,2023,35,39,認知症の理解,次のうち，2019年（令和元年）の認知症施策推進大綱の5つの柱に示されているものとして，適切なものを1つ選びなさい。,市民後見人の活動推進への体制整備,普及啓発・本人発信支援,若年性認知症支援ハンドブックの配布,認知症初期集中支援チームの設置,認知症カフェ等を全市町村に普及,2,正解は選択肢2「普及啓発・本人発信支援」である。この選択肢は、認知症の疾患特性・症状・支援方法の対応が適切である。行動だけを抑えるのではなく、原因や本人の体験を捉える。認知機能の障害だけでなく、体調、環境、生活歴、本人の思いを含めて行動の意味を考える。,公益財団法人 社会福祉振興・試験センター 第35回（令和4年度）介護福祉士国家試験; 問題: https://drive.google.com/file/d/1UPmhp_s2TKj8kZAWzg-ULmjrK0EhJhPL/view; 正答: https://crie-hukushi.com/info/11780/,,true
2023-35-040,2023,35,40,認知症の理解,次の記述のうち，見当識障害に関する質問として，最も適切なものを1つ選びなさい。,「私たちが今いるところはどこですか」,「100から7を順番に引いてください」,「先ほど覚えてもらった言葉をもう一度言ってみてください」,「次の図形を写してください」,「この紙を左手で取り，両手で半分に折って，私に返してください」,1,正解は選択肢1「「私たちが今いるところはどこですか」」である。この選択肢は、認知症の疾患特性・症状・支援方法の対応が適切である。行動だけを抑えるのではなく、原因や本人の体験を捉える。認知機能の障害だけでなく、体調、環境、生活歴、本人の思いを含めて行動の意味を考える。,公益財団法人 社会福祉振興・試験センター 第35回（令和4年度）介護福祉士国家試験; 問題: https://drive.google.com/file/d/1UPmhp_s2TKj8kZAWzg-ULmjrK0EhJhPL/view; 正答: https://crie-hukushi.com/info/11780/,,true
2023-35-041,2023,35,41,認知症の理解,アルツハイマー型認知症（dementia of the Alzheimerʼs type）の，もの盗られ妄想に関する次の記述のうち，最も適切なものを1つ選びなさい。,説明をすれば自身の考えの誤りに気づくことが多い。,本人の不安から生じることが多い。,現実に存在しない人が犯人とされる。,主に幻視が原因である。,症状の予防には抗精神病薬が有効である。,2,正解は選択肢2「本人の不安から生じることが多い。」である。この選択肢は、認知症の疾患特性・症状・支援方法の対応が適切である。行動だけを抑えるのではなく、原因や本人の体験を捉える。認知機能の障害だけでなく、体調、環境、生活歴、本人の思いを含めて行動の意味を考える。,公益財団法人 社会福祉振興・試験センター 第35回（令和4年度）介護福祉士国家試験; 問題: https://drive.google.com/file/d/1UPmhp_s2TKj8kZAWzg-ULmjrK0EhJhPL/view; 正答: https://crie-hukushi.com/info/11780/,,true
2023-35-042,2023,35,42,認知症の理解,慢性硬膜下血腫（chronic subdural hematoma）に関する次の記述のうち，最も適切なものを1つ選びなさい。,運動機能障害が起こることは非常に少ない。,頭蓋骨骨折を伴い発症する。,抗凝固薬の使用はリスクとなる。,転倒の後，2〜3日で発症することが多い。,保存的治療が第一選択である。,3,正解は選択肢3「抗凝固薬の使用はリスクとなる。」である。この選択肢は、認知症の疾患特性・症状・支援方法の対応が適切である。行動だけを抑えるのではなく、原因や本人の体験を捉える。認知機能の障害だけでなく、体調、環境、生活歴、本人の思いを含めて行動の意味を考える。,公益財団法人 社会福祉振興・試験センター 第35回（令和4年度）介護福祉士国家試験; 問題: https://drive.google.com/file/d/1UPmhp_s2TKj8kZAWzg-ULmjrK0EhJhPL/view; 正答: https://crie-hukushi.com/info/11780/,,true
2023-35-043,2023,35,43,認知症の理解,"Ｌさん（83歳，女性，要介護1）は，アルツハイマー型認知症（dementia of the Alzheimerʼs type）である。一人暮らしで，週2回，訪問介護（ホームヘルプサービス）を利用している。ある日，訪問介護員（ホームヘルパー）が訪問すると，息子が来ていて，「最近，母が年金の引き出しや，水道代の支払いを忘れるようだ。日常生活自立支援事業というものがあると聞いたことがあるが，どのような制度なのか」と質問があった。
訪問介護員（ホームヘルパー）の説明として，最も適切なものを1つ選びなさい。",「申込みをしたい場合は，家庭裁判所が受付窓口です」,「年金の振込口座を，息子さん名義の口座に変更することができます」,「Ｌさんが契約内容を理解できない場合は，息子さんが契約できます」,「生活支援員が，水道代の支払いをＬさんの代わりに行うことができます」,「利用後に苦情がある場合は，国民健康保険団体連合会が受付窓口です」,4,正解は選択肢4「「生活支援員が，水道代の支払いをＬさんの代わりに行うことができます」」である。この選択肢は、認知症の疾患特性・症状・支援方法の対応が適切である。行動だけを抑えるのではなく、原因や本人の体験を捉える。認知機能の障害だけでなく、体調、環境、生活歴、本人の思いを含めて行動の意味を考える。法令・制度・金額・対象要件は改正されることがあるため、受験時点の最新情報も確認する。,公益財団法人 社会福祉振興・試験センター 第35回（令和4年度）介護福祉士国家試験; 問題: https://drive.google.com/file/d/1UPmhp_s2TKj8kZAWzg-ULmjrK0EhJhPL/view; 正答: https://crie-hukushi.com/info/11780/,,true
2023-35-044,2023,35,44,認知症の理解,認知症ケアの技法であるユマニチュードに関する次の記述のうち，正しいものを1つ選びなさい。,「見る」とは，離れた位置からさりげなく見守ることである。,「話す」とは，意識的に高いトーンの大きな声で話しかけることである。,「触れる」とは，指先で軽く触れることである。,「立つ」とは，立位をとる機会を作ることである。,「オートフィードバック」とは，ケアを評価することである。,4,正解は選択肢4「「立つ」とは，立位をとる機会を作ることである。」である。この選択肢は、認知症の疾患特性・症状・支援方法の対応が適切である。行動だけを抑えるのではなく、原因や本人の体験を捉える。認知機能の障害だけでなく、体調、環境、生活歴、本人の思いを含めて行動の意味を考える。法令・制度・金額・対象要件は改正されることがあるため、受験時点の最新情報も確認する。,公益財団法人 社会福祉振興・試験センター 第35回（令和4年度）介護福祉士国家試験; 問題: https://drive.google.com/file/d/1UPmhp_s2TKj8kZAWzg-ULmjrK0EhJhPL/view; 正答: https://crie-hukushi.com/info/11780/,,true
2023-35-045,2023,35,45,認知症の理解,現行の認知症サポーターに関する次の記述のうち，最も適切なものを1つ選びなさい。,ステップアップ講座を受講した認知症サポーターには，チームオレンジへの参加,100万人を目標に養成されている。,認知症介護実践者等養成事業の一環である。,認知症ケア専門の介護福祉職である。,国が実施主体となって養成講座を行っている。,1,正解は選択肢1「ステップアップ講座を受講した認知症サポーターには，チームオレンジへの参加」である。この選択肢は、認知症の疾患特性・症状・支援方法の対応が適切である。行動だけを抑えるのではなく、原因や本人の体験を捉える。認知機能の障害だけでなく、体調、環境、生活歴、本人の思いを含めて行動の意味を考える。,公益財団法人 社会福祉振興・試験センター 第35回（令和4年度）介護福祉士国家試験; 問題: https://drive.google.com/file/d/1UPmhp_s2TKj8kZAWzg-ULmjrK0EhJhPL/view; 正答: https://crie-hukushi.com/info/11780/,,true
2023-35-046,2023,35,46,認知症の理解,認知症ケアパスに関する次の記述のうち，最も適切なものを1つ選びなさい。,都道府県ごとに作られるものである。,介護保険制度の地域密着型サービスの1つである。,認知症（dementia）の人の状態に応じた適切なサービス提供の流れをまとめた,レスパイトケアとも呼ばれるものである。,介護支援専門員（ケアマネジャー）が中心になって作成する。,3,正解は選択肢3「認知症（dementia）の人の状態に応じた適切なサービス提供の流れをまとめた」である。この選択肢は、認知症の疾患特性・症状・支援方法の対応が適切である。行動だけを抑えるのではなく、原因や本人の体験を捉える。認知機能の障害だけでなく、体調、環境、生活歴、本人の思いを含めて行動の意味を考える。,公益財団法人 社会福祉振興・試験センター 第35回（令和4年度）介護福祉士国家試験; 問題: https://drive.google.com/file/d/1UPmhp_s2TKj8kZAWzg-ULmjrK0EhJhPL/view; 正答: https://crie-hukushi.com/info/11780/,,true
2023-35-047,2023,35,47,認知症の理解,認知症ライフサポートモデルに関する次の記述のうち，最も適切なものを1つ選びなさい。,各職種がそれぞれで目標を設定する。,終末期に行う介入モデルである。,認知症（dementia）の人本人の自己決定を支える。,生活を介護サービスに任せるプランを策定する。,認知症（dementia）の人に施設入所を促す。,3,正解は選択肢3「認知症（dementia）の人本人の自己決定を支える。」である。この選択肢は、認知症の疾患特性・症状・支援方法の対応が適切である。行動だけを抑えるのではなく、原因や本人の体験を捉える。認知機能の障害だけでなく、体調、環境、生活歴、本人の思いを含めて行動の意味を考える。,公益財団法人 社会福祉振興・試験センター 第35回（令和4年度）介護福祉士国家試験; 問題: https://drive.google.com/file/d/1UPmhp_s2TKj8kZAWzg-ULmjrK0EhJhPL/view; 正答: https://crie-hukushi.com/info/11780/,,true
2023-35-048,2023,35,48,認知症の理解,"Ｍさん（88歳，女性）は，アルツハイマー型認知症（dementia of the Alzheimerʼs type）と診断された。夫と二人暮らしで，訪問介護（ホームヘルプサービス）を利用している。訪問介護員（ホームヘルパー）が訪問したときに夫から，「最近，日中することがなく寝てしまい，夜眠れていないようだ」と相談を受けた。訪問介護員（ホームヘルパー）は，Ｍさんが長年していた裁縫を日中にしてみることを勧めた。早速，裁縫をしてみるとＭさんは，短時間で雑巾を縫うことができた。
Ｍさんの裁縫についての記憶として，最も適切なものを1つ選びなさい。",作業記憶,展望的記憶,短期記憶,陳述記憶,手続き記憶,5,正解は選択肢5「手続き記憶」である。この選択肢は、認知症の疾患特性・症状・支援方法の対応が適切である。行動だけを抑えるのではなく、原因や本人の体験を捉える。認知機能の障害だけでなく、体調、環境、生活歴、本人の思いを含めて行動の意味を考える。,公益財団法人 社会福祉振興・試験センター 第35回（令和4年度）介護福祉士国家試験; 問題: https://drive.google.com/file/d/1UPmhp_s2TKj8kZAWzg-ULmjrK0EhJhPL/view; 正答: https://crie-hukushi.com/info/11780/,,true
2023-35-049,2023,35,49,障害の理解,ストレングス（strength）の視点に基づく利用者支援の説明として，最も適切なものを1つ選びなさい。,個人の特性や強さを見つけて，それを生かす支援を行うこと。,日常生活の条件をできるだけ，障害のない人と同じにすること。,全人間的復権を目標とすること。,権利を代弁・擁護して，権利の実現を支援すること。,抑圧された権利や能力を取り戻して，力をつけること。,1,正解は選択肢1「個人の特性や強さを見つけて，それを生かす支援を行うこと。」である。この選択肢は、障害特性と必要な支援・社会資源の対応が適切である。できない点だけでなく、環境調整で可能になる活動にも注目する。障害特性だけで判断せず、本人の強みと環境因子を調整して参加を支える。,公益財団法人 社会福祉振興・試験センター 第35回（令和4年度）介護福祉士国家試験; 問題: https://drive.google.com/file/d/1UPmhp_s2TKj8kZAWzg-ULmjrK0EhJhPL/view; 正答: https://crie-hukushi.com/info/11780/,,true
2023-35-050,2023,35,50,障害の理解,1960年代のアメリカにおける自立生活運動（ＩＬ運動）に関する次の記述のうち，最も適切なものを1つ選びなさい。,障害があっても障害のない人々と同じ生活を送る。,一度失った地位，名誉，特権などを回復する。,自分で意思決定をして生活する。,医療職が機能回復訓練を行う。,障害者の社会への完全参加と平等を促進する。,3,正解は選択肢3「自分で意思決定をして生活する。」である。この選択肢は、障害特性と必要な支援・社会資源の対応が適切である。できない点だけでなく、環境調整で可能になる活動にも注目する。障害特性だけで判断せず、本人の強みと環境因子を調整して参加を支える。,公益財団法人 社会福祉振興・試験センター 第35回（令和4年度）介護福祉士国家試験; 問題: https://drive.google.com/file/d/1UPmhp_s2TKj8kZAWzg-ULmjrK0EhJhPL/view; 正答: https://crie-hukushi.com/info/11780/,,true
2023-35-051,2023,35,51,障害の理解,"「障害者虐待防止法」における，障害者に対する著しい暴言が当てはまる障害者虐待の類型として，最も適切なものを1つ選びなさい。
（注）「障害者虐待防止法」とは，「障害者虐待の防止，障害者の養護者に対する支援等に関する法律」のことである。",身体的虐待,放棄・放置,性的虐待,心理的虐待,経済的虐待,4,正解は選択肢4「心理的虐待」である。この選択肢は、障害特性と必要な支援・社会資源の対応が適切である。できない点だけでなく、環境調整で可能になる活動にも注目する。障害特性だけで判断せず、本人の強みと環境因子を調整して参加を支える。法令・制度・金額・対象要件は改正されることがあるため、受験時点の最新情報も確認する。,公益財団法人 社会福祉振興・試験センター 第35回（令和4年度）介護福祉士国家試験; 問題: https://drive.google.com/file/d/1UPmhp_s2TKj8kZAWzg-ULmjrK0EhJhPL/view; 正答: https://crie-hukushi.com/info/11780/,,true
2023-35-052,2023,35,52,障害の理解,上田敏の障害受容のモデルにおける受容期の説明として，最も適切なものを1つ選びなさい。,受傷直後である。,障害の状態を否認する。,リハビリテーションによって機能回復に取り組む。,障害のため何もできないと捉える。,障害に対する価値観を転換し，積極的な生活態度になる。,5,正解は選択肢5「障害に対する価値観を転換し，積極的な生活態度になる。」である。この選択肢は、障害特性と必要な支援・社会資源の対応が適切である。できない点だけでなく、環境調整で可能になる活動にも注目する。障害特性だけで判断せず、本人の強みと環境因子を調整して参加を支える。,公益財団法人 社会福祉振興・試験センター 第35回（令和4年度）介護福祉士国家試験; 問題: https://drive.google.com/file/d/1UPmhp_s2TKj8kZAWzg-ULmjrK0EhJhPL/view; 正答: https://crie-hukushi.com/info/11780/,,true
2023-35-053,2023,35,53,障害の理解,次のうち，四肢麻痺を伴う疾患や外傷として，適切なものを1つ選びなさい。,右脳梗塞（right cerebral infarction）,左脳梗塞（left cerebral infarction）,頸髄損傷（cervical cord injury）,腰髄損傷（lumbar spinal cord injury）,末梢神経損傷（peripheral nerve injury）,3,正解は選択肢3「頸髄損傷（cervical cord injury）」である。この選択肢は、障害特性と必要な支援・社会資源の対応が適切である。できない点だけでなく、環境調整で可能になる活動にも注目する。障害特性だけで判断せず、本人の強みと環境因子を調整して参加を支える。,公益財団法人 社会福祉振興・試験センター 第35回（令和4年度）介護福祉士国家試験; 問題: https://drive.google.com/file/d/1UPmhp_s2TKj8kZAWzg-ULmjrK0EhJhPL/view; 正答: https://crie-hukushi.com/info/11780/,,true
2023-35-054,2023,35,54,障害の理解,学習障害の特徴に関する次の記述のうち，最も適切なものを1つ選びなさい。,読む・書く・計算するなどの習得に困難がある。,注意力が欠如している。,じっとしているのが難しい。,脳の機能に障害はない。,親のしつけ方や愛情不足によるものである。,1,正解は選択肢1「読む・書く・計算するなどの習得に困難がある。」である。この選択肢は、障害特性と必要な支援・社会資源の対応が適切である。できない点だけでなく、環境調整で可能になる活動にも注目する。障害特性だけで判断せず、本人の強みと環境因子を調整して参加を支える。,公益財団法人 社会福祉振興・試験センター 第35回（令和4年度）介護福祉士国家試験; 問題: https://drive.google.com/file/d/1UPmhp_s2TKj8kZAWzg-ULmjrK0EhJhPL/view; 正答: https://crie-hukushi.com/info/11780/,,true
2023-35-055,2023,35,55,障害の理解,"Ａさん（60歳，男性）は，脊髄小脳変性症（spinocerebellar degeneration）のため，物をつかもうとすると手が震え，起立時や歩行時に身体がふらつき，ろれつが回らないため発語が不明瞭である。
次のうち，Ａさんの現在の症状に該当するものとして，最も適切なものを1つ選びなさい。",運動麻痺,運動失調,関節拘縮,筋萎縮,筋固縮,2,正解は選択肢2「運動失調」である。この選択肢は、障害特性と必要な支援・社会資源の対応が適切である。できない点だけでなく、環境調整で可能になる活動にも注目する。障害特性だけで判断せず、本人の強みと環境因子を調整して参加を支える。,公益財団法人 社会福祉振興・試験センター 第35回（令和4年度）介護福祉士国家試験; 問題: https://drive.google.com/file/d/1UPmhp_s2TKj8kZAWzg-ULmjrK0EhJhPL/view; 正答: https://crie-hukushi.com/info/11780/,,true
2023-35-056,2023,35,56,障害の理解,"Ｂさん（21歳，男性）は，統合失調症（schizophrenia）を発症し，継続した内服によって幻覚や妄想などの症状は改善しているが，意欲や自発性が低下して引きこもりがちである。現在，Ｂさんは，外来に通院しながら自宅で生活していて，就労を考えるようになってきた。
介護福祉職が就労に向けて支援するにあたり留意すべきこととして，最も適切なものを1つ選びなさい。",あいまいな言葉で説明する。,代理で手続きを進める。,介護福祉職が正しいと考える支援を行う。,Ｂさんに意欲をもつように強く指示する。,Ｂさん自身が物事を決め，実行できるように関わる。,5,正解は選択肢5「Ｂさん自身が物事を決め，実行できるように関わる。」である。統合失調症では妄想や幻覚などの陽性症状、意欲低下などの陰性症状、認知機能障害がみられる。障害特性だけで判断せず、本人の強みと環境因子を調整して参加を支える。,公益財団法人 社会福祉振興・試験センター 第35回（令和4年度）介護福祉士国家試験; 問題: https://drive.google.com/file/d/1UPmhp_s2TKj8kZAWzg-ULmjrK0EhJhPL/view; 正答: https://crie-hukushi.com/info/11780/,,true
2023-35-057,2023,35,57,障害の理解,"Ｃさん（3歳）は，24時間の人工呼吸器管理，栄養管理と体温管理が必要であり，母親（32歳）が生活全般を支えている。Ｃさんの母親は，「発達支援やショートステイを活用したいのに，市内に事業所がない。ほかにも困っている家族がいる」とＤ相談支援専門員に伝えた。Ｄ相談支援専門員が，課題の解決に向けて市（自立支援）協議会に働きかけたところ，市内に該当する事業所がないことが明らかになった。
この事例で，地域におけるサービスの不足を解決するために，市（自立支援）協議会に期待される機能・役割として，最も適切なものを1つ選びなさい。",困難な事例や資源不足についての情報の発信,権利擁護に関する取り組みの展開,地域の社会資源の開発,構成員の資質向上,基幹相談支援センターの運営評価,3,正解は選択肢3「地域の社会資源の開発」である。相談支援専門員は、本人の意向を踏まえてサービス等利用計画案の作成やモニタリングを担う。障害特性だけで判断せず、本人の強みと環境因子を調整して参加を支える。,公益財団法人 社会福祉振興・試験センター 第35回（令和4年度）介護福祉士国家試験; 問題: https://drive.google.com/file/d/1UPmhp_s2TKj8kZAWzg-ULmjrK0EhJhPL/view; 正答: https://crie-hukushi.com/info/11780/,,true
2023-35-058,2023,35,58,障害の理解,"Ｅさん（38歳，男性）は，脳梗塞（cerebral infarction）を発症し，病院に入院していた。退院時に，右片麻痺と言語障害があったため，身体障害者手帳2級の交付を受けた。現在，Ｅさんと家族の希望によって，自宅で生活しているが，少しずつ生活に支障が出てきている。Ｅさんの今後の生活を支えるために，障害福祉サービスの利用を前提に多職種連携による支援が行われることになった。
Ｅさんに関わる関係者が果たす役割として，最も適切なものを1つ選びなさい。",介護支援専門員（ケアマネジャー）が，介護サービス計画を作成する。,医師が，要介護認定を受けるための意見書を作成する。,基幹相談支援センターの職員が，障害福祉計画を立てる。,地域包括支援センターの職員が，認定調査を行う。,相談支援専門員が，サービス担当者会議を開催する。,5,正解は選択肢5「相談支援専門員が，サービス担当者会議を開催する。」である。相談支援専門員は、本人の意向を踏まえてサービス等利用計画案の作成やモニタリングを担う。障害特性だけで判断せず、本人の強みと環境因子を調整して参加を支える。,公益財団法人 社会福祉振興・試験センター 第35回（令和4年度）介護福祉士国家試験; 問題: https://drive.google.com/file/d/1UPmhp_s2TKj8kZAWzg-ULmjrK0EhJhPL/view; 正答: https://crie-hukushi.com/info/11780/,,true
2023-35-059,2023,35,59,医療的ケア,消毒と滅菌に関する次の記述のうち，正しいものを1つ選びなさい。,消毒は，すべての微生物を死滅させることである。,複数の消毒液を混ぜると効果的である。,滅菌物には，有効期限がある。,家庭では，熱水で滅菌する。,手指消毒は，次亜塩素酸ナトリウムを用いる。,3,正解は選択肢3「滅菌物には，有効期限がある。」である。この記述は、安全な実施手順と観察・連携の原則に合う。手技の前提条件、清潔保持、異常時の対応を一連で覚える。手順の遵守、実施前後の観察、異常時の中止・報告、医療職との連携が要点である。,公益財団法人 社会福祉振興・試験センター 第35回（令和4年度）介護福祉士国家試験; 問題: https://drive.google.com/file/d/1UPmhp_s2TKj8kZAWzg-ULmjrK0EhJhPL/view; 正答: https://crie-hukushi.com/info/11780/,,true
2023-35-060,2023,35,60,医療的ケア,次の記述のうち，成人の正常な呼吸状態として，最も適切なものを1つ選びなさい。,胸腹部が一定のリズムで膨らんだり縮んだりしている。,ゴロゴロとした音がする。,爪の色が紫色になっている。,呼吸数が1分間に40回である。,下顎を上下させて呼吸している。,1,正解は選択肢1「胸腹部が一定のリズムで膨らんだり縮んだりしている。」である。この記述は、安全な実施手順と観察・連携の原則に合う。手技の前提条件、清潔保持、異常時の対応を一連で覚える。手順の遵守、実施前後の観察、異常時の中止・報告、医療職との連携が要点である。,公益財団法人 社会福祉振興・試験センター 第35回（令和4年度）介護福祉士国家試験; 問題: https://drive.google.com/file/d/1UPmhp_s2TKj8kZAWzg-ULmjrK0EhJhPL/view; 正答: https://crie-hukushi.com/info/11780/,,true
2023-35-061,2023,35,61,医療的ケア,喀痰吸引を行う前の準備に関する次の記述のうち，最も適切なものを1つ選びなさい。,医師の指示書の確認は，初回に一度行う。,利用者への吸引の説明は，吸引のたびに行う。,腹臥位の姿勢にする。,同室の利用者から見える状態にする。,利用者に手指消毒をしてもらう。,2,正解は選択肢2「利用者への吸引の説明は，吸引のたびに行う。」である。この記述は、安全な実施手順と観察・連携の原則に合う。手技の前提条件、清潔保持、異常時の対応を一連で覚える。手順の遵守、実施前後の観察、異常時の中止・報告、医療職との連携が要点である。,公益財団法人 社会福祉振興・試験センター 第35回（令和4年度）介護福祉士国家試験; 問題: https://drive.google.com/file/d/1UPmhp_s2TKj8kZAWzg-ULmjrK0EhJhPL/view; 正答: https://crie-hukushi.com/info/11780/,,true
2023-35-062,2023,35,62,医療的ケア,胃ろうによる経管栄養での生活上の留意点の説明として，最も適切なものを1つ選びなさい。,「日中は，ベッド上で過ごします」,「夜寝るときは，上半身を起こした姿勢で寝ます」,「便秘の心配はなくなります」,「口から食べなくても口腔ケアは必要です」,「入浴は清拭に変更します」,4,正解は選択肢4「「口から食べなくても口腔ケアは必要です」」である。この記述は、安全な実施手順と観察・連携の原則に合う。手技の前提条件、清潔保持、異常時の対応を一連で覚える。手順の遵守、実施前後の観察、異常時の中止・報告、医療職との連携が要点である。,公益財団法人 社会福祉振興・試験センター 第35回（令和4年度）介護福祉士国家試験; 問題: https://drive.google.com/file/d/1UPmhp_s2TKj8kZAWzg-ULmjrK0EhJhPL/view; 正答: https://crie-hukushi.com/info/11780/,,true
2023-35-063,2023,35,63,医療的ケア,"Ｆさん（87歳，女性）は，介護老人福祉施設に入所している。嚥下機能が低下したため，胃ろうによる経管栄養が行われている。担当の介護福祉士は，Ｆさんの経管栄養を開始して，しばらく観察した。その後，15分後に訪室すると，Ｆさんが嘔吐して，意識はあるが苦しそうな表情をしていた。介護福祉士は，すぐに経管栄養を中止して看護職員を呼んだ。
看護職員が来るまでの介護福祉士の対応として，最も優先すべきものを1つ選びなさい。",室内の換気を行った。,ベッド上の嘔吐物を片付けた。,酸素吸入を行った。,心臓マッサージを行った。,誤嚥を防ぐために顔を横に向けた。,5,正解は選択肢5「誤嚥を防ぐために顔を横に向けた。」である。この記述は、安全な実施手順と観察・連携の原則に合う。手技の前提条件、清潔保持、異常時の対応を一連で覚える。手順の遵守、実施前後の観察、異常時の中止・報告、医療職との連携が要点である。,公益財団法人 社会福祉振興・試験センター 第35回（令和4年度）介護福祉士国家試験; 問題: https://drive.google.com/file/d/1UPmhp_s2TKj8kZAWzg-ULmjrK0EhJhPL/view; 正答: https://crie-hukushi.com/info/11780/,,true
2023-35-064,2023,35,64,介護の基本,利用者主体の考えに基づいた訪問介護員（ホームヘルパー）の対応に関する次の記述のうち，最も適切なものを1つ選びなさい。,トイレの窓は換気が必要であると判断し，開けたままにしておいた。,認知症（dementia）の人が包丁を持つのは危険だと判断し，訪問介護員（ホーム,煮物を調理するとき，利用者に好みの切り方を確認してもらった。,糖尿病（diabetes mellitus）のある利用者には，買い物代行で菓子の購入はし,次回の掃除のために，訪問介護員（ホームヘルパー）が使いやすい場所に掃除機を,3,正解は選択肢3「煮物を調理するとき，利用者に好みの切り方を確認してもらった。」である。実施前に本人の状態や環境を確認し、得られた情報に基づいて次の対応を選ぶ。尊厳、自己決定、自立支援、安全確保を両立させ、介護福祉職の役割と限界を守る。,公益財団法人 社会福祉振興・試験センター 第35回（令和4年度）介護福祉士国家試験; 問題: https://drive.google.com/file/d/1UPmhp_s2TKj8kZAWzg-ULmjrK0EhJhPL/view; 正答: https://crie-hukushi.com/info/11780/,,true
2023-35-065,2023,35,65,介護の基本,"「求められる介護福祉士像」で示された内容に関する次の記述のうち，最も適切なものを1つ選びなさい。
（注）「求められる介護福祉士像」とは，社会保障審議会福祉部会福祉人材確保専門委員会「介護人材に求められる機能の明確化とキャリアパスの実現に向けて」（2017年（平成29年）10月4日）の中で示されたものを指す。",地域や社会のニーズにかかわらず，利用者を導く。,利用者の身体的な支援よりも，心理的・社会的支援を重視する。,施設か在宅かに関係なく，家族が望む生活を支える。,専門職として他律的に介護過程を展開する。,介護職の中で中核的な役割を担う。,5,正解は選択肢5「介護職の中で中核的な役割を担う。」である。この選択肢は、介護福祉職の倫理と自立支援、安全確保の原則に合う。本人の希望だけでなく、権利擁護と専門職の責任も併せて判断する。尊厳、自己決定、自立支援、安全確保を両立させ、介護福祉職の役割と限界を守る。,公益財団法人 社会福祉振興・試験センター 第35回（令和4年度）介護福祉士国家試験; 問題: https://drive.google.com/file/d/1UPmhp_s2TKj8kZAWzg-ULmjrK0EhJhPL/view; 正答: https://crie-hukushi.com/info/11780/,,true
2023-35-066,2023,35,66,介護の基本,社会福祉士及び介護福祉士法に規定されている介護福祉士の責務として，最も適切なものを1つ選びなさい。,地域生活支援事業その他の支援を総合的に行う。,介護等に関する知識及び技能の向上に努める。,肢体の不自由な利用者に対して必要な訓練を行う。,介護保険事業に要する費用を公平に負担する。,常に心身の健康を保持して，社会的活動に参加するように努める。,2,正解は選択肢2「介護等に関する知識及び技能の向上に努める。」である。この選択肢は、介護福祉職の倫理と自立支援、安全確保の原則に合う。本人の希望だけでなく、権利擁護と専門職の責任も併せて判断する。尊厳、自己決定、自立支援、安全確保を両立させ、介護福祉職の役割と限界を守る。,公益財団法人 社会福祉振興・試験センター 第35回（令和4年度）介護福祉士国家試験; 問題: https://drive.google.com/file/d/1UPmhp_s2TKj8kZAWzg-ULmjrK0EhJhPL/view; 正答: https://crie-hukushi.com/info/11780/,,true
2023-35-067,2023,35,67,介護の基本,"Ａさん（85歳，女性，要介護1）は夫と二人暮らしで，訪問介護（ホームヘルプサービス）を利用している。Ａさんは認知症（dementia）の進行によって，理解力の低下がみられる。ある日，Ａさんが訪問介護員（ホームヘルパー）に，「受けているサービスをほかのものに変更したい」「夫とは仲が悪いので話したくない」と，不安な様子で話した。
意思決定支援を意識した訪問介護員（ホームヘルパー）の対応として，最も適切なものを1つ選びなさい。",Ａさんとの話し合いの場に初めから夫に同席してもらった。,Ａさんにサービス変更の決断を急ぐように伝えた。,Ａさんと話す前に相談内容を夫に話した。,サービスを変更したい理由についてＡさんに確認した。,訪問介護員（ホームヘルパー）がサービス変更をすることを判断した。,4,正解は選択肢4「サービスを変更したい理由についてＡさんに確認した。」である。この選択肢は、介護福祉職の倫理と自立支援、安全確保の原則に合う。本人の希望だけでなく、権利擁護と専門職の責任も併せて判断する。尊厳、自己決定、自立支援、安全確保を両立させ、介護福祉職の役割と限界を守る。,公益財団法人 社会福祉振興・試験センター 第35回（令和4年度）介護福祉士国家試験; 問題: https://drive.google.com/file/d/1UPmhp_s2TKj8kZAWzg-ULmjrK0EhJhPL/view; 正答: https://crie-hukushi.com/info/11780/,,true
2023-35-068,2023,35,68,介護の基本,すべての人が暮らしやすい社会の実現に向けて，どこでも，だれでも，自由に，使いやすくという考え方を表す用語として，適切なものを1つ選びなさい。,ユニバーサルデザイン（universal design）,インフォームドコンセント（informed consent）,アドバンス・ケア・プランニング（advance care planning）,リビングウィル（living will）,エンパワメント（empowerment）,1,正解は選択肢1「ユニバーサルデザイン（universal design）」である。この選択肢は、介護福祉職の倫理と自立支援、安全確保の原則に合う。本人の希望だけでなく、権利擁護と専門職の責任も併せて判断する。尊厳、自己決定、自立支援、安全確保を両立させ、介護福祉職の役割と限界を守る。,公益財団法人 社会福祉振興・試験センター 第35回（令和4年度）介護福祉士国家試験; 問題: https://drive.google.com/file/d/1UPmhp_s2TKj8kZAWzg-ULmjrK0EhJhPL/view; 正答: https://crie-hukushi.com/info/11780/,,true
2023-35-069,2023,35,69,介護の基本,"Ｂさん（82歳，女性，要介護2）は，若いときに夫を亡くし，家で仕事をしながら子どもを一人で育てた。夫や子どもと過ごした家の手入れは毎日欠かさず行っていた。数年前に，アルツハイマー型認知症（dementia of the Alzheimerʼs type）と診断され，認知症対応型共同生活介護（認知症高齢者グループホーム）に入居した。夕方になると，「私，家に帰らないといけない」と介護福祉職に何度も訴えている。
Ｂさんに対する介護福祉職の声かけとして，最も適切なものを1つ選びなさい。",「仕事はないですよ」,「ここが家ですよ」,「外に散歩に行きますか」,「家のことが気になるんですね」,「子どもさんが『ここにいてください』と言っていますよ」,4,正解は選択肢4「「家のことが気になるんですね」」である。この選択肢は、介護福祉職の倫理と自立支援、安全確保の原則に合う。本人の希望だけでなく、権利擁護と専門職の責任も併せて判断する。尊厳、自己決定、自立支援、安全確保を両立させ、介護福祉職の役割と限界を守る。,公益財団法人 社会福祉振興・試験センター 第35回（令和4年度）介護福祉士国家試験; 問題: https://drive.google.com/file/d/1UPmhp_s2TKj8kZAWzg-ULmjrK0EhJhPL/view; 正答: https://crie-hukushi.com/info/11780/,,true
2023-35-070,2023,35,70,介護の基本,"介護保険施設の駐車場で，下記のマークを付けた車の運転手が困った様子で手助けを求めていた。
介護福祉職の対応として，最も適切なものを1つ選びなさい。",手話や筆談を用いて話しかける。,杖を用意する。,拡大読書器を使用する。,移動用リフトを用意する。,携帯用点字器を用意する。,1,正解は選択肢1「手話や筆談を用いて話しかける。」である。この選択肢は、介護福祉職の倫理と自立支援、安全確保の原則に合う。本人の希望だけでなく、権利擁護と専門職の責任も併せて判断する。尊厳、自己決定、自立支援、安全確保を両立させ、介護福祉職の役割と限界を守る。法令・制度・金額・対象要件は改正されることがあるため、受験時点の最新情報も確認する。,公益財団法人 社会福祉振興・試験センター 第35回（令和4年度）介護福祉士国家試験; 問題: https://drive.google.com/file/d/1UPmhp_s2TKj8kZAWzg-ULmjrK0EhJhPL/view; 正答: https://crie-hukushi.com/info/11780/,,true
2023-35-071,2023,35,71,介護の基本,介護保険施設における専門職の役割に関する次の記述のうち，最も適切なものを1つ選びなさい。,利用者の栄養ケア・マネジメントは，薬剤師が行う。,認知症（dementia）の診断と治療は，作業療法士が行う。,利用者の療養上の世話又は診療の補助は，社会福祉士が行う。,日常生活を営むのに必要な身体機能改善や機能訓練は，歯科衛生士が行う。,施設サービス計画の作成は，介護支援専門員が行う。,5,正解は選択肢5「施設サービス計画の作成は，介護支援専門員が行う。」である。介護保険の施設サービスは、介護保険施設への入所を前提に提供され、指定・監督主体を居宅サービスと区別して覚える。尊厳、自己決定、自立支援、安全確保を両立させ、介護福祉職の役割と限界を守る。法令・制度・金額・対象要件は改正されることがあるため、受験時点の最新情報も確認する。,公益財団法人 社会福祉振興・試験センター 第35回（令和4年度）介護福祉士国家試験; 問題: https://drive.google.com/file/d/1UPmhp_s2TKj8kZAWzg-ULmjrK0EhJhPL/view; 正答: https://crie-hukushi.com/info/11780/,,true
2023-35-072,2023,35,72,介護の基本,介護の現場におけるチームアプローチ（team approach）に関する次の記述のうち，最も適切なものを1つ選びなさい。,チームメンバーが得た情報は，メンバー間であっても秘密にする。,チームメンバーの役割分担を明確にする。,利用者を外してチームを構成する。,医師がチームの方針を決定する。,チームメンバーを家族が指名する。,2,正解は選択肢2「チームメンバーの役割分担を明確にする。」である。この選択肢は、介護福祉職の倫理と自立支援、安全確保の原則に合う。本人の希望だけでなく、権利擁護と専門職の責任も併せて判断する。尊厳、自己決定、自立支援、安全確保を両立させ、介護福祉職の役割と限界を守る。,公益財団法人 社会福祉振興・試験センター 第35回（令和4年度）介護福祉士国家試験; 問題: https://drive.google.com/file/d/1UPmhp_s2TKj8kZAWzg-ULmjrK0EhJhPL/view; 正答: https://crie-hukushi.com/info/11780/,,true
2023-35-073,2023,35,73,介護の基本,利用者の危険を回避するための介護福祉職の対応として，最も適切なものを1つ選びなさい。,スプーンを拾おうとして前傾姿勢になった車いすの利用者を，目視で確認した。,廊下をふらつきながら歩いていた利用者の横を，黙って通り過ぎた。,食事介助をしていた利用者の姿勢が傾いてきたので，姿勢を直した。,下肢筋力が低下している利用者が，靴下で歩いていたので，スリッパを履いても,車いすの利用者が，フットサポートを下げたまま立ち上がろうとしたので，ま,3,正解は選択肢3「食事介助をしていた利用者の姿勢が傾いてきたので，姿勢を直した。」である。この選択肢は、介護福祉職の倫理と自立支援、安全確保の原則に合う。本人の希望だけでなく、権利擁護と専門職の責任も併せて判断する。尊厳、自己決定、自立支援、安全確保を両立させ、介護福祉職の役割と限界を守る。,公益財団法人 社会福祉振興・試験センター 第35回（令和4年度）介護福祉士国家試験; 問題: https://drive.google.com/file/d/1UPmhp_s2TKj8kZAWzg-ULmjrK0EhJhPL/view; 正答: https://crie-hukushi.com/info/11780/,,true
2023-35-074,2023,35,74,コミュニケーション技術,次のうち，閉じられた質問として，適切なものを1つ選びなさい。,「この本は好きですか」,「午後はどのように過ごしますか」,「困っていることは何ですか」,「どのような歌が好きですか」,「なぜそう思いますか」,1,正解は選択肢1「「この本は好きですか」」である。この応答は、相手の感情と理解の仕方に合わせた双方向のコミュニケーションになっている。説得や評価を急ぐ選択肢は避ける。まず受容・共感して本人のペースを守り、障害特性に応じた伝達方法を選ぶ。,公益財団法人 社会福祉振興・試験センター 第35回（令和4年度）介護福祉士国家試験; 問題: https://drive.google.com/file/d/1UPmhp_s2TKj8kZAWzg-ULmjrK0EhJhPL/view; 正答: https://crie-hukushi.com/info/11780/,,true
2023-35-075,2023,35,75,コミュニケーション技術,利用者の家族と信頼関係を形成するための留意点として，最も適切なものを1つ選びなさい。,家族の希望を優先する。,話し合いの機会を丁寧にもつ。,一度形成した信頼関係は，変わらずに継続すると考える。,家族に対して，「こうすれば良い」と指示を出す。,介護は全面的に介護福祉職に任せてもらう。,2,正解は選択肢2「話し合いの機会を丁寧にもつ。」である。この応答は、相手の感情と理解の仕方に合わせた双方向のコミュニケーションになっている。説得や評価を急ぐ選択肢は避ける。まず受容・共感して本人のペースを守り、障害特性に応じた伝達方法を選ぶ。,公益財団法人 社会福祉振興・試験センター 第35回（令和4年度）介護福祉士国家試験; 問題: https://drive.google.com/file/d/1UPmhp_s2TKj8kZAWzg-ULmjrK0EhJhPL/view; 正答: https://crie-hukushi.com/info/11780/,,true
2023-35-076,2023,35,76,コミュニケーション技術,"Ｃさん（75歳，男性）は，老人性難聴（presbycusis）があり，右耳は中等度難聴，左耳は高度難聴である。耳かけ型補聴器を両耳で使用して静かな場所で話せば，なんとか相手の話を聞き取ることができる。
Ｃさんとの1対1のコミュニケーションの方法として，最も適切なものを1つ選びなさい。",正面で向き合って話しかける。,高音域の声を使って話しかける。,耳元で，できるだけ大きな声で話しかける。,手話で会話をする。,からだに触れてから話しかける。,1,正解は選択肢1「正面で向き合って話しかける。」である。この応答は、相手の感情と理解の仕方に合わせた双方向のコミュニケーションになっている。説得や評価を急ぐ選択肢は避ける。まず受容・共感して本人のペースを守り、障害特性に応じた伝達方法を選ぶ。,公益財団法人 社会福祉振興・試験センター 第35回（令和4年度）介護福祉士国家試験; 問題: https://drive.google.com/file/d/1UPmhp_s2TKj8kZAWzg-ULmjrK0EhJhPL/view; 正答: https://crie-hukushi.com/info/11780/,,true
2023-35-077,2023,35,77,コミュニケーション技術,"Ｄさん（90歳，女性，要介護5）は，重度のアルツハイマー型認知症（dementia of the Alzheimerʼs type）である。介護福祉職は，Ｄさんに声かけをして会話をしているが，最近，自発的な発語が少なくなり，会話中に視線が合わないことも増えてきたことが気になっている。
Ｄさんとのコミュニケーションをとるための介護福祉職の対応として，最も適切なものを1つ選びなさい。",引き続き，言語を中心にコミュニケーションをとる。,Ｄさんが緊張しているので，からだに触れないようにする。,表情やしぐさを確認しながら，感情の理解に努める。,視線が合わないときは，会話を控える。,自発的な発語がないため，会話の機会を減らしていく。,3,正解は選択肢3「表情やしぐさを確認しながら，感情の理解に努める。」である。この応答は、相手の感情と理解の仕方に合わせた双方向のコミュニケーションになっている。説得や評価を急ぐ選択肢は避ける。まず受容・共感して本人のペースを守り、障害特性に応じた伝達方法を選ぶ。,公益財団法人 社会福祉振興・試験センター 第35回（令和4年度）介護福祉士国家試験; 問題: https://drive.google.com/file/d/1UPmhp_s2TKj8kZAWzg-ULmjrK0EhJhPL/view; 正答: https://crie-hukushi.com/info/11780/,,true
2023-35-078,2023,35,78,コミュニケーション技術,介護実践の場で行われる，勤務交代時の申し送りの目的に関する次の記述のうち，最も適切なものを1つ選びなさい。,翌月の介護福祉職の勤務表を検討する。,利用者のレクリエーション活動を計画する。,利用者の問題解決に向けた事例検討を行う。,利用者へのケアの継続性を保つ。,利用者とケアの方針を共有する。,4,正解は選択肢4「利用者へのケアの継続性を保つ。」である。この応答は、相手の感情と理解の仕方に合わせた双方向のコミュニケーションになっている。説得や評価を急ぐ選択肢は避ける。まず受容・共感して本人のペースを守り、障害特性に応じた伝達方法を選ぶ。,公益財団法人 社会福祉振興・試験センター 第35回（令和4年度）介護福祉士国家試験; 問題: https://drive.google.com/file/d/1UPmhp_s2TKj8kZAWzg-ULmjrK0EhJhPL/view; 正答: https://crie-hukushi.com/info/11780/,,true
2023-35-079,2023,35,79,コミュニケーション技術,"Ｅさん（87歳，女性，要介護3）は，介護老人福祉施設に入所していて，認知症（dementia）がある。ある日，担当のＦ介護福祉職がＥさんの居室を訪問すると，Ｅさんは，イライラした様子で，「私の財布が盗まれた」と言ってベッドの周りをうろうろしていた。一緒に探すと，タンスの引き出しの奥から財布が見つかった。Ｆ介護福祉職は，Ｅさんのケアカンファレンス（care conference）に出席して，この出来事について情報共有することにした。
Ｅさんの状況に関する報告として，最も適切なものを1つ選びなさい。",「Ｅさんの認知機能が低下しました」,「Ｅさんは，誰かに怒っていました」,「Ｅさんには，もの盗られ妄想があります」,「Ｅさんは，財布が見つかって，安心していると思います」,「Ｅさんは，財布が盗まれたと言って，ベッドの周りをうろうろしていました」,5,正解は選択肢5「「Ｅさんは，財布が盗まれたと言って，ベッドの周りをうろうろしていました」」である。カンファレンスに関係職種・担当者が参加すると、目標、観察事項、支援方法を共通理解にできる。まず受容・共感して本人のペースを守り、障害特性に応じた伝達方法を選ぶ。,公益財団法人 社会福祉振興・試験センター 第35回（令和4年度）介護福祉士国家試験; 問題: https://drive.google.com/file/d/1UPmhp_s2TKj8kZAWzg-ULmjrK0EhJhPL/view; 正答: https://crie-hukushi.com/info/11780/,,true
2023-35-080,2023,35,80,生活支援技術,"Ｇさん（79歳，女性，要介護3）は，介護老人福祉施設に入所して，3週間が経過した。施設での生活には慣れてきているが，居室でテレビを見て過ごす時間が長くなった。ある時，Ｇさんが，「気分転換に台所を借りて，自分でおやつを作ってみたい」と介護福祉職に話した。
Ｇさんのレクリエーション活動の計画作成にあたり，介護福祉職が留意すべきこととして，最も適切なものを1つ選びなさい。",Ｇさんの居室で行うようにする。,おやつのメニューは，介護福祉職が選ぶ。,施設のレクリエーション財を優先する。,集団で行うことを優先する。,おやつ作りをきっかけに，施設生活に楽しみがもてるようにする。,5,正解は選択肢5「おやつ作りをきっかけに，施設生活に楽しみがもてるようにする。」である。この方法は、動作の安定性と本人が持つ力を生かす点で適切である。介助者がすべて行う方法や、不自然な姿勢・動線になる方法は避ける。本人の残存能力を生かし、安定した姿勢、動作の順序、福祉用具、環境調整によって安全と自立を支える。,公益財団法人 社会福祉振興・試験センター 第35回（令和4年度）介護福祉士国家試験; 問題: https://drive.google.com/file/d/1UPmhp_s2TKj8kZAWzg-ULmjrK0EhJhPL/view; 正答: https://crie-hukushi.com/info/11780/,,true
2023-35-081,2023,35,81,生活支援技術,高齢者の安全な移動に配慮した階段の要件として，最も適切なものを1つ選びなさい。,手すりを設置している。,階段の一段の高さは，25 cm 以上である。,階段の足をのせる板の奥行は，15 cm 未満である。,階段の照明は，足元の間接照明にする。,毛の長いじゅうたんを敷く。,1,正解は選択肢1「手すりを設置している。」である。この方法は、動作の安定性と本人が持つ力を生かす点で適切である。介助者がすべて行う方法や、不自然な姿勢・動線になる方法は避ける。本人の残存能力を生かし、安定した姿勢、動作の順序、福祉用具、環境調整によって安全と自立を支える。,公益財団法人 社会福祉振興・試験センター 第35回（令和4年度）介護福祉士国家試験; 問題: https://drive.google.com/file/d/1UPmhp_s2TKj8kZAWzg-ULmjrK0EhJhPL/view; 正答: https://crie-hukushi.com/info/11780/,,true
2023-35-082,2023,35,82,生活支援技術,介護予防教室で介護福祉職が行う安定した歩行に関する助言として，最も適切なものを1つ選びなさい。,「歩幅を狭くしましょう」,「腕の振りを小さくしましょう」,「足元を見ながら歩きましょう」,「後ろ足のつま先で地面を蹴って踏み出しましょう」,「つま先から足をつきましょう」,4,正解は選択肢4「「後ろ足のつま先で地面を蹴って踏み出しましょう」」である。この方法は、動作の安定性と本人が持つ力を生かす点で適切である。介助者がすべて行う方法や、不自然な姿勢・動線になる方法は避ける。本人の残存能力を生かし、安定した姿勢、動作の順序、福祉用具、環境調整によって安全と自立を支える。,公益財団法人 社会福祉振興・試験センター 第35回（令和4年度）介護福祉士国家試験; 問題: https://drive.google.com/file/d/1UPmhp_s2TKj8kZAWzg-ULmjrK0EhJhPL/view; 正答: https://crie-hukushi.com/info/11780/,,true
2023-35-083,2023,35,83,生活支援技術,Ｔ字杖を用いて歩行する左片麻痺の利用者が，20 cm 幅の溝をまたぐときの介護方法として，最も適切なものを1つ選びなさい。,杖は，左手に持ちかえてもらう。,杖は，溝の手前に突いてもらう。,溝は，右足からまたいでもらう。,遠い方向を見てもらう。,またいだ後は，両足をそろえてもらう。,5,正解は選択肢5「またいだ後は，両足をそろえてもらう。」である。この方法は、動作の安定性と本人が持つ力を生かす点で適切である。介助者がすべて行う方法や、不自然な姿勢・動線になる方法は避ける。本人の残存能力を生かし、安定した姿勢、動作の順序、福祉用具、環境調整によって安全と自立を支える。,公益財団法人 社会福祉振興・試験センター 第35回（令和4年度）介護福祉士国家試験; 問題: https://drive.google.com/file/d/1UPmhp_s2TKj8kZAWzg-ULmjrK0EhJhPL/view; 正答: https://crie-hukushi.com/info/11780/,,true
2023-35-084,2023,35,84,生活支援技術,総義歯の取扱いに関する次の記述のうち，最も適切なものを1つ選びなさい。,上顎から先に外す。,毎食後に洗う。,スポンジブラシで洗う。,熱湯につけてから洗う。,乾燥させて保管する。,2,正解は選択肢2「毎食後に洗う。」である。この方法は、動作の安定性と本人が持つ力を生かす点で適切である。介助者がすべて行う方法や、不自然な姿勢・動線になる方法は避ける。本人の残存能力を生かし、安定した姿勢、動作の順序、福祉用具、環境調整によって安全と自立を支える。,公益財団法人 社会福祉振興・試験センター 第35回（令和4年度）介護福祉士国家試験; 問題: https://drive.google.com/file/d/1UPmhp_s2TKj8kZAWzg-ULmjrK0EhJhPL/view; 正答: https://crie-hukushi.com/info/11780/,,true
2023-35-085,2023,35,85,生活支援技術,"Ｈさん（82歳，男性，要介護2）は，一人暮らしで，週1回，訪問介護（ホームヘルプサービス）を利用している。訪問時に，「足の爪が伸びているので，切ってほしい」と依頼された。爪を切ろうとしたところ，両足とも親指の爪が伸びて両端が皮膚に食い込んで赤くなっていて，触ると熱感があった。
親指の状態を確認した訪問介護員（ホームヘルパー）の対応として，最も適切なものを1つ選びなさい。",親指に絆創膏を巻く。,Ｈさんの家にある軟膏を親指に塗る。,蒸しタオルで爪を軟らかくしてから切る。,爪が伸びている部分に爪やすりをかける。,爪は切らずに，親指の状態をサービス提供責任者に報告する。,5,正解は選択肢5「爪は切らずに，親指の状態をサービス提供責任者に報告する。」である。介護福祉職だけで判断せず、観察した事実を共有して専門職の役割につなげる。本人の残存能力を生かし、安定した姿勢、動作の順序、福祉用具、環境調整によって安全と自立を支える。,公益財団法人 社会福祉振興・試験センター 第35回（令和4年度）介護福祉士国家試験; 問題: https://drive.google.com/file/d/1UPmhp_s2TKj8kZAWzg-ULmjrK0EhJhPL/view; 正答: https://crie-hukushi.com/info/11780/,,true
2023-35-086,2023,35,86,生活支援技術,左片麻痺の利用者が，前開きの上着をベッド上で臥床したまま交換するときの介護の基本に関する次の記述のうち，最も適切なものを1つ選びなさい。,介護福祉職は利用者の左側に立つ。,新しい上着は利用者の右側に置く。,脱ぐときは，着ている上着の左上肢の肩口を広げておく。,左側の袖を脱ぎ，脱いだ上着は丸めて，からだの下に入れる。,利用者を左側臥位にし，脱いだ上着を引き出す。,3,正解は選択肢3「脱ぐときは，着ている上着の左上肢の肩口を広げておく。」である。この方法は、動作の安定性と本人が持つ力を生かす点で適切である。介助者がすべて行う方法や、不自然な姿勢・動線になる方法は避ける。本人の残存能力を生かし、安定した姿勢、動作の順序、福祉用具、環境調整によって安全と自立を支える。,公益財団法人 社会福祉振興・試験センター 第35回（令和4年度）介護福祉士国家試験; 問題: https://drive.google.com/file/d/1UPmhp_s2TKj8kZAWzg-ULmjrK0EhJhPL/view; 正答: https://crie-hukushi.com/info/11780/,,true
2023-35-087,2023,35,87,生活支援技術,利用者が食事中にむせ込んだときの介護として，最も適切なものを1つ選びなさい。,上を向いてもらう。,お茶を飲んでもらう。,深呼吸をしてもらう。,口の中のものを飲み込んでもらう。,しっかりと咳を続けてもらう。,5,正解は選択肢5「しっかりと咳を続けてもらう。」である。この方法は、動作の安定性と本人が持つ力を生かす点で適切である。介助者がすべて行う方法や、不自然な姿勢・動線になる方法は避ける。本人の残存能力を生かし、安定した姿勢、動作の順序、福祉用具、環境調整によって安全と自立を支える。,公益財団法人 社会福祉振興・試験センター 第35回（令和4年度）介護福祉士国家試験; 問題: https://drive.google.com/file/d/1UPmhp_s2TKj8kZAWzg-ULmjrK0EhJhPL/view; 正答: https://crie-hukushi.com/info/11780/,,true
2023-35-088,2023,35,88,生活支援技術,テーブルで食事の介護を行うときの留意点に関する次の記述のうち，最も適切なものを1つ選びなさい。,車いすで食事をするときは，足をフットサポートから下ろして床につける。,片麻痺があるときは，患側の上肢を膝の上にのせる。,スプーンを使うときは，下顎を上げた姿勢にして食べ物を口に入れる。,利用者に声をかけるときは，食べ物を口に入れてから行う。,食事をしているときは，大きな音でテレビをつけておく。,1,正解は選択肢1「車いすで食事をするときは，足をフットサポートから下ろして床につける。」である。この方法は、動作の安定性と本人が持つ力を生かす点で適切である。介助者がすべて行う方法や、不自然な姿勢・動線になる方法は避ける。本人の残存能力を生かし、安定した姿勢、動作の順序、福祉用具、環境調整によって安全と自立を支える。,公益財団法人 社会福祉振興・試験センター 第35回（令和4年度）介護福祉士国家試験; 問題: https://drive.google.com/file/d/1UPmhp_s2TKj8kZAWzg-ULmjrK0EhJhPL/view; 正答: https://crie-hukushi.com/info/11780/,,true
2023-35-089,2023,35,89,生活支援技術,逆流性食道炎（reflux esophagitis）の症状がある利用者への助言として，最も適切なものを1つ選びなさい。,脂肪を多く含む食品を食べるように勧める。,酸味の強い果物を食べるように勧める。,1日の食事は回数を分けて少量ずつ食べるように勧める。,食事のときは，腹圧をかけるような前かがみの姿勢をとるように勧める。,食後すぐに仰臥位（背臥位）をとるように勧める。,3,正解は選択肢3「1日の食事は回数を分けて少量ずつ食べるように勧める。」である。一律に代行せず、本人が安全にできる方法を示して自己決定と残存能力を支える。本人の残存能力を生かし、安定した姿勢、動作の順序、福祉用具、環境調整によって安全と自立を支える。,公益財団法人 社会福祉振興・試験センター 第35回（令和4年度）介護福祉士国家試験; 問題: https://drive.google.com/file/d/1UPmhp_s2TKj8kZAWzg-ULmjrK0EhJhPL/view; 正答: https://crie-hukushi.com/info/11780/,,true
2023-35-090,2023,35,90,生活支援技術,ベッド上で臥床している利用者の洗髪の基本に関する次の記述のうち，最も適切なものを1つ選びなさい。,利用者のからだ全体をベッドの端に移動する。,利用者の両下肢は，まっすぐに伸ばした状態にする。,洗うときは，頭頂部から生え際に向かって洗う。,シャンプー後は，タオルで泡を拭き取ってからすすぐ。,ドライヤーの温風は，頭皮に直接当たるようにする。,4,正解は選択肢4「シャンプー後は，タオルで泡を拭き取ってからすすぐ。」である。この方法は、動作の安定性と本人が持つ力を生かす点で適切である。介助者がすべて行う方法や、不自然な姿勢・動線になる方法は避ける。本人の残存能力を生かし、安定した姿勢、動作の順序、福祉用具、環境調整によって安全と自立を支える。,公益財団法人 社会福祉振興・試験センター 第35回（令和4年度）介護福祉士国家試験; 問題: https://drive.google.com/file/d/1UPmhp_s2TKj8kZAWzg-ULmjrK0EhJhPL/view; 正答: https://crie-hukushi.com/info/11780/,,true
2023-35-091,2023,35,91,生活支援技術,"目の周囲の清拭の方法を図に示す。矢印は拭く方向を表している。
次のＡ〜Ｅのうち，基本的な清拭の方法として，最も適切なものを1つ選びなさい。",Ａ,Ｂ,Ｃ,Ｄ,Ｅ,1,正解は選択肢1「Ａ」である。この方法は、動作の安定性と本人が持つ力を生かす点で適切である。介助者がすべて行う方法や、不自然な姿勢・動線になる方法は避ける。本人の残存能力を生かし、安定した姿勢、動作の順序、福祉用具、環境調整によって安全と自立を支える。,公益財団法人 社会福祉振興・試験センター 第35回（令和4年度）介護福祉士国家試験; 問題: https://drive.google.com/file/d/1UPmhp_s2TKj8kZAWzg-ULmjrK0EhJhPL/view; 正答: https://crie-hukushi.com/info/11780/,,true
2023-35-092,2023,35,92,生活支援技術,"Ｊさん（85歳，女性，要介護2）は，アルツハイマー型認知症（dementia of the Alzheimerʼs type）である。時間をかければ一人で洗身，洗髪もできるが，ズボンの上に下着を着る行為がみられたため，訪問介護（ホームヘルプサービス）を利用することになった。
Ｊさんの入浴時における訪問介護員（ホームヘルパー）の対応として，最も適切なものを1つ選びなさい。",脱いだ衣服は，着る衣服の隣に並べて置く。,洗身と洗髪は訪問介護員（ホームヘルパー）が行う。,入浴中の利用者に声をかけることは控える。,衣服の着る順番に応じて声をかける。,ズボンの着脱は訪問介護員（ホームヘルパー）が行う。,4,正解は選択肢4「衣服の着る順番に応じて声をかける。」である。この方法は、動作の安定性と本人が持つ力を生かす点で適切である。介助者がすべて行う方法や、不自然な姿勢・動線になる方法は避ける。本人の残存能力を生かし、安定した姿勢、動作の順序、福祉用具、環境調整によって安全と自立を支える。,公益財団法人 社会福祉振興・試験センター 第35回（令和4年度）介護福祉士国家試験; 問題: https://drive.google.com/file/d/1UPmhp_s2TKj8kZAWzg-ULmjrK0EhJhPL/view; 正答: https://crie-hukushi.com/info/11780/,,true
2023-35-093,2023,35,93,生活支援技術,胃・結腸反射を利用して，生理的排便を促すための介護福祉職の支援として，最も適切なものを1つ選びなさい。,歩行を促す。,起床後に冷水を飲んでもらう。,腹部のマッサージをする。,便座に誘導する。,離床する時間を増やす。,2,正解は選択肢2「起床後に冷水を飲んでもらう。」である。この方法は、動作の安定性と本人が持つ力を生かす点で適切である。介助者がすべて行う方法や、不自然な姿勢・動線になる方法は避ける。本人の残存能力を生かし、安定した姿勢、動作の順序、福祉用具、環境調整によって安全と自立を支える。,公益財団法人 社会福祉振興・試験センター 第35回（令和4年度）介護福祉士国家試験; 問題: https://drive.google.com/file/d/1UPmhp_s2TKj8kZAWzg-ULmjrK0EhJhPL/view; 正答: https://crie-hukushi.com/info/11780/,,true
2023-35-094,2023,35,94,生活支援技術,利用者の便失禁を改善するための介護福祉職の対応として，最も適切なものを1つ選びなさい。,トイレの場所がわからない認知症（dementia）の人には，ポータブルトイレを設,移動に時間がかかる人には，おむつを使用する。,便意がはっきりしない人には，朝食後に時間を決めてトイレへ誘導する。,下剤を内服している人には，下剤の内服を中止する。,便失禁の回数が多い人には，食事の提供量を減らす。,3,正解は選択肢3「便意がはっきりしない人には，朝食後に時間を決めてトイレへ誘導する。」である。この方法は、動作の安定性と本人が持つ力を生かす点で適切である。介助者がすべて行う方法や、不自然な姿勢・動線になる方法は避ける。本人の残存能力を生かし、安定した姿勢、動作の順序、福祉用具、環境調整によって安全と自立を支える。,公益財団法人 社会福祉振興・試験センター 第35回（令和4年度）介護福祉士国家試験; 問題: https://drive.google.com/file/d/1UPmhp_s2TKj8kZAWzg-ULmjrK0EhJhPL/view; 正答: https://crie-hukushi.com/info/11780/,,true
2023-35-095,2023,35,95,生活支援技術,女性利用者のおむつ交換をするときに行う陰部洗浄の基本に関する次の記述のうち，最も適切なものを1つ選びなさい。,湯温は，介護福祉職の手のひらで確認する。,おむつを交換するたびに，石鹸を使って洗う。,タオルで汚れをこすり取るように洗う。,尿道口から洗い，最後に肛門部を洗う。,洗浄後は，蒸しタオルで水分を拭き取る。,4,正解は選択肢4「尿道口から洗い，最後に肛門部を洗う。」である。この方法は、動作の安定性と本人が持つ力を生かす点で適切である。介助者がすべて行う方法や、不自然な姿勢・動線になる方法は避ける。本人の残存能力を生かし、安定した姿勢、動作の順序、福祉用具、環境調整によって安全と自立を支える。,公益財団法人 社会福祉振興・試験センター 第35回（令和4年度）介護福祉士国家試験; 問題: https://drive.google.com/file/d/1UPmhp_s2TKj8kZAWzg-ULmjrK0EhJhPL/view; 正答: https://crie-hukushi.com/info/11780/,,true
2023-35-096,2023,35,96,生活支援技術,"Ｋさん（76歳，女性，要介護2）は，介護老人保健施設に入所している。日頃から，「排泄は最期まで他人の世話にならない」と言い，自分でトイレに行き排泄している。先日，趣味活動に参加しているときにトイレに間に合わず失禁した。その後，トイレの近くで過ごすことが多くなり，趣味活動に参加することが少なくなった。Ｋさんを観察すると，1日の水分摂取量，排尿量は変わりないが，日中の排尿回数が増えていることがわかった。
Ｋさんへの介護福祉職の最初の対応として，最も適切なものを1つ選びなさい。",日中は水分摂取を控えるように伝える。,抗不安薬の処方ができないか看護師に相談する。,トイレに行く姿を見かけたら，同行する。,排泄について不安に感じていることがないかを聞く。,積極的に趣味活動に参加するように勧める。,4,正解は選択肢4「排泄について不安に感じていることがないかを聞く。」である。介護老人保健施設は、在宅復帰を目指して医学的管理の下でリハビリテーションや介護を提供する。本人の言葉を遮らずに確認することで、表面の訴えだけでなく背景にあるニーズを把握できる。本人の残存能力を生かし、安定した姿勢、動作の順序、福祉用具、環境調整によって安全と自立を支える。,公益財団法人 社会福祉振興・試験センター 第35回（令和4年度）介護福祉士国家試験; 問題: https://drive.google.com/file/d/1UPmhp_s2TKj8kZAWzg-ULmjrK0EhJhPL/view; 正答: https://crie-hukushi.com/info/11780/,,true
2023-35-097,2023,35,97,生活支援技術,ノロウイルス（Norovirus）による感染症の予防のための介護福祉職の対応として，最も適切なものを1つ選びなさい。,食品は，中心部温度50℃で1分間加熱する。,嘔吐物は，乾燥後に処理をする。,マスクと手袋を着用して，嘔吐物を処理する。,手すりの消毒は，エタノール消毒液を使用する。,嘔吐物のついたシーツは，洗濯機で水洗いする。,3,正解は選択肢3「マスクと手袋を着用して，嘔吐物を処理する。」である。この方法は、動作の安定性と本人が持つ力を生かす点で適切である。介助者がすべて行う方法や、不自然な姿勢・動線になる方法は避ける。本人の残存能力を生かし、安定した姿勢、動作の順序、福祉用具、環境調整によって安全と自立を支える。,公益財団法人 社会福祉振興・試験センター 第35回（令和4年度）介護福祉士国家試験; 問題: https://drive.google.com/file/d/1UPmhp_s2TKj8kZAWzg-ULmjrK0EhJhPL/view; 正答: https://crie-hukushi.com/info/11780/,,true
2023-35-098,2023,35,98,生活支援技術,弱視で物の区別がつきにくい人の調理と買い物の支援に関する次の記述のうち，最も適切なものを1つ選びなさい。,買い物は，ガイドヘルパーに任せるように勧める。,財布は，貨幣や紙幣を同じ場所に収納できるものを勧める。,包丁は，調理台の手前に置くように勧める。,まな板は，食材と同じ色にするように勧める。,よく使う調理器具は，いつも同じ場所に収納するように勧める。,5,正解は選択肢5「よく使う調理器具は，いつも同じ場所に収納するように勧める。」である。一律に代行せず、本人が安全にできる方法を示して自己決定と残存能力を支える。本人の残存能力を生かし、安定した姿勢、動作の順序、福祉用具、環境調整によって安全と自立を支える。,公益財団法人 社会福祉振興・試験センター 第35回（令和4年度）介護福祉士国家試験; 問題: https://drive.google.com/file/d/1UPmhp_s2TKj8kZAWzg-ULmjrK0EhJhPL/view; 正答: https://crie-hukushi.com/info/11780/,,true
2023-35-099,2023,35,99,生活支援技術,次の記述のうち，関節リウマチ（rheumatoid arthritis）のある人が，少ない負担で家事をするための介護福祉職の助言として，最も適切なものを1つ選びなさい。,部屋の掃除をするときは，早朝に行うように勧める。,食器を洗うときは，水を使うように勧める。,テーブルを拭くときは，手掌基部を使うように勧める。,瓶のふたを開けるときは，指先を使うように勧める。,洗濯かごを運ぶときは，片手で持つように勧める。,3,正解は選択肢3「テーブルを拭くときは，手掌基部を使うように勧める。」である。一律に代行せず、本人が安全にできる方法を示して自己決定と残存能力を支える。本人の残存能力を生かし、安定した姿勢、動作の順序、福祉用具、環境調整によって安全と自立を支える。,公益財団法人 社会福祉振興・試験センター 第35回（令和4年度）介護福祉士国家試験; 問題: https://drive.google.com/file/d/1UPmhp_s2TKj8kZAWzg-ULmjrK0EhJhPL/view; 正答: https://crie-hukushi.com/info/11780/,,true
2023-35-100,2023,35,100,生活支援技術,睡眠の環境を整える介護に関する次の記述のうち，最も適切なものを1つ選びなさい。,マットレスは，腰が深く沈む柔らかさのものにする。,枕は，頸部が前屈する高さにする。,寝床内の温度を20℃に調整する。,臭気がこもらないように，寝室の換気をする。,睡眠状態を観察できるように，寝室のドアは開けておく。,4,正解は選択肢4「臭気がこもらないように，寝室の換気をする。」である。この方法は、動作の安定性と本人が持つ力を生かす点で適切である。介助者がすべて行う方法や、不自然な姿勢・動線になる方法は避ける。本人の残存能力を生かし、安定した姿勢、動作の順序、福祉用具、環境調整によって安全と自立を支える。,公益財団法人 社会福祉振興・試験センター 第35回（令和4年度）介護福祉士国家試験; 問題: https://drive.google.com/file/d/1UPmhp_s2TKj8kZAWzg-ULmjrK0EhJhPL/view; 正答: https://crie-hukushi.com/info/11780/,,true
2023-35-101,2023,35,101,生活支援技術,利用者の入眠に向けた介護福祉職の助言として，最も適切なものを1つ選びなさい。,「足をお湯につけて温めてから寝ましょう」,「寝室の照明を，昼光色の蛍光灯に変えましょう」,「布団に入ってから，短く浅い呼吸を繰り返しましょう」,「入眠への習慣は控えましょう」,「寝る前に，汗をかく運動をしましょう」,1,正解は選択肢1「「足をお湯につけて温めてから寝ましょう」」である。この方法は、動作の安定性と本人が持つ力を生かす点で適切である。介助者がすべて行う方法や、不自然な姿勢・動線になる方法は避ける。本人の残存能力を生かし、安定した姿勢、動作の順序、福祉用具、環境調整によって安全と自立を支える。,公益財団法人 社会福祉振興・試験センター 第35回（令和4年度）介護福祉士国家試験; 問題: https://drive.google.com/file/d/1UPmhp_s2TKj8kZAWzg-ULmjrK0EhJhPL/view; 正答: https://crie-hukushi.com/info/11780/,,true
2023-35-102,2023,35,102,生活支援技術,終末期で終日臥床している利用者に対する介護福祉職の対応として，最も適切なものを1つ選びなさい。,入浴時は，肩までお湯につかるように勧める。,息苦しさを訴えたときは，半座位にする。,終日，窓を閉めたままにする。,会話をしないように勧める。,排便時は，息を止めて腹に力を入れるように勧める。,2,正解は選択肢2「息苦しさを訴えたときは，半座位にする。」である。この方法は、動作の安定性と本人が持つ力を生かす点で適切である。介助者がすべて行う方法や、不自然な姿勢・動線になる方法は避ける。本人の残存能力を生かし、安定した姿勢、動作の順序、福祉用具、環境調整によって安全と自立を支える。,公益財団法人 社会福祉振興・試験センター 第35回（令和4年度）介護福祉士国家試験; 問題: https://drive.google.com/file/d/1UPmhp_s2TKj8kZAWzg-ULmjrK0EhJhPL/view; 正答: https://crie-hukushi.com/info/11780/,,true
2023-35-103,2023,35,103,生活支援技術,介護老人福祉施設に入所している利用者の看取りにおける，介護福祉職による家族への支援として，最も適切なものを1つ選びなさい。,利用者の介護は，介護福祉職が最期まで行い，家族には控えてもらう。,利用者の反応がないときには，声をかけることを控えるように伝える。,利用者の死後は，毎日電話をして，家族の状況を確認する。,利用者の死後は，気分を切り替えるように家族を励ます。,家族が悔いが残ると言ったときは，話を聴く。,5,正解は選択肢5「家族が悔いが残ると言ったときは，話を聴く。」である。本人の言葉を遮らずに確認することで、表面の訴えだけでなく背景にあるニーズを把握できる。本人の残存能力を生かし、安定した姿勢、動作の順序、福祉用具、環境調整によって安全と自立を支える。,公益財団法人 社会福祉振興・試験センター 第35回（令和4年度）介護福祉士国家試験; 問題: https://drive.google.com/file/d/1UPmhp_s2TKj8kZAWzg-ULmjrK0EhJhPL/view; 正答: https://crie-hukushi.com/info/11780/,,true
2023-35-104,2023,35,104,生活支援技術,利用者の障害特性に適した福祉用具の選択に関する次の記述のうち，最も適切なものを1つ選びなさい。,言語機能障害の利用者には，ストッキングエイドの使用を勧める。,全盲の利用者には，音声ガイド付き電磁調理器の使用を勧める。,聴覚障害の利用者には，床置き式手すりの使用を勧める。,右片麻痺の利用者には，交互型歩行器の使用を勧める。,肘関節拘縮の利用者には，座位時に体圧分散クッションの使用を勧める。,2,正解は選択肢2「全盲の利用者には，音声ガイド付き電磁調理器の使用を勧める。」である。一律に代行せず、本人が安全にできる方法を示して自己決定と残存能力を支える。本人の残存能力を生かし、安定した姿勢、動作の順序、福祉用具、環境調整によって安全と自立を支える。,公益財団法人 社会福祉振興・試験センター 第35回（令和4年度）介護福祉士国家試験; 問題: https://drive.google.com/file/d/1UPmhp_s2TKj8kZAWzg-ULmjrK0EhJhPL/view; 正答: https://crie-hukushi.com/info/11780/,,true
2023-35-105,2023,35,105,生活支援技術,福祉用具等を安全に使用するための方法として，最も適切なものを1つ選びなさい。,車いすをたたむときは，ブレーキをかけてから行う。,入浴用介助ベルトは，利用者の腰部を真上に持ち上げて使用する。,差し込み便器は，端座位で使用する。,移動用リフトで吊り上げるときは，利用者のからだから手を離して行う。,簡易スロープは，埋め込み工事をして使用する。,1,正解は選択肢1「車いすをたたむときは，ブレーキをかけてから行う。」である。この方法は、動作の安定性と本人が持つ力を生かす点で適切である。介助者がすべて行う方法や、不自然な姿勢・動線になる方法は避ける。本人の残存能力を生かし、安定した姿勢、動作の順序、福祉用具、環境調整によって安全と自立を支える。,公益財団法人 社会福祉振興・試験センター 第35回（令和4年度）介護福祉士国家試験; 問題: https://drive.google.com/file/d/1UPmhp_s2TKj8kZAWzg-ULmjrK0EhJhPL/view; 正答: https://crie-hukushi.com/info/11780/,,true
2023-35-106,2023,35,106,介護過程,介護過程を展開する目的として，最も適切なものを1つ選びなさい。,業務効率を優先する。,医師と連携する。,ケアプランを作成する。,画一的な介護を実現する。,根拠のある介護を実践する。,5,正解は選択肢5「根拠のある介護を実践する。」である。この選択肢は、得られた事実を解釈し、本人の生活課題と目標に結び付ける介護過程の流れに合う。推測と観察事実を分けることが重要である。アセスメント、課題の明確化、計画、実施、評価をつなぎ、本人の満足度や変化を次の支援に反映する。,公益財団法人 社会福祉振興・試験センター 第35回（令和4年度）介護福祉士国家試験; 問題: https://drive.google.com/file/d/1UPmhp_s2TKj8kZAWzg-ULmjrK0EhJhPL/view; 正答: https://crie-hukushi.com/info/11780/,,true
2023-35-107,2023,35,107,介護過程,次のうち，介護過程を展開した結果を評価する項目として，最も優先すべきものを1つ選びなさい。,実施に要した日数,情報収集に要した時間,評価に要した時間,介護福祉職チームの満足度,短期目標の達成度,5,正解は選択肢5「短期目標の達成度」である。この選択肢は、得られた事実を解釈し、本人の生活課題と目標に結び付ける介護過程の流れに合う。推測と観察事実を分けることが重要である。アセスメント、課題の明確化、計画、実施、評価をつなぎ、本人の満足度や変化を次の支援に反映する。,公益財団法人 社会福祉振興・試験センター 第35回（令和4年度）介護福祉士国家試験; 問題: https://drive.google.com/file/d/1UPmhp_s2TKj8kZAWzg-ULmjrK0EhJhPL/view; 正答: https://crie-hukushi.com/info/11780/,,true
2023-35-108,2023,35,108,介護過程,次の記述のうち，居宅サービス計画と訪問介護計画の関係として，最も適切なものを1つ選びなさい。,訪問介護計画を根拠に，居宅サービス計画を作成する。,居宅サービス計画の目標が変更されても，訪問介護計画は見直しをせず継続する。,居宅サービス計画と同じ内容を，訪問介護計画に転記する。,居宅サービス計画の方針に沿って，訪問介護計画を作成する。,訪問介護計画の終了後に，居宅サービス計画を作成する。,4,正解は選択肢4「居宅サービス計画の方針に沿って，訪問介護計画を作成する。」である。この選択肢は、得られた事実を解釈し、本人の生活課題と目標に結び付ける介護過程の流れに合う。推測と観察事実を分けることが重要である。アセスメント、課題の明確化、計画、実施、評価をつなぎ、本人の満足度や変化を次の支援に反映する。,公益財団法人 社会福祉振興・試験センター 第35回（令和4年度）介護福祉士国家試験; 問題: https://drive.google.com/file/d/1UPmhp_s2TKj8kZAWzg-ULmjrK0EhJhPL/view; 正答: https://crie-hukushi.com/info/11780/,,true
2023-35-109,2023,35,109,介護過程,"次の事例を読んで，問題109，問題110について答えなさい。
〔事例〕
Ｌさん（76歳，女性，要介護1）は，自宅で娘と暮らしている。軽度の認知症（dementia）と診断されたが，身体機能に問題はなく，友人との外出を楽しんでいる。ある日，外食の後，自宅近くで保護されたとき，「ここはどこなの」と言った。その後，自宅から出ようとしなくなった。心配した娘が本人と相談して，小規模多機能型居宅介護を利用することになった。利用開始時に，Ｌさんの短期目標を，「外出を楽しめる」と設定した。2週間が過ぎた頃，Ｌさんから，近くのスーパーへの買い物ツアーに参加したいと申し出があった。当日，他の利用者や介護福祉職と笑顔で買い物をする様子が見られた。買い物が終わり，歩いて戻り始めると，笑顔が消え，急に立ち止まった。介護福祉職が声をかけると，「ここはどこなの。どこに行くの」と不安そうに言った。
Ｌさんが急に立ち止まった行動の解釈として，最も適切なものを1つ選びなさい。",買い物ツアー時間の延長の要求,自分のいる場所がわからない不安,休憩したいという訴え,店での介護福祉職の支援に対する不満,一人で帰りたいという訴え,2,正解は選択肢2「自分のいる場所がわからない不安」である。この選択肢は、得られた事実を解釈し、本人の生活課題と目標に結び付ける介護過程の流れに合う。推測と観察事実を分けることが重要である。アセスメント、課題の明確化、計画、実施、評価をつなぎ、本人の満足度や変化を次の支援に反映する。,公益財団法人 社会福祉振興・試験センター 第35回（令和4年度）介護福祉士国家試験; 問題: https://drive.google.com/file/d/1UPmhp_s2TKj8kZAWzg-ULmjrK0EhJhPL/view; 正答: https://crie-hukushi.com/info/11780/,,true
2023-35-110,2023,35,110,介護過程,"次の事例を読んで，問題109，問題110について答えなさい。
〔事例〕
Ｌさん（76歳，女性，要介護1）は，自宅で娘と暮らしている。軽度の認知症（dementia）と診断されたが，身体機能に問題はなく，友人との外出を楽しんでいる。ある日，外食の後，自宅近くで保護されたとき，「ここはどこなの」と言った。その後，自宅から出ようとしなくなった。心配した娘が本人と相談して，小規模多機能型居宅介護を利用することになった。利用開始時に，Ｌさんの短期目標を，「外出を楽しめる」と設定した。2週間が過ぎた頃，Ｌさんから，近くのスーパーへの買い物ツアーに参加したいと申し出があった。当日，他の利用者や介護福祉職と笑顔で買い物をする様子が見られた。買い物が終わり，歩いて戻り始めると，笑顔が消え，急に立ち止まった。介護福祉職が声をかけると，「ここはどこなの。どこに行くの」と不安そうに言った。
Ｌさんの状況から，短期目標と支援内容を見直すためのカンファレンス（conference）が開かれた。
担当する介護福祉職の提案として，最も優先すべきものを1つ選びなさい。",外出先から帰れなくなる不安への対応が必要である。,表情がかたくなったときは帰り道を変更する。,外出する意欲を持つ必要がある。,歩くために身体機能の改善が必要である。,事業所をなじみの生活空間にする。,1,正解は選択肢1「外出先から帰れなくなる不安への対応が必要である。」である。カンファレンスに関係職種・担当者が参加すると、目標、観察事項、支援方法を共通理解にできる。アセスメント、課題の明確化、計画、実施、評価をつなぎ、本人の満足度や変化を次の支援に反映する。,公益財団法人 社会福祉振興・試験センター 第35回（令和4年度）介護福祉士国家試験; 問題: https://drive.google.com/file/d/1UPmhp_s2TKj8kZAWzg-ULmjrK0EhJhPL/view; 正答: https://crie-hukushi.com/info/11780/,,true
2023-35-111,2023,35,111,介護過程,"次の事例を読んで，問題111，問題112について答えなさい。
〔事例〕
Ｍさん（35歳，男性，障害支援区分5）は，脳性麻痺（cerebral palsy）による四肢麻痺で筋緊張がある。日常生活動作は全般に介護が必要であり，電動車いすを使用している。これまで，本人と母親（70歳）の希望で，自宅で二人暮らしを続けてきた。Ｍさんは3年前から，重度訪問介護を利用している。軽度の知的障害があるが，自分の意思を介護者と母親に伝えることができる。相談支援専門員が作成したサービス等利用計画の総合目標は，「やりたいことに挑戦し，生活を充実させる」となっている。Ｍさん自身も，やりたいことを見つけたいと介護福祉職に話していたことから，次の個別支援会議で検討する予定になっていた。ある日，重度訪問介護の利用時，パラリンピックのテレビ中継を見ていたＭさんが，介護福祉職に，「ボール投げるの，おもしろそう」と話した。
次のうち，Ｍさんの発言から，個別支援計画を立案するために，介護福祉職が把握すべき情報として，最も優先すべきものを1つ選びなさい。",競技で使われるボールの種類,話を聞いた介護福祉職の感想,競技に対するＭさんの意向,母親のパラリンピックへの関心,テレビ中継を見ていた時間,3,正解は選択肢3「競技に対するＭさんの意向」である。重度訪問介護は、重度の障害がある人に居宅での介護や外出時の移動支援などを総合的に提供する。アセスメント、課題の明確化、計画、実施、評価をつなぎ、本人の満足度や変化を次の支援に反映する。,公益財団法人 社会福祉振興・試験センター 第35回（令和4年度）介護福祉士国家試験; 問題: https://drive.google.com/file/d/1UPmhp_s2TKj8kZAWzg-ULmjrK0EhJhPL/view; 正答: https://crie-hukushi.com/info/11780/,,true
2023-35-112,2023,35,112,介護過程,"次の事例を読んで，問題111，問題112について答えなさい。
〔事例〕
Ｍさん（35歳，男性，障害支援区分5）は，脳性麻痺（cerebral palsy）による四肢麻痺で筋緊張がある。日常生活動作は全般に介護が必要であり，電動車いすを使用している。これまで，本人と母親（70歳）の希望で，自宅で二人暮らしを続けてきた。Ｍさんは3年前から，重度訪問介護を利用している。軽度の知的障害があるが，自分の意思を介護者と母親に伝えることができる。相談支援専門員が作成したサービス等利用計画の総合目標は，「やりたいことに挑戦し，生活を充実させる」となっている。Ｍさん自身も，やりたいことを見つけたいと介護福祉職に話していたことから，次の個別支援会議で検討する予定になっていた。ある日，重度訪問介護の利用時，パラリンピックのテレビ中継を見ていたＭさんが，介護福祉職に，「ボール投げるの，おもしろそう」と話した。
いくつかのスポーツクラブを見学後，介護福祉職はＭさんから，「このスポーツクラブが近いから，入会前に体験したい」と伝えられた。
Ｍさんへの介護福祉職の対応に関する次の記述のうち，最も適切なものを1つ選びなさい。",筋緊張から回復する訓練を行うように伝える。,母親が決めたスポーツクラブを選ぶように勧める。,スポーツクラブにすぐに入会するように勧める。,意思決定に必要な情報を提供する。,相談支援専門員の許可を得るように勧める。,4,正解は選択肢4「意思決定に必要な情報を提供する。」である。重度訪問介護は、重度の障害がある人に居宅での介護や外出時の移動支援などを総合的に提供する。アセスメント、課題の明確化、計画、実施、評価をつなぎ、本人の満足度や変化を次の支援に反映する。,公益財団法人 社会福祉振興・試験センター 第35回（令和4年度）介護福祉士国家試験; 問題: https://drive.google.com/file/d/1UPmhp_s2TKj8kZAWzg-ULmjrK0EhJhPL/view; 正答: https://crie-hukushi.com/info/11780/,,true
2023-35-113,2023,35,113,介護過程,介護福祉職が事例研究を行う目的として，最も適切なものを1つ選びなさい。,事業所の介護の理念の確認,介護福祉職の能力を調べること,介護過程から介護実践を振り返ること,介護報酬の獲得,介護福祉職自身の満足度の充足,3,正解は選択肢3「介護過程から介護実践を振り返ること」である。この選択肢は、得られた事実を解釈し、本人の生活課題と目標に結び付ける介護過程の流れに合う。推測と観察事実を分けることが重要である。アセスメント、課題の明確化、計画、実施、評価をつなぎ、本人の満足度や変化を次の支援に反映する。,公益財団法人 社会福祉振興・試験センター 第35回（令和4年度）介護福祉士国家試験; 問題: https://drive.google.com/file/d/1UPmhp_s2TKj8kZAWzg-ULmjrK0EhJhPL/view; 正答: https://crie-hukushi.com/info/11780/,,true
2023-35-114,2023,35,114,総合問題,"次の事例を読んで，問題114から問題116までについて答えなさい。
〔事例〕
Ａさん（80歳，女性）は，自宅で一人暮らしをしている。同じ県内に住む娘が，月に一度Ａさんの自宅を訪れている。最近，Ａさんの物忘れが多くなってきたため，不安になった娘が，Ａさんと一緒に病院を受診したところ，医師から，脳の記憶をつかさどる部分が顕著に萎縮したアルツハイマー型認知症（dementia of the Alzheimerʼs type）であると診断された。Ａさんはこのまま自宅で暮らすことを希望し，介護保険の訪問介護（ホームヘルプサービス）を利用しながら一人暮らしを継続することになった。ある日，娘からサービス提供責任者に，今年はＡさんが一人で雪かきができるか不安であると相談があった。そこで，サービス提供責任者が，Ａさんと一緒に地区の民生委員に相談したところ，近所の人たちが雪かきをしてくれることになった。
図は脳を模式的に示したものである。
Ａさんの脳に萎縮が顕著にみられる部位として，最も適切なものを1つ選びなさい。",Ａ,Ｂ,Ｃ,Ｄ,Ｅ,4,正解は選択肢4「Ｄ」である。民生委員は、住民の立場で相談に応じ、必要な援助や関係機関へのつなぎを行う非常勤の地方公務員である。疾患・障害の特徴、本人の希望、家族状況、利用できる社会資源を関連付けて判断する。法令・制度・金額・対象要件は改正されることがあるため、受験時点の最新情報も確認する。,公益財団法人 社会福祉振興・試験センター 第35回（令和4年度）介護福祉士国家試験; 問題: https://drive.google.com/file/d/1UPmhp_s2TKj8kZAWzg-ULmjrK0EhJhPL/view; 正答: https://crie-hukushi.com/info/11780/,,true
2023-35-115,2023,35,115,総合問題,"次の事例を読んで，問題114から問題116までについて答えなさい。
〔事例〕
Ａさん（80歳，女性）は，自宅で一人暮らしをしている。同じ県内に住む娘が，月に一度Ａさんの自宅を訪れている。最近，Ａさんの物忘れが多くなってきたため，不安になった娘が，Ａさんと一緒に病院を受診したところ，医師から，脳の記憶をつかさどる部分が顕著に萎縮したアルツハイマー型認知症（dementia of the Alzheimerʼs type）であると診断された。Ａさんはこのまま自宅で暮らすことを希望し，介護保険の訪問介護（ホームヘルプサービス）を利用しながら一人暮らしを継続することになった。ある日，娘からサービス提供責任者に，今年はＡさんが一人で雪かきができるか不安であると相談があった。そこで，サービス提供責任者が，Ａさんと一緒に地区の民生委員に相談したところ，近所の人たちが雪かきをしてくれることになった。
地域包括ケアシステムにおいて，Ａさんの雪かきの課題への対応を示すものとして，最も適切なものを1つ選びなさい。",自助,互助,介助,扶助,公助,2,正解は選択肢2「互助」である。民生委員は、住民の立場で相談に応じ、必要な援助や関係機関へのつなぎを行う非常勤の地方公務員である。疾患・障害の特徴、本人の希望、家族状況、利用できる社会資源を関連付けて判断する。法令・制度・金額・対象要件は改正されることがあるため、受験時点の最新情報も確認する。,公益財団法人 社会福祉振興・試験センター 第35回（令和4年度）介護福祉士国家試験; 問題: https://drive.google.com/file/d/1UPmhp_s2TKj8kZAWzg-ULmjrK0EhJhPL/view; 正答: https://crie-hukushi.com/info/11780/,,true
2023-35-116,2023,35,116,総合問題,"次の事例を読んで，問題114から問題116までについて答えなさい。
〔事例〕
Ａさん（80歳，女性）は，自宅で一人暮らしをしている。同じ県内に住む娘が，月に一度Ａさんの自宅を訪れている。最近，Ａさんの物忘れが多くなってきたため，不安になった娘が，Ａさんと一緒に病院を受診したところ，医師から，脳の記憶をつかさどる部分が顕著に萎縮したアルツハイマー型認知症（dementia of the Alzheimerʼs type）であると診断された。Ａさんはこのまま自宅で暮らすことを希望し，介護保険の訪問介護（ホームヘルプサービス）を利用しながら一人暮らしを継続することになった。ある日，娘からサービス提供責任者に，今年はＡさんが一人で雪かきができるか不安であると相談があった。そこで，サービス提供責任者が，Ａさんと一緒に地区の民生委員に相談したところ，近所の人たちが雪かきをしてくれることになった。
ある日，訪問介護員（ホームヘルパー）がＡさんの自宅を訪れ，一包化された薬の服薬状況を確認したところ，残薬があった。Ａさんに服薬状況を確認すると，薬を飲んだかどうか，わからなくなることがあるという返答があった。訪問介護員（ホームヘルパー）は，Ａさんとの会話から，日時に関する見当識に問題はないことを確認した。
Ａさんの薬の飲み忘れを防止するための対応として，最も適切なものを1つ選びなさい。",一包化を中止する。,インフォーマルな社会資源の活用は避ける。,お薬カレンダーの使用を提案する。,一人では薬を服用しないように伝える。,薬の飲み忘れに気がついたとき，2回分を服用するように伝える。,3,正解は選択肢3「お薬カレンダーの使用を提案する。」である。民生委員は、住民の立場で相談に応じ、必要な援助や関係機関へのつなぎを行う非常勤の地方公務員である。疾患・障害の特徴、本人の希望、家族状況、利用できる社会資源を関連付けて判断する。,公益財団法人 社会福祉振興・試験センター 第35回（令和4年度）介護福祉士国家試験; 問題: https://drive.google.com/file/d/1UPmhp_s2TKj8kZAWzg-ULmjrK0EhJhPL/view; 正答: https://crie-hukushi.com/info/11780/,,true
2023-35-117,2023,35,117,総合問題,"次の事例を読んで，問題117から問題119までについて答えなさい。
〔事例〕
Ｂさん（75歳，男性，要介護3）は，1年前に脳梗塞（cerebral infarction）を発症し，右片麻痺がある。自宅では，家具や手すりにつかまって，なんとか自力歩行し，外出時は車いすを使用していた。うまく話すことができないこともあるが，他者の話を聞き取って理解することは，問題なくできていて，介護保険サービスを利用しながら，一人で暮らしていた。数か月前から着替えや入浴に介助が必要になり，在宅生活が難しくなったため，1週間前にＵ介護老人福祉施設に入所した。入所時の面談でＢさんは，自分の力で歩きたいという意思を示した。Ｕ介護老人福祉施設では，Ｃ介護福祉士をＢさんの担当者に選定した。Ｃ介護福祉士は，カンファレンス（conference）での意見に基づいて，Ｂさんが，四点杖を使用して，安全に施設内を歩行できることを短期目標とした介護計画を立案した。
入所から2か月が経過した。Ｃ介護福祉士は，Ｂさんの四点杖歩行の様子を観察したところ，左立脚相と比べて，右立脚相が短いことが気になった。Ｂさんの短期目標を達成するために，理学療法士と相談して，転倒予防の観点から，見守り歩行をするときの介護福祉職の位置について，改めて周知することにした。
Ｂさんの四点杖歩行を見守るときに介護福祉職が立つ位置として，最も適切なものを1つ選びなさい。",Ｂさんの右側前方,Ｂさんの右側後方,Ｂさんの真後ろ,Ｂさんの左側前方,Ｂさんの左側後方,2,正解は選択肢2「Ｂさんの右側後方」である。カンファレンスに関係職種・担当者が参加すると、目標、観察事項、支援方法を共通理解にできる。疾患・障害の特徴、本人の希望、家族状況、利用できる社会資源を関連付けて判断する。,公益財団法人 社会福祉振興・試験センター 第35回（令和4年度）介護福祉士国家試験; 問題: https://drive.google.com/file/d/1UPmhp_s2TKj8kZAWzg-ULmjrK0EhJhPL/view; 正答: https://crie-hukushi.com/info/11780/,,true
2023-35-118,2023,35,118,総合問題,"次の事例を読んで，問題117から問題119までについて答えなさい。
〔事例〕
Ｂさん（75歳，男性，要介護3）は，1年前に脳梗塞（cerebral infarction）を発症し，右片麻痺がある。自宅では，家具や手すりにつかまって，なんとか自力歩行し，外出時は車いすを使用していた。うまく話すことができないこともあるが，他者の話を聞き取って理解することは，問題なくできていて，介護保険サービスを利用しながら，一人で暮らしていた。数か月前から着替えや入浴に介助が必要になり，在宅生活が難しくなったため，1週間前にＵ介護老人福祉施設に入所した。入所時の面談でＢさんは，自分の力で歩きたいという意思を示した。Ｕ介護老人福祉施設では，Ｃ介護福祉士をＢさんの担当者に選定した。Ｃ介護福祉士は，カンファレンス（conference）での意見に基づいて，Ｂさんが，四点杖を使用して，安全に施設内を歩行できることを短期目標とした介護計画を立案した。
Ｃ介護福祉士がＢさんとコミュニケーションをとるための方法に関する次の記述のうち，最も適切なものを1つ選びなさい。",補聴器を使用する。,五十音表を使用する。,手話を使う。,大きな声で話しかける。,「はい」「いいえ」で回答できる質問を中心に用いる。,5,正解は選択肢5「「はい」「いいえ」で回答できる質問を中心に用いる。」である。カンファレンスに関係職種・担当者が参加すると、目標、観察事項、支援方法を共通理解にできる。疾患・障害の特徴、本人の希望、家族状況、利用できる社会資源を関連付けて判断する。,公益財団法人 社会福祉振興・試験センター 第35回（令和4年度）介護福祉士国家試験; 問題: https://drive.google.com/file/d/1UPmhp_s2TKj8kZAWzg-ULmjrK0EhJhPL/view; 正答: https://crie-hukushi.com/info/11780/,,true
2023-35-119,2023,35,119,総合問題,"次の事例を読んで，問題117から問題119までについて答えなさい。
〔事例〕
Ｂさん（75歳，男性，要介護3）は，1年前に脳梗塞（cerebral infarction）を発症し，右片麻痺がある。自宅では，家具や手すりにつかまって，なんとか自力歩行し，外出時は車いすを使用していた。うまく話すことができないこともあるが，他者の話を聞き取って理解することは，問題なくできていて，介護保険サービスを利用しながら，一人で暮らしていた。数か月前から着替えや入浴に介助が必要になり，在宅生活が難しくなったため，1週間前にＵ介護老人福祉施設に入所した。入所時の面談でＢさんは，自分の力で歩きたいという意思を示した。Ｕ介護老人福祉施設では，Ｃ介護福祉士をＢさんの担当者に選定した。Ｃ介護福祉士は，カンファレンス（conference）での意見に基づいて，Ｂさんが，四点杖を使用して，安全に施設内を歩行できることを短期目標とした介護計画を立案した。
入所から3か月後，Ｃ介護福祉士は，Ｂさんの四点杖歩行が安定してきたことを確認して介護計画を見直すことにした。Ｃ介護福祉士がＢさんに，今後の生活について確認したところ，居室から食堂まで，四点杖で一人で歩けるようになりたいと思っていることがわかった。
Ｂさんの現在の希望に沿って介護計画を見直すときに，最も優先すべきものを1つ選びなさい。",生活場面の中で歩行する機会を増やす。,評価日は設定しない。,ほかの利用者と一緒に実施できる内容にする。,他者との交流を目標にする。,歩行練習を行う時間は，出勤している職員が決めるようにする。,1,正解は選択肢1「生活場面の中で歩行する機会を増やす。」である。カンファレンスに関係職種・担当者が参加すると、目標、観察事項、支援方法を共通理解にできる。疾患・障害の特徴、本人の希望、家族状況、利用できる社会資源を関連付けて判断する。,公益財団法人 社会福祉振興・試験センター 第35回（令和4年度）介護福祉士国家試験; 問題: https://drive.google.com/file/d/1UPmhp_s2TKj8kZAWzg-ULmjrK0EhJhPL/view; 正答: https://crie-hukushi.com/info/11780/,,true
2023-35-120,2023,35,120,総合問題,"次の事例を読んで，問題120から問題122までについて答えなさい。
〔事例〕
Ｄさん（38歳，男性，障害支援区分3）は，1年前に脳梗塞（cerebral infarction）を発症し左片麻痺となった。後遺症として左同名半盲，失行もみられる。現在は週3回，居宅介護を利用しながら妻と二人で生活している。ある日，上着の袖に頭を入れようとしているＤさんに介護福祉職が声をかけると，「どうすればよいかわからない」と答えた。普段は妻がＤさんの着替えを手伝っている。食事はスプーンを使用して自分で食べるが，左側にある食べ物を残すことがある。Ｄさんは，「左側が見づらい。動いているものにもすぐに反応ができない」と話した。最近は，日常生活の中で，少しずつできることが増えてきた。Ｄさんは，「人と交流する機会を増やしたい。また，簡単な生産活動ができるようなところに行きたい」と介護福祉職に相談した。
Ｄさんにみられた失行として，適切なものを1つ選びなさい。",構成失行,観念失行,着衣失行,顔面失行,観念運動失行,3,正解は選択肢3「着衣失行」である。この選択肢は、事例に示された症状、本人の希望、生活環境を同時に満たす。単独の情報ではなく、事例中の根拠を複数結び付けて判断する。疾患・障害の特徴、本人の希望、家族状況、利用できる社会資源を関連付けて判断する。,公益財団法人 社会福祉振興・試験センター 第35回（令和4年度）介護福祉士国家試験; 問題: https://drive.google.com/file/d/1UPmhp_s2TKj8kZAWzg-ULmjrK0EhJhPL/view; 正答: https://crie-hukushi.com/info/11780/,,true
2023-35-121,2023,35,121,総合問題,"次の事例を読んで，問題120から問題122までについて答えなさい。
〔事例〕
Ｄさん（38歳，男性，障害支援区分3）は，1年前に脳梗塞（cerebral infarction）を発症し左片麻痺となった。後遺症として左同名半盲，失行もみられる。現在は週3回，居宅介護を利用しながら妻と二人で生活している。ある日，上着の袖に頭を入れようとしているＤさんに介護福祉職が声をかけると，「どうすればよいかわからない」と答えた。普段は妻がＤさんの着替えを手伝っている。食事はスプーンを使用して自分で食べるが，左側にある食べ物を残すことがある。Ｄさんは，「左側が見づらい。動いているものにもすぐに反応ができない」と話した。最近は，日常生活の中で，少しずつできることが増えてきた。Ｄさんは，「人と交流する機会を増やしたい。また，簡単な生産活動ができるようなところに行きたい」と介護福祉職に相談した。
Ｄさんへの食事の支援に関する次の記述のうち，最も適切なものを1つ選びなさい。",食事の量を少なくする。,テーブルを高くする。,スプーンを持つ手を介助する。,バネつき箸に替える。,食事を本人から見て右寄りに配膳する。,5,正解は選択肢5「食事を本人から見て右寄りに配膳する。」である。この選択肢は、事例に示された症状、本人の希望、生活環境を同時に満たす。単独の情報ではなく、事例中の根拠を複数結び付けて判断する。疾患・障害の特徴、本人の希望、家族状況、利用できる社会資源を関連付けて判断する。,公益財団法人 社会福祉振興・試験センター 第35回（令和4年度）介護福祉士国家試験; 問題: https://drive.google.com/file/d/1UPmhp_s2TKj8kZAWzg-ULmjrK0EhJhPL/view; 正答: https://crie-hukushi.com/info/11780/,,true
2023-35-122,2023,35,122,総合問題,"次の事例を読んで，問題120から問題122までについて答えなさい。
〔事例〕
Ｄさん（38歳，男性，障害支援区分3）は，1年前に脳梗塞（cerebral infarction）を発症し左片麻痺となった。後遺症として左同名半盲，失行もみられる。現在は週3回，居宅介護を利用しながら妻と二人で生活している。ある日，上着の袖に頭を入れようとしているＤさんに介護福祉職が声をかけると，「どうすればよいかわからない」と答えた。普段は妻がＤさんの着替えを手伝っている。食事はスプーンを使用して自分で食べるが，左側にある食べ物を残すことがある。Ｄさんは，「左側が見づらい。動いているものにもすぐに反応ができない」と話した。最近は，日常生活の中で，少しずつできることが増えてきた。Ｄさんは，「人と交流する機会を増やしたい。また，簡単な生産活動ができるようなところに行きたい」と介護福祉職に相談した。
介護福祉職は，Ｄさんに生産活動ができるサービスの利用を提案したいと考えている。
次のうち，Ｄさんの発言内容に合う障害福祉サービスとして，最も適切なものを1つ選びなさい。",就労継続支援Ａ型での活動,地域活動支援センターの利用,療養介護,就労定着支援,相談支援事業の利用,2,正解は選択肢2「地域活動支援センターの利用」である。この選択肢は、事例に示された症状、本人の希望、生活環境を同時に満たす。単独の情報ではなく、事例中の根拠を複数結び付けて判断する。疾患・障害の特徴、本人の希望、家族状況、利用できる社会資源を関連付けて判断する。,公益財団法人 社会福祉振興・試験センター 第35回（令和4年度）介護福祉士国家試験; 問題: https://drive.google.com/file/d/1UPmhp_s2TKj8kZAWzg-ULmjrK0EhJhPL/view; 正答: https://crie-hukushi.com/info/11780/,,true
2023-35-123,2023,35,123,総合問題,"次の事例を読んで，問題123から問題125までについて答えなさい。
〔事例〕
Ｅさん（35歳，男性）は，自閉症スペクトラム障害（autism spectrum disorder）があり，Ｖ障害者支援施設の生活介護と施設入所支援を利用している。Ｅさんは，毎日のスケジュールを決め，規則や時間を守ってプログラムに参加しているが，周りの人や物事に関心が向かず，予定外の行動や集団行動はとりづらい。コミュニケーションは，話すよりも絵や文字を示したほうが伝わりやすい。Ｅさんが利用するＶ障害者支援施設では，就労継続支援事業も行っている。災害が起こったときに様々な配慮が必要な利用者がいるため，施設として防災対策に力を入れている。また，通所している利用者も多いので，Ｖ障害者支援施設は市の福祉避難所として指定を受けている。
Ｅさんのストレングス（strength）に関する次の記述のうち，最も適切なものを1つ選びなさい。",行動力があり，すぐに動く。,自分で決めたことを継続する。,新しいことを思いつく。,コミュニケーション力が高い。,いろいろなことに興味がもてる。,2,正解は選択肢2「自分で決めたことを継続する。」である。福祉避難所は、一般避難所での生活が難しい要配慮者を受け入れるため、対象者・物資・人員・役割を平時から想定する。疾患・障害の特徴、本人の希望、家族状況、利用できる社会資源を関連付けて判断する。法令・制度・金額・対象要件は改正されることがあるため、受験時点の最新情報も確認する。,公益財団法人 社会福祉振興・試験センター 第35回（令和4年度）介護福祉士国家試験; 問題: https://drive.google.com/file/d/1UPmhp_s2TKj8kZAWzg-ULmjrK0EhJhPL/view; 正答: https://crie-hukushi.com/info/11780/,,true
2023-35-124,2023,35,124,総合問題,"次の事例を読んで，問題123から問題125までについて答えなさい。
〔事例〕
Ｅさん（35歳，男性）は，自閉症スペクトラム障害（autism spectrum disorder）があり，Ｖ障害者支援施設の生活介護と施設入所支援を利用している。Ｅさんは，毎日のスケジュールを決め，規則や時間を守ってプログラムに参加しているが，周りの人や物事に関心が向かず，予定外の行動や集団行動はとりづらい。コミュニケーションは，話すよりも絵や文字を示したほうが伝わりやすい。Ｅさんが利用するＶ障害者支援施設では，就労継続支援事業も行っている。災害が起こったときに様々な配慮が必要な利用者がいるため，施設として防災対策に力を入れている。また，通所している利用者も多いので，Ｖ障害者支援施設は市の福祉避難所として指定を受けている。
Ｖ障害者支援施設では定期的に災害に備えた避難訓練を行っている。
Ｅさんの特性を考慮して実施する避難訓練に関する次の記述のうち，最も適切なものを1つ選びなさい。",災害時に使用する意思伝達のイラストを用意する。,避難生活を想定して，食事等の日課を集団で行えるようにする。,予告せずに避難訓練を行う。,Ｅさんの避難訓練は単独で行う。,避難を援助する人によってＥさんへの対応を変える。,1,正解は選択肢1「災害時に使用する意思伝達のイラストを用意する。」である。福祉避難所は、一般避難所での生活が難しい要配慮者を受け入れるため、対象者・物資・人員・役割を平時から想定する。疾患・障害の特徴、本人の希望、家族状況、利用できる社会資源を関連付けて判断する。法令・制度・金額・対象要件は改正されることがあるため、受験時点の最新情報も確認する。,公益財団法人 社会福祉振興・試験センター 第35回（令和4年度）介護福祉士国家試験; 問題: https://drive.google.com/file/d/1UPmhp_s2TKj8kZAWzg-ULmjrK0EhJhPL/view; 正答: https://crie-hukushi.com/info/11780/,,true
2023-35-125,2023,35,125,総合問題,"次の事例を読んで，問題123から問題125までについて答えなさい。
〔事例〕
Ｅさん（35歳，男性）は，自閉症スペクトラム障害（autism spectrum disorder）があり，Ｖ障害者支援施設の生活介護と施設入所支援を利用している。Ｅさんは，毎日のスケジュールを決め，規則や時間を守ってプログラムに参加しているが，周りの人や物事に関心が向かず，予定外の行動や集団行動はとりづらい。コミュニケーションは，話すよりも絵や文字を示したほうが伝わりやすい。Ｅさんが利用するＶ障害者支援施設では，就労継続支援事業も行っている。災害が起こったときに様々な配慮が必要な利用者がいるため，施設として防災対策に力を入れている。また，通所している利用者も多いので，Ｖ障害者支援施設は市の福祉避難所として指定を受けている。
Ｖ障害者支援施設が，災害発生に備えて取り組む活動として，最も適切なものを1つ選びなさい。",事前に受け入れ対象者を確認しておく。,災害派遣医療チーム（ＤＭＡＴ）と支援人員確保契約を結ぶ。,職員の役割分担は，状況に応じてその場で決める。,要配慮者のサービス等利用計画を作成する。,要配慮者に自分で避難するように促す。,1,正解は選択肢1「事前に受け入れ対象者を確認しておく。」である。福祉避難所は、一般避難所での生活が難しい要配慮者を受け入れるため、対象者・物資・人員・役割を平時から想定する。実施前に本人の状態や環境を確認し、得られた情報に基づいて次の対応を選ぶ。疾患・障害の特徴、本人の希望、家族状況、利用できる社会資源を関連付けて判断する。法令・制度・金額・対象要件は改正されることがあるため、受験時点の最新情報も確認する。,公益財団法人 社会福祉振興・試験センター 第35回（令和4年度）介護福祉士国家試験; 問題: https://drive.google.com/file/d/1UPmhp_s2TKj8kZAWzg-ULmjrK0EhJhPL/view; 正答: https://crie-hukushi.com/info/11780/,,true
